<kml xmlns="http://www.opengis.net/kml/2.2" xmlns:atom="http://www.w3.org/2005/Atom" xmlns:gx="http://www.google.com/kml/ext/2.2">
  <Document>
    <Style id="QueryArea">
      <LineStyle>
        <color>ffc0c000</color>
        <width>3</width>
      </LineStyle>
      <PolyStyle>
        <color>80ffffaa</color>
      </PolyStyle>
    </Style>
    <Style id="F3548v21Accepted">
      <LineStyle>
        <color>ff00c000</color>
        <width>3</width>
      </LineStyle>
      <PolyStyle>
        <color>80c0c0c0</color>
      </PolyStyle>
    </Style>
    <Style id="F3548v21Activated">
      <LineStyle>
        <color>ff00c000</color>
        <width>3</width>
      </LineStyle>
      <PolyStyle>
        <color>8000ff00</color>
      </PolyStyle>
    </Style>
    <Style id="F3548v21Nonconforming">
      <LineStyle>
        <color>ff00ffff</color>
        <width>5</width>
      </LineStyle>
      <PolyStyle>
        <color>8000ffff</color>
      </PolyStyle>
    </Style>
    <Style id="F3548v21Contingent">
      <LineStyle>
        <color>ff0000ff</color>
        <width>5</width>
      </LineStyle>
      <PolyStyle>
        <color>80ff0000ff</color>
      </PolyStyle>
    </Style>
    <Style id="F3548v21AcceptedFuture">
      <LineStyle>
        <color>80c0c0c0</color>
        <width>1</width>
      </LineStyle>
      <PolyStyle>
        <color>00000000</color>
      </PolyStyle>
    </Style>
    <Style id="F3548v21ActivatedFuture">
      <LineStyle>
        <color>8040c040</color>
        <width>1</width>
      </LineStyle>
      <PolyStyle>
        <color>00000000</color>
      </PolyStyle>
    </Style>
    <Style id="F3548v21NonconformingFuture">
      <LineStyle>
        <color>8000ffff</color>
        <width>1</width>
      </LineStyle>
      <PolyStyle>
        <color>00000000</color>
      </PolyStyle>
    </Style>
    <Style id="F3548v21ContingentFuture">
      <LineStyle>
        <color>80ff0000ff</color>
        <width>1</width>
      </LineStyle>
      <PolyStyle>
        <color>00000000</color>
      </PolyStyle>
    </Style>
    <Style id="Planned_Nominal">
      <LineStyle>
        <color>ff00c000</color>
        <width>3</width>
      </LineStyle>
      <PolyStyle>
        <color>80808080</color>
      </PolyStyle>
    </Style>
    <Style id="InUse_Nominal">
      <LineStyle>
        <color>ff00c000</color>
        <width>3</width>
      </LineStyle>
      <PolyStyle>
        <color>8000ff00</color>
      </PolyStyle>
    </Style>
    <Style id="InUse_OffNominal">
      <LineStyle>
        <color>ff00ffff</color>
        <width>5</width>
      </LineStyle>
      <PolyStyle>
        <color>8000ff00</color>
      </PolyStyle>
    </Style>
    <Style id="InUse_Contingent">
      <LineStyle>
        <color>ff0000ff</color>
        <width>5</width>
      </LineStyle>
      <PolyStyle>
        <color>8000ff00</color>
      </PolyStyle>
    </Style>
    <Style id="unmodifiedtelemetry">
      <IconStyle>
        <scale>1.4</scale>
        <Icon>
          <href>http://maps.google.com/mapfiles/kml/shapes/placemark_circle.png</href>
        </Icon>
      </IconStyle>
    </Style>
    <Style id="modifiedtelemetry">
      <IconStyle>
        <scale>1.4</scale>
        <Icon>
          <href>http://maps.google.com/mapfiles/kml/shapes/placemark_square.png</href>
        </Icon>
      </IconStyle>
    </Style>
    <Style id="aircraft">
      <IconStyle>
        <scale>1.4</scale>
        <Icon>
          <href>http://maps.google.com/mapfiles/kml/shapes/airports.png</href>
        </Icon>
      </IconStyle>
    </Style>
    <Folder>
      <name>Nominal planning: conflict with higher priority</name>
      <Folder>
        <name>Prerequisites check</name>
        <Folder>
          <name>Verify area is clear</name>
          <Folder>
            <name>E3: uss1 astm.f3548.v21.dss.queryOperationalIntentReferences</name>
            <Placemark>
              <name>area_of_interest</name>
              <styleUrl>#QueryArea</styleUrl>
              <description><![CDATA[(no operational intent references found)]]></description>
              <TimeSpan>
                <begin>2026-10-07T03:44:58.786697+00:00</begin>
                <end>2026-10-07T05:14:59.786697+00:00</end>
              </TimeSpan>
              <MultiGeometry>
                <Polygon>
                  <altitudeMode>absolute</altitudeMode>
                  <outerBoundaryIs>
                    <LinearRing>
                      <coordinates>7.477045799310559,47.06513961490564,526.344242719349 7.477045799310559,47.0659196179747,526.344242719349 7.478107593947205,47.0659196179747,526.344242719349 7.478107593947205,47.06513961490564,526.344242719349</coordinates>
                    </LinearRing>
                  </outerBoundaryIs>
                </Polygon>
                <Polygon>
                  <altitudeMode>absolute</altitudeMode>
                  <outerBoundaryIs>
                    <LinearRing>
                      <coordinates>7.477045799310559,47.06513961490564,606.394242719349 7.477045799310559,47.0659196179747,606.394242719349 7.478107593947205,47.0659196179747,606.394242719349 7.478107593947205,47.06513961490564,606.394242719349</coordinates>
                    </LinearRing>
                  </outerBoundaryIs>
                </Polygon>
                <Polygon>
                  <altitudeMode>absolute</altitudeMode>
                  <outerBoundaryIs>
                    <LinearRing>
                      <coordinates>7.477045799310559,47.06513961490564,526.344242719349 7.477045799310559,47.06513961490564,606.394242719349 7.477045799310559,47.0659196179747,606.394242719349 7.477045799310559,47.0659196179747,526.344242719349</coordinates>
                    </LinearRing>
                  </outerBoundaryIs>
                </Polygon>
                <Polygon>
                  <altitudeMode>absolute</altitudeMode>
                  <outerBoundaryIs>
                    <LinearRing>
                      <coordinates>7.477045799310559,47.0659196179747,526.344242719349 7.477045799310559,47.0659196179747,606.394242719349 7.478107593947205,47.0659196179747,606.394242719349 7.478107593947205,47.0659196179747,526.344242719349</coordinates>
                    </LinearRing>
                  </outerBoundaryIs>
                </Polygon>
                <Polygon>
                  <altitudeMode>absolute</altitudeMode>
                  <outerBoundaryIs>
                    <LinearRing>
                      <coordinates>7.478107593947205,47.0659196179747,526.344242719349 7.478107593947205,47.0659196179747,606.394242719349 7.478107593947205,47.06513961490564,606.394242719349 7.478107593947205,47.06513961490564,526.344242719349</coordinates>
                    </LinearRing>
                  </outerBoundaryIs>
                </Polygon>
                <Polygon>
                  <altitudeMode>absolute</altitudeMode>
                  <outerBoundaryIs>
                    <LinearRing>
                      <coordinates>7.478107593947205,47.06513961490564,526.344242719349 7.478107593947205,47.06513961490564,606.394242719349 7.477045799310559,47.06513961490564,606.394242719349 7.477045799310559,47.06513961490564,526.344242719349</coordinates>
                    </LinearRing>
                  </outerBoundaryIs>
                </Polygon>
              </MultiGeometry>
            </Placemark>
          </Folder>
        </Folder>
      </Folder>
      <Folder>
        <name>Attempt to plan flight in conflict</name>
        <Folder>
          <name>Plan Flight 2</name>
          <Folder>
            <name>E6: uss1 astm.f3548.v21.dss.queryOperationalIntentReferences</name>
            <Placemark>
              <name>area_of_interest</name>
              <styleUrl>#QueryArea</styleUrl>
              <description><![CDATA[(no operational intent references found)]]></description>
              <TimeSpan>
                <begin>2026-10-07T03:44:58.865650+00:00</begin>
                <end>2026-10-07T04:29:59.865650+00:00</end>
              </TimeSpan>
              <MultiGeometry>
                <Polygon>
                  <altitudeMode>absolute</altitudeMode>
                  <outerBoundaryIs>
                    <LinearRing>
                      <coordinates>7.477045799310559,47.06517082637769,555.3239494274349 7.477045799310559,47.0659196179747,555.3239494274349 7.477627920960395,47.0659196179747,555.3239494274349 7.477627920960395,47.06517082637769,555.3239494274349</coordinates>
                    </LinearRing>
                  </outerBoundaryIs>
                </Polygon>
                <Polygon>
                  <altitudeMode>absolute</altitudeMode>
                  <outerBoundaryIs>
                    <LinearRing>
                      <coordinates>7.477045799310559,47.06517082637769,584.393949427435 7.477045799310559,47.0659196179747,584.393949427435 7.477627920960395,47.0659196179747,584.393949427435 7.477627920960395,47.06517082637769,584.393949427435</coordinates>
                    </LinearRing>
                  </outerBoundaryIs>
                </Polygon>
                <Polygon>
                  <altitudeMode>absolute</altitudeMode>
                  <outerBoundaryIs>
                    <LinearRing>
                      <coordinates>7.477045799310559,47.06517082637769,555.3239494274349 7.477045799310559,47.06517082637769,584.393949427435 7.477045799310559,47.0659196179747,584.393949427435 7.477045799310559,47.0659196179747,555.3239494274349</coordinates>
                    </LinearRing>
                  </outerBoundaryIs>
                </Polygon>
                <Polygon>
                  <altitudeMode>absolute</altitudeMode>
                  <outerBoundaryIs>
                    <LinearRing>
                      <coordinates>7.477045799310559,47.0659196179747,555.3239494274349 7.477045799310559,47.0659196179747,584.393949427435 7.477627920960395,47.0659196179747,584.393949427435 7.477627920960395,47.0659196179747,555.3239494274349</coordinates>
                    </LinearRing>
                  </outerBoundaryIs>
                </Polygon>
                <Polygon>
                  <altitudeMode>absolute</altitudeMode>
                  <outerBoundaryIs>
                    <LinearRing>
                      <coordinates>7.477627920960395,47.0659196179747,555.3239494274349 7.477627920960395,47.0659196179747,584.393949427435 7.477627920960395,47.06517082637769,584.393949427435 7.477627920960395,47.06517082637769,555.3239494274349</coordinates>
                    </LinearRing>
                  </outerBoundaryIs>
                </Polygon>
                <Polygon>
                  <altitudeMode>absolute</altitudeMode>
                  <outerBoundaryIs>
                    <LinearRing>
                      <coordinates>7.477627920960395,47.06517082637769,555.3239494274349 7.477627920960395,47.06517082637769,584.393949427435 7.477045799310559,47.06517082637769,584.393949427435 7.477045799310559,47.06517082637769,555.3239494274349</coordinates>
                    </LinearRing>
                  </outerBoundaryIs>
                </Polygon>
              </MultiGeometry>
            </Placemark>
          </Folder>
          <Folder>
            <name>E8: uss1 interuss.automated_testing.flight_planning.v1.UpsertFlightPlan</name>
            <Folder>
              <name>Activity Completed, flight Planned</name>
              <Placemark>
                <name>Volume 0</name>
                <styleUrl>#Planned_Nominal</styleUrl>
                <TimeSpan>
                  <begin>2026-10-07T03:44:58.865650+00:00</begin>
                  <end>2026-10-07T04:29:59.865650+00:00</end>
                </TimeSpan>
                <MultiGeometry>
                  <Polygon>
                    <altitudeMode>absolute</altitudeMode>
                    <outerBoundaryIs>
                      <LinearRing>
                        <coordinates>7.477045799310559,47.065631449659406,555.3239581809179 7.477301456393047,47.06517082637769,555.3239581809179 7.477627920960395,47.06555883284356,555.3239581809179 7.477363934315723,47.0659196179747,555.3239581809179</coordinates>
                      </LinearRing>
                    </outerBoundaryIs>
                  </Polygon>
                  <Polygon>
                    <altitudeMode>absolute</altitudeMode>
                    <outerBoundaryIs>
                      <LinearRing>
                        <coordinates>7.477045799310559,47.065631449659406,584.3939581809179 7.477301456393047,47.06517082637769,584.3939581809179 7.477627920960395,47.06555883284356,584.3939581809179 7.477363934315723,47.0659196179747,584.3939581809179</coordinates>
                      </LinearRing>
                    </outerBoundaryIs>
                  </Polygon>
                  <Polygon>
                    <altitudeMode>absolute</altitudeMode>
                    <outerBoundaryIs>
                      <LinearRing>
                        <coordinates>7.477045799310559,47.065631449659406,555.3239581809179 7.477045799310559,47.065631449659406,584.3939581809179 7.477301456393047,47.06517082637769,584.3939581809179 7.477301456393047,47.06517082637769,555.3239581809179</coordinates>
                      </LinearRing>
                    </outerBoundaryIs>
                  </Polygon>
                  <Polygon>
                    <altitudeMode>absolute</altitudeMode>
                    <outerBoundaryIs>
                      <LinearRing>
                        <coordinates>7.477301456393047,47.06517082637769,555.3239581809179 7.477301456393047,47.06517082637769,584.3939581809179 7.477627920960395,47.06555883284356,584.3939581809179 7.477627920960395,47.06555883284356,555.3239581809179</coordinates>
                      </LinearRing>
                    </outerBoundaryIs>
                  </Polygon>
                  <Polygon>
                    <altitudeMode>absolute</altitudeMode>
                    <outerBoundaryIs>
                      <LinearRing>
                        <coordinates>7.477627920960395,47.06555883284356,555.3239581809179 7.477627920960395,47.06555883284356,584.3939581809179 7.477363934315723,47.0659196179747,584.3939581809179 7.477363934315723,47.0659196179747,555.3239581809179</coordinates>
                      </LinearRing>
                    </outerBoundaryIs>
                  </Polygon>
                  <Polygon>
                    <altitudeMode>absolute</altitudeMode>
                    <outerBoundaryIs>
                      <LinearRing>
                        <coordinates>7.477363934315723,47.0659196179747,555.3239581809179 7.477363934315723,47.0659196179747,584.3939581809179 7.477045799310559,47.065631449659406,584.3939581809179 7.477045799310559,47.065631449659406,555.3239581809179</coordinates>
                      </LinearRing>
                    </outerBoundaryIs>
                  </Polygon>
                </MultiGeometry>
              </Placemark>
            </Folder>
          </Folder>
          <Folder>
            <name>E12: uss1 astm.f3548.v21.dss.queryOperationalIntentReferences</name>
            <Placemark>
              <name>area_of_interest</name>
              <styleUrl>#QueryArea</styleUrl>
              <description><![CDATA[<ul><li>uss1's Accepted 7e9b169c-4113-4893-b03e-791f7f6d4a52[1]</li></ul>]]></description>
              <TimeSpan>
                <begin>2026-10-07T03:44:58.865650+00:00</begin>
                <end>2026-10-07T04:29:59.865650+00:00</end>
              </TimeSpan>
              <MultiGeometry>
                <Polygon>
                  <altitudeMode>absolute</altitudeMode>
                  <outerBoundaryIs>
                    <LinearRing>
                      <coordinates>7.477045799310559,47.06517082637769,555.3239494274349 7.477045799310559,47.0659196179747,555.3239494274349 7.477627920960395,47.0659196179747,555.3239494274349 7.477627920960395,47.06517082637769,555.3239494274349</coordinates>
                    </LinearRing>
                  </outerBoundaryIs>
                </Polygon>
                <Polygon>
                  <altitudeMode>absolute</altitudeMode>
                  <outerBoundaryIs>
                    <LinearRing>
                      <coordinates>7.477045799310559,47.06517082637769,584.393949427435 7.477045799310559,47.0659196179747,584.393949427435 7.477627920960395,47.0659196179747,584.393949427435 7.477627920960395,47.06517082637769,584.393949427435</coordinates>
                    </LinearRing>
                  </outerBoundaryIs>
                </Polygon>
                <Polygon>
                  <altitudeMode>absolute</altitudeMode>
                  <outerBoundaryIs>
                    <LinearRing>
                      <coordinates>7.477045799310559,47.06517082637769,555.3239494274349 7.477045799310559,47.06517082637769,584.393949427435 7.477045799310559,47.0659196179747,584.393949427435 7.477045799310559,47.0659196179747,555.3239494274349</coordinates>
                    </LinearRing>
                  </outerBoundaryIs>
                </Polygon>
                <Polygon>
                  <altitudeMode>absolute</altitudeMode>
                  <outerBoundaryIs>
                    <LinearRing>
                      <coordinates>7.477045799310559,47.0659196179747,555.3239494274349 7.477045799310559,47.0659196179747,584.393949427435 7.477627920960395,47.0659196179747,584.393949427435 7.477627920960395,47.0659196179747,555.3239494274349</coordinates>
                    </LinearRing>
                  </outerBoundaryIs>
                </Polygon>
                <Polygon>
                  <altitudeMode>absolute</altitudeMode>
                  <outerBoundaryIs>
                    <LinearRing>
                      <coordinates>7.477627920960395,47.0659196179747,555.3239494274349 7.477627920960395,47.0659196179747,584.393949427435 7.477627920960395,47.06517082637769,584.393949427435 7.477627920960395,47.06517082637769,555.3239494274349</coordinates>
                    </LinearRing>
                  </outerBoundaryIs>
                </Polygon>
                <Polygon>
                  <altitudeMode>absolute</altitudeMode>
                  <outerBoundaryIs>
                    <LinearRing>
                      <coordinates>7.477627920960395,47.06517082637769,555.3239494274349 7.477627920960395,47.06517082637769,584.393949427435 7.477045799310559,47.06517082637769,584.393949427435 7.477045799310559,47.06517082637769,555.3239494274349</coordinates>
                    </LinearRing>
                  </outerBoundaryIs>
                </Polygon>
              </MultiGeometry>
            </Placemark>
          </Folder>
          <Folder>
            <name>E16: uss1 astm.f3548.v21.uss.getOperationalIntentDetails</name>
            <Folder>
              <name>uss1's P100 Accepted 7e9b169c-4113-4893-b03e-791f7f6d4a52[1] @ GdQfM-BAvo32A4B5Sy-6Z.A4H3ioNs.GP.TU6YscABo_</name>
              <Placemark>
                <name>Nominal volume 0</name>
                <styleUrl>#F3548v21Accepted</styleUrl>
                <TimeSpan>
                  <begin>2026-10-07T03:44:59.890590+00:00</begin>
                  <end>2026-10-07T04:29:59.865650+00:00</end>
                </TimeSpan>
                <MultiGeometry>
                  <Polygon>
                    <altitudeMode>absolute</altitudeMode>
                    <outerBoundaryIs>
                      <LinearRing>
                        <coordinates>7.477045799310559,47.065631449659406,555.3239581809179 7.477301456393047,47.06517082637769,555.3239581809179 7.477627920960395,47.06555883284356,555.3239581809179 7.477363934315723,47.0659196179747,555.3239581809179</coordinates>
                      </LinearRing>
                    </outerBoundaryIs>
                  </Polygon>
                  <Polygon>
                    <altitudeMode>absolute</altitudeMode>
                    <outerBoundaryIs>
                      <LinearRing>
                        <coordinates>7.477045799310559,47.065631449659406,584.3939581809179 7.477301456393047,47.06517082637769,584.3939581809179 7.477627920960395,47.06555883284356,584.3939581809179 7.477363934315723,47.0659196179747,584.3939581809179</coordinates>
                      </LinearRing>
                    </outerBoundaryIs>
                  </Polygon>
                  <Polygon>
                    <altitudeMode>absolute</altitudeMode>
                    <outerBoundaryIs>
                      <LinearRing>
                        <coordinates>7.477045799310559,47.065631449659406,555.3239581809179 7.477045799310559,47.065631449659406,584.3939581809179 7.477301456393047,47.06517082637769,584.3939581809179 7.477301456393047,47.06517082637769,555.3239581809179</coordinates>
                      </LinearRing>
                    </outerBoundaryIs>
                  </Polygon>
                  <Polygon>
                    <altitudeMode>absolute</altitudeMode>
                    <outerBoundaryIs>
                      <LinearRing>
                        <coordinates>7.477301456393047,47.06517082637769,555.3239581809179 7.477301456393047,47.06517082637769,584.3939581809179 7.477627920960395,47.06555883284356,584.3939581809179 7.477627920960395,47.06555883284356,555.3239581809179</coordinates>
                      </LinearRing>
                    </outerBoundaryIs>
                  </Polygon>
                  <Polygon>
                    <altitudeMode>absolute</altitudeMode>
                    <outerBoundaryIs>
                      <LinearRing>
                        <coordinates>7.477627920960395,47.06555883284356,555.3239581809179 7.477627920960395,47.06555883284356,584.3939581809179 7.477363934315723,47.0659196179747,584.3939581809179 7.477363934315723,47.0659196179747,555.3239581809179</coordinates>
                      </LinearRing>
                    </outerBoundaryIs>
                  </Polygon>
                  <Polygon>
                    <altitudeMode>absolute</altitudeMode>
                    <outerBoundaryIs>
                      <LinearRing>
                        <coordinates>7.477363934315723,47.0659196179747,555.3239581809179 7.477363934315723,47.0659196179747,584.3939581809179 7.477045799310559,47.065631449659406,584.3939581809179 7.477045799310559,47.065631449659406,555.3239581809179</coordinates>
                      </LinearRing>
                    </outerBoundaryIs>
                  </Polygon>
                </MultiGeometry>
              </Placemark>
            </Folder>
          </Folder>
        </Folder>
        <Folder>
          <name>Attempt to plan Flight 1</name>
          <Folder>
            <name>E25: uss1 astm.f3548.v21.dss.queryOperationalIntentReferences</name>
            <Placemark>
              <name>area_of_interest</name>
              <styleUrl>#QueryArea</styleUrl>
              <description><![CDATA[<ul><li>uss1's Accepted 7e9b169c-4113-4893-b03e-791f7f6d4a52[1]</li></ul>]]></description>
              <TimeSpan>
                <begin>2026-10-07T03:44:59.001523+00:00</begin>
                <end>2026-10-07T04:30:00.001523+00:00</end>
              </TimeSpan>
              <MultiGeometry>
                <Polygon>
                  <altitudeMode>absolute</altitudeMode>
                  <outerBoundaryIs>
                    <LinearRing>
                      <coordinates>7.477085765467653,47.06513961490564,556.4041784313208 7.477085765467653,47.06552877375427,556.4041784313208 7.478107593947205,47.06552877375427,556.4041784313208 7.478107593947205,47.06513961490564,556.4041784313208</coordinates>
                    </LinearRing>
                  </outerBoundaryIs>
                </Polygon>
                <Polygon>
                  <altitudeMode>absolute</altitudeMode>
                  <outerBoundaryIs>
                    <LinearRing>
                      <coordinates>7.477085765467653,47.06513961490564,586.3941784313208 7.477085765467653,47.06552877375427,586.3941784313208 7.478107593947205,47.06552877375427,586.3941784313208 7.478107593947205,47.06513961490564,586.3941784313208</coordinates>
                    </LinearRing>
                  </outerBoundaryIs>
                </Polygon>
                <Polygon>
                  <altitudeMode>absolute</altitudeMode>
                  <outerBoundaryIs>
                    <LinearRing>
                      <coordinates>7.477085765467653,47.06513961490564,556.4041784313208 7.477085765467653,47.06513961490564,586.3941784313208 7.477085765467653,47.06552877375427,586.3941784313208 7.477085765467653,47.06552877375427,556.4041784313208</coordinates>
                    </LinearRing>
                  </outerBoundaryIs>
                </Polygon>
                <Polygon>
                  <altitudeMode>absolute</altitudeMode>
                  <outerBoundaryIs>
                    <LinearRing>
                      <coordinates>7.477085765467653,47.06552877375427,556.4041784313208 7.477085765467653,47.06552877375427,586.3941784313208 7.478107593947205,47.06552877375427,586.3941784313208 7.478107593947205,47.06552877375427,556.4041784313208</coordinates>
                    </LinearRing>
                  </outerBoundaryIs>
                </Polygon>
                <Polygon>
                  <altitudeMode>absolute</altitudeMode>
                  <outerBoundaryIs>
                    <LinearRing>
                      <coordinates>7.478107593947205,47.06552877375427,556.4041784313208 7.478107593947205,47.06552877375427,586.3941784313208 7.478107593947205,47.06513961490564,586.3941784313208 7.478107593947205,47.06513961490564,556.4041784313208</coordinates>
                    </LinearRing>
                  </outerBoundaryIs>
                </Polygon>
                <Polygon>
                  <altitudeMode>absolute</altitudeMode>
                  <outerBoundaryIs>
                    <LinearRing>
                      <coordinates>7.478107593947205,47.06513961490564,556.4041784313208 7.478107593947205,47.06513961490564,586.3941784313208 7.477085765467653,47.06513961490564,586.3941784313208 7.477085765467653,47.06513961490564,556.4041784313208</coordinates>
                    </LinearRing>
                  </outerBoundaryIs>
                </Polygon>
              </MultiGeometry>
            </Placemark>
          </Folder>
          <Folder>
            <name>E30: uss1 astm.f3548.v21.dss.queryOperationalIntentReferences</name>
            <Placemark>
              <name>area_of_interest</name>
              <styleUrl>#QueryArea</styleUrl>
              <description><![CDATA[<ul><li>uss1's Accepted 7e9b169c-4113-4893-b03e-791f7f6d4a52[1]</li></ul>]]></description>
              <TimeSpan>
                <begin>2026-10-07T03:44:59.001523+00:00</begin>
                <end>2026-10-07T04:30:00.001523+00:00</end>
              </TimeSpan>
              <MultiGeometry>
                <Polygon>
                  <altitudeMode>absolute</altitudeMode>
                  <outerBoundaryIs>
                    <LinearRing>
                      <coordinates>7.477085765467653,47.06513961490564,556.4041784313208 7.477085765467653,47.06552877375427,556.4041784313208 7.478107593947205,47.06552877375427,556.4041784313208 7.478107593947205,47.06513961490564,556.4041784313208</coordinates>
                    </LinearRing>
                  </outerBoundaryIs>
                </Polygon>
                <Polygon>
                  <altitudeMode>absolute</altitudeMode>
                  <outerBoundaryIs>
                    <LinearRing>
                      <coordinates>7.477085765467653,47.06513961490564,586.3941784313208 7.477085765467653,47.06552877375427,586.3941784313208 7.478107593947205,47.06552877375427,586.3941784313208 7.478107593947205,47.06513961490564,586.3941784313208</coordinates>
                    </LinearRing>
                  </outerBoundaryIs>
                </Polygon>
                <Polygon>
                  <altitudeMode>absolute</altitudeMode>
                  <outerBoundaryIs>
                    <LinearRing>
                      <coordinates>7.477085765467653,47.06513961490564,556.4041784313208 7.477085765467653,47.06513961490564,586.3941784313208 7.477085765467653,47.06552877375427,586.3941784313208 7.477085765467653,47.06552877375427,556.4041784313208</coordinates>
                    </LinearRing>
                  </outerBoundaryIs>
                </Polygon>
                <Polygon>
                  <altitudeMode>absolute</altitudeMode>
                  <outerBoundaryIs>
                    <LinearRing>
                      <coordinates>7.477085765467653,47.06552877375427,556.4041784313208 7.477085765467653,47.06552877375427,586.3941784313208 7.478107593947205,47.06552877375427,586.3941784313208 7.478107593947205,47.06552877375427,556.4041784313208</coordinates>
                    </LinearRing>
                  </outerBoundaryIs>
                </Polygon>
                <Polygon>
                  <altitudeMode>absolute</altitudeMode>
                  <outerBoundaryIs>
                    <LinearRing>
                      <coordinates>7.478107593947205,47.06552877375427,556.4041784313208 7.478107593947205,47.06552877375427,586.3941784313208 7.478107593947205,47.06513961490564,586.3941784313208 7.478107593947205,47.06513961490564,556.4041784313208</coordinates>
                    </LinearRing>
                  </outerBoundaryIs>
                </Polygon>
                <Polygon>
                  <altitudeMode>absolute</altitudeMode>
                  <outerBoundaryIs>
                    <LinearRing>
                      <coordinates>7.478107593947205,47.06513961490564,556.4041784313208 7.478107593947205,47.06513961490564,586.3941784313208 7.477085765467653,47.06513961490564,586.3941784313208 7.477085765467653,47.06513961490564,556.4041784313208</coordinates>
                    </LinearRing>
                  </outerBoundaryIs>
                </Polygon>
              </MultiGeometry>
            </Placemark>
          </Folder>
        </Folder>
        <Folder>
          <name>Delete Flight 2</name>
        </Folder>
      </Folder>
      <Folder>
        <name>Attempt to modify planned flight in conflict</name>
        <Folder>
          <name>Plan Flight 1</name>
          <Folder>
            <name>E35: uss1 astm.f3548.v21.dss.queryOperationalIntentReferences</name>
            <Placemark>
              <name>area_of_interest</name>
              <styleUrl>#QueryArea</styleUrl>
              <description><![CDATA[(no operational intent references found)]]></description>
              <TimeSpan>
                <begin>2026-10-07T03:44:59.107810+00:00</begin>
                <end>2026-10-07T04:30:00.107810+00:00</end>
              </TimeSpan>
              <MultiGeometry>
                <Polygon>
                  <altitudeMode>absolute</altitudeMode>
                  <outerBoundaryIs>
                    <LinearRing>
                      <coordinates>7.477085765467653,47.06513961490564,556.4041784313208 7.477085765467653,47.06552877375427,556.4041784313208 7.478107593947205,47.06552877375427,556.4041784313208 7.478107593947205,47.06513961490564,556.4041784313208</coordinates>
                    </LinearRing>
                  </outerBoundaryIs>
                </Polygon>
                <Polygon>
                  <altitudeMode>absolute</altitudeMode>
                  <outerBoundaryIs>
                    <LinearRing>
                      <coordinates>7.477085765467653,47.06513961490564,586.3941784313208 7.477085765467653,47.06552877375427,586.3941784313208 7.478107593947205,47.06552877375427,586.3941784313208 7.478107593947205,47.06513961490564,586.3941784313208</coordinates>
                    </LinearRing>
                  </outerBoundaryIs>
                </Polygon>
                <Polygon>
                  <altitudeMode>absolute</altitudeMode>
                  <outerBoundaryIs>
                    <LinearRing>
                      <coordinates>7.477085765467653,47.06513961490564,556.4041784313208 7.477085765467653,47.06513961490564,586.3941784313208 7.477085765467653,47.06552877375427,586.3941784313208 7.477085765467653,47.06552877375427,556.4041784313208</coordinates>
                    </LinearRing>
                  </outerBoundaryIs>
                </Polygon>
                <Polygon>
                  <altitudeMode>absolute</altitudeMode>
                  <outerBoundaryIs>
                    <LinearRing>
                      <coordinates>7.477085765467653,47.06552877375427,556.4041784313208 7.477085765467653,47.06552877375427,586.3941784313208 7.478107593947205,47.06552877375427,586.3941784313208 7.478107593947205,47.06552877375427,556.4041784313208</coordinates>
                    </LinearRing>
                  </outerBoundaryIs>
                </Polygon>
                <Polygon>
                  <altitudeMode>absolute</altitudeMode>
                  <outerBoundaryIs>
                    <LinearRing>
                      <coordinates>7.478107593947205,47.06552877375427,556.4041784313208 7.478107593947205,47.06552877375427,586.3941784313208 7.478107593947205,47.06513961490564,586.3941784313208 7.478107593947205,47.06513961490564,556.4041784313208</coordinates>
                    </LinearRing>
                  </outerBoundaryIs>
                </Polygon>
                <Polygon>
                  <altitudeMode>absolute</altitudeMode>
                  <outerBoundaryIs>
                    <LinearRing>
                      <coordinates>7.478107593947205,47.06513961490564,556.4041784313208 7.478107593947205,47.06513961490564,586.3941784313208 7.477085765467653,47.06513961490564,586.3941784313208 7.477085765467653,47.06513961490564,556.4041784313208</coordinates>
                    </LinearRing>
                  </outerBoundaryIs>
                </Polygon>
              </MultiGeometry>
            </Placemark>
          </Folder>
          <Folder>
            <name>E41: uss1 astm.f3548.v21.dss.queryOperationalIntentReferences</name>
            <Placemark>
              <name>area_of_interest</name>
              <styleUrl>#QueryArea</styleUrl>
              <description><![CDATA[<ul><li>uss2's Accepted 1384af94-b683-4dda-985e-8fa70a5468a9[1]</li></ul>]]></description>
              <TimeSpan>
                <begin>2026-10-07T03:44:59.107810+00:00</begin>
                <end>2026-10-07T04:30:00.107810+00:00</end>
              </TimeSpan>
              <MultiGeometry>
                <Polygon>
                  <altitudeMode>absolute</altitudeMode>
                  <outerBoundaryIs>
                    <LinearRing>
                      <coordinates>7.477085765467653,47.06513961490564,556.4041784313208 7.477085765467653,47.06552877375427,556.4041784313208 7.478107593947205,47.06552877375427,556.4041784313208 7.478107593947205,47.06513961490564,556.4041784313208</coordinates>
                    </LinearRing>
                  </outerBoundaryIs>
                </Polygon>
                <Polygon>
                  <altitudeMode>absolute</altitudeMode>
                  <outerBoundaryIs>
                    <LinearRing>
                      <coordinates>7.477085765467653,47.06513961490564,586.3941784313208 7.477085765467653,47.06552877375427,586.3941784313208 7.478107593947205,47.06552877375427,586.3941784313208 7.478107593947205,47.06513961490564,586.3941784313208</coordinates>
                    </LinearRing>
                  </outerBoundaryIs>
                </Polygon>
                <Polygon>
                  <altitudeMode>absolute</altitudeMode>
                  <outerBoundaryIs>
                    <LinearRing>
                      <coordinates>7.477085765467653,47.06513961490564,556.4041784313208 7.477085765467653,47.06513961490564,586.3941784313208 7.477085765467653,47.06552877375427,586.3941784313208 7.477085765467653,47.06552877375427,556.4041784313208</coordinates>
                    </LinearRing>
                  </outerBoundaryIs>
                </Polygon>
                <Polygon>
                  <altitudeMode>absolute</altitudeMode>
                  <outerBoundaryIs>
                    <LinearRing>
                      <coordinates>7.477085765467653,47.06552877375427,556.4041784313208 7.477085765467653,47.06552877375427,586.3941784313208 7.478107593947205,47.06552877375427,586.3941784313208 7.478107593947205,47.06552877375427,556.4041784313208</coordinates>
                    </LinearRing>
                  </outerBoundaryIs>
                </Polygon>
                <Polygon>
                  <altitudeMode>absolute</altitudeMode>
                  <outerBoundaryIs>
                    <LinearRing>
                      <coordinates>7.478107593947205,47.06552877375427,556.4041784313208 7.478107593947205,47.06552877375427,586.3941784313208 7.478107593947205,47.06513961490564,586.3941784313208 7.478107593947205,47.06513961490564,556.4041784313208</coordinates>
                    </LinearRing>
                  </outerBoundaryIs>
                </Polygon>
                <Polygon>
                  <altitudeMode>absolute</altitudeMode>
                  <outerBoundaryIs>
                    <LinearRing>
                      <coordinates>7.478107593947205,47.06513961490564,556.4041784313208 7.478107593947205,47.06513961490564,586.3941784313208 7.477085765467653,47.06513961490564,586.3941784313208 7.477085765467653,47.06513961490564,556.4041784313208</coordinates>
                    </LinearRing>
                  </outerBoundaryIs>
                </Polygon>
              </MultiGeometry>
            </Placemark>
          </Folder>
          <Folder>
            <name>E45: uss2 astm.f3548.v21.uss.getOperationalIntentDetails</name>
            <Folder>
              <name>uss2's P0 Accepted 1384af94-b683-4dda-985e-8fa70a5468a9[1] @ yEhj5Kt8Ow6rambyxVODL89xqdKalzkBTJfBdvCqG1Y_</name>
              <Placemark>
                <name>Nominal volume 0</name>
                <styleUrl>#F3548v21Accepted</styleUrl>
                <TimeSpan>
                  <begin>2026-10-07T03:45:00.133014+00:00</begin>
                  <end>2026-10-07T04:30:00.107810+00:00</end>
                </TimeSpan>
                <MultiGeometry>
                  <Polygon>
                    <altitudeMode>absolute</altitudeMode>
                    <outerBoundaryIs>
                      <LinearRing>
                        <coordinates>7.477085765467653,47.06522925706449,556.4041784804684 7.477110755241576,47.06552877375427,556.4041784804684 7.478063469687955,47.06549188844276,556.4041784804684 7.478107593947205,47.06513961490564,556.4041784804684</coordinates>
                      </LinearRing>
                    </outerBoundaryIs>
                  </Polygon>
                  <Polygon>
                    <altitudeMode>absolute</altitudeMode>
                    <outerBoundaryIs>
                      <LinearRing>
                        <coordinates>7.477085765467653,47.06522925706449,586.3941784804684 7.477110755241576,47.06552877375427,586.3941784804684 7.478063469687955,47.06549188844276,586.3941784804684 7.478107593947205,47.06513961490564,586.3941784804684</coordinates>
                      </LinearRing>
                    </outerBoundaryIs>
                  </Polygon>
                  <Polygon>
                    <altitudeMode>absolute</altitudeMode>
                    <outerBoundaryIs>
                      <LinearRing>
                        <coordinates>7.477085765467653,47.06522925706449,556.4041784804684 7.477085765467653,47.06522925706449,586.3941784804684 7.477110755241576,47.06552877375427,586.3941784804684 7.477110755241576,47.06552877375427,556.4041784804684</coordinates>
                      </LinearRing>
                    </outerBoundaryIs>
                  </Polygon>
                  <Polygon>
                    <altitudeMode>absolute</altitudeMode>
                    <outerBoundaryIs>
                      <LinearRing>
                        <coordinates>7.477110755241576,47.06552877375427,556.4041784804684 7.477110755241576,47.06552877375427,586.3941784804684 7.478063469687955,47.06549188844276,586.3941784804684 7.478063469687955,47.06549188844276,556.4041784804684</coordinates>
                      </LinearRing>
                    </outerBoundaryIs>
                  </Polygon>
                  <Polygon>
                    <altitudeMode>absolute</altitudeMode>
                    <outerBoundaryIs>
                      <LinearRing>
                        <coordinates>7.478063469687955,47.06549188844276,556.4041784804684 7.478063469687955,47.06549188844276,586.3941784804684 7.478107593947205,47.06513961490564,586.3941784804684 7.478107593947205,47.06513961490564,556.4041784804684</coordinates>
                      </LinearRing>
                    </outerBoundaryIs>
                  </Polygon>
                  <Polygon>
                    <altitudeMode>absolute</altitudeMode>
                    <outerBoundaryIs>
                      <LinearRing>
                        <coordinates>7.478107593947205,47.06513961490564,556.4041784804684 7.478107593947205,47.06513961490564,586.3941784804684 7.477085765467653,47.06522925706449,586.3941784804684 7.477085765467653,47.06522925706449,556.4041784804684</coordinates>
                      </LinearRing>
                    </outerBoundaryIs>
                  </Polygon>
                </MultiGeometry>
              </Placemark>
            </Folder>
          </Folder>
        </Folder>
        <Folder>
          <name>Plan Flight 2</name>
          <Folder>
            <name>E58: uss1 astm.f3548.v21.dss.queryOperationalIntentReferences</name>
            <Placemark>
              <name>area_of_interest</name>
              <styleUrl>#QueryArea</styleUrl>
              <description><![CDATA[<ul><li>uss2's Accepted 1384af94-b683-4dda-985e-8fa70a5468a9[1]</li></ul>]]></description>
              <TimeSpan>
                <begin>2026-10-07T03:44:59.257982+00:00</begin>
                <end>2026-10-07T04:30:00.257982+00:00</end>
              </TimeSpan>
              <MultiGeometry>
                <Polygon>
                  <altitudeMode>absolute</altitudeMode>
                  <outerBoundaryIs>
                    <LinearRing>
                      <coordinates>7.477045799310559,47.06517082637769,555.3239494274349 7.477045799310559,47.0659196179747,555.3239494274349 7.477627920960395,47.0659196179747,555.3239494274349 7.477627920960395,47.06517082637769,555.3239494274349</coordinates>
                    </LinearRing>
                  </outerBoundaryIs>
                </Polygon>
                <Polygon>
                  <altitudeMode>absolute</altitudeMode>
                  <outerBoundaryIs>
                    <LinearRing>
                      <coordinates>7.477045799310559,47.06517082637769,584.393949427435 7.477045799310559,47.0659196179747,584.393949427435 7.477627920960395,47.0659196179747,584.393949427435 7.477627920960395,47.06517082637769,584.393949427435</coordinates>
                    </LinearRing>
                  </outerBoundaryIs>
                </Polygon>
                <Polygon>
                  <altitudeMode>absolute</altitudeMode>
                  <outerBoundaryIs>
                    <LinearRing>
                      <coordinates>7.477045799310559,47.06517082637769,555.3239494274349 7.477045799310559,47.06517082637769,584.393949427435 7.477045799310559,47.0659196179747,584.393949427435 7.477045799310559,47.0659196179747,555.3239494274349</coordinates>
                    </LinearRing>
                  </outerBoundaryIs>
                </Polygon>
                <Polygon>
                  <altitudeMode>absolute</altitudeMode>
                  <outerBoundaryIs>
                    <LinearRing>
                      <coordinates>7.477045799310559,47.0659196179747,555.3239494274349 7.477045799310559,47.0659196179747,584.393949427435 7.477627920960395,47.0659196179747,584.393949427435 7.477627920960395,47.0659196179747,555.3239494274349</coordinates>
                    </LinearRing>
                  </outerBoundaryIs>
                </Polygon>
                <Polygon>
                  <altitudeMode>absolute</altitudeMode>
                  <outerBoundaryIs>
                    <LinearRing>
                      <coordinates>7.477627920960395,47.0659196179747,555.3239494274349 7.477627920960395,47.0659196179747,584.393949427435 7.477627920960395,47.06517082637769,584.393949427435 7.477627920960395,47.06517082637769,555.3239494274349</coordinates>
                    </LinearRing>
                  </outerBoundaryIs>
                </Polygon>
                <Polygon>
                  <altitudeMode>absolute</altitudeMode>
                  <outerBoundaryIs>
                    <LinearRing>
                      <coordinates>7.477627920960395,47.06517082637769,555.3239494274349 7.477627920960395,47.06517082637769,584.393949427435 7.477045799310559,47.06517082637769,584.393949427435 7.477045799310559,47.06517082637769,555.3239494274349</coordinates>
                    </LinearRing>
                  </outerBoundaryIs>
                </Polygon>
              </MultiGeometry>
            </Placemark>
          </Folder>
          <Folder>
            <name>E60: uss1 interuss.automated_testing.flight_planning.v1.UpsertFlightPlan</name>
            <Folder>
              <name>Activity Completed, flight Planned</name>
              <Placemark>
                <name>Volume 0</name>
                <styleUrl>#Planned_Nominal</styleUrl>
                <TimeSpan>
                  <begin>2026-10-07T03:44:59.257982+00:00</begin>
                  <end>2026-10-07T04:30:00.257982+00:00</end>
                </TimeSpan>
                <MultiGeometry>
                  <Polygon>
                    <altitudeMode>absolute</altitudeMode>
                    <outerBoundaryIs>
                      <LinearRing>
                        <coordinates>7.477045799310559,47.065631449659406,555.3239581809179 7.477301456393047,47.06517082637769,555.3239581809179 7.477627920960395,47.06555883284356,555.3239581809179 7.477363934315723,47.0659196179747,555.3239581809179</coordinates>
                      </LinearRing>
                    </outerBoundaryIs>
                  </Polygon>
                  <Polygon>
                    <altitudeMode>absolute</altitudeMode>
                    <outerBoundaryIs>
                      <LinearRing>
                        <coordinates>7.477045799310559,47.065631449659406,584.3939581809179 7.477301456393047,47.06517082637769,584.3939581809179 7.477627920960395,47.06555883284356,584.3939581809179 7.477363934315723,47.0659196179747,584.3939581809179</coordinates>
                      </LinearRing>
                    </outerBoundaryIs>
                  </Polygon>
                  <Polygon>
                    <altitudeMode>absolute</altitudeMode>
                    <outerBoundaryIs>
                      <LinearRing>
                        <coordinates>7.477045799310559,47.065631449659406,555.3239581809179 7.477045799310559,47.065631449659406,584.3939581809179 7.477301456393047,47.06517082637769,584.3939581809179 7.477301456393047,47.06517082637769,555.3239581809179</coordinates>
                      </LinearRing>
                    </outerBoundaryIs>
                  </Polygon>
                  <Polygon>
                    <altitudeMode>absolute</altitudeMode>
                    <outerBoundaryIs>
                      <LinearRing>
                        <coordinates>7.477301456393047,47.06517082637769,555.3239581809179 7.477301456393047,47.06517082637769,584.3939581809179 7.477627920960395,47.06555883284356,584.3939581809179 7.477627920960395,47.06555883284356,555.3239581809179</coordinates>
                      </LinearRing>
                    </outerBoundaryIs>
                  </Polygon>
                  <Polygon>
                    <altitudeMode>absolute</altitudeMode>
                    <outerBoundaryIs>
                      <LinearRing>
                        <coordinates>7.477627920960395,47.06555883284356,555.3239581809179 7.477627920960395,47.06555883284356,584.3939581809179 7.477363934315723,47.0659196179747,584.3939581809179 7.477363934315723,47.0659196179747,555.3239581809179</coordinates>
                      </LinearRing>
                    </outerBoundaryIs>
                  </Polygon>
                  <Polygon>
                    <altitudeMode>absolute</altitudeMode>
                    <outerBoundaryIs>
                      <LinearRing>
                        <coordinates>7.477363934315723,47.0659196179747,555.3239581809179 7.477363934315723,47.0659196179747,584.3939581809179 7.477045799310559,47.065631449659406,584.3939581809179 7.477045799310559,47.065631449659406,555.3239581809179</coordinates>
                      </LinearRing>
                    </outerBoundaryIs>
                  </Polygon>
                </MultiGeometry>
              </Placemark>
            </Folder>
          </Folder>
          <Folder>
            <name>E64: uss1 astm.f3548.v21.dss.queryOperationalIntentReferences</name>
            <Placemark>
              <name>area_of_interest</name>
              <styleUrl>#QueryArea</styleUrl>
              <description><![CDATA[<ul><li>uss2's Accepted 1384af94-b683-4dda-985e-8fa70a5468a9[1]</li><li>uss1's Accepted ff6dfe7b-379a-45ab-bf2b-11bec30a32e4[1]</li></ul>]]></description>
              <TimeSpan>
                <begin>2026-10-07T03:44:59.257982+00:00</begin>
                <end>2026-10-07T04:30:00.257982+00:00</end>
              </TimeSpan>
              <MultiGeometry>
                <Polygon>
                  <altitudeMode>absolute</altitudeMode>
                  <outerBoundaryIs>
                    <LinearRing>
                      <coordinates>7.477045799310559,47.06517082637769,555.3239494274349 7.477045799310559,47.0659196179747,555.3239494274349 7.477627920960395,47.0659196179747,555.3239494274349 7.477627920960395,47.06517082637769,555.3239494274349</coordinates>
                    </LinearRing>
                  </outerBoundaryIs>
                </Polygon>
                <Polygon>
                  <altitudeMode>absolute</altitudeMode>
                  <outerBoundaryIs>
                    <LinearRing>
                      <coordinates>7.477045799310559,47.06517082637769,584.393949427435 7.477045799310559,47.0659196179747,584.393949427435 7.477627920960395,47.0659196179747,584.393949427435 7.477627920960395,47.06517082637769,584.393949427435</coordinates>
                    </LinearRing>
                  </outerBoundaryIs>
                </Polygon>
                <Polygon>
                  <altitudeMode>absolute</altitudeMode>
                  <outerBoundaryIs>
                    <LinearRing>
                      <coordinates>7.477045799310559,47.06517082637769,555.3239494274349 7.477045799310559,47.06517082637769,584.393949427435 7.477045799310559,47.0659196179747,584.393949427435 7.477045799310559,47.0659196179747,555.3239494274349</coordinates>
                    </LinearRing>
                  </outerBoundaryIs>
                </Polygon>
                <Polygon>
                  <altitudeMode>absolute</altitudeMode>
                  <outerBoundaryIs>
                    <LinearRing>
                      <coordinates>7.477045799310559,47.0659196179747,555.3239494274349 7.477045799310559,47.0659196179747,584.393949427435 7.477627920960395,47.0659196179747,584.393949427435 7.477627920960395,47.0659196179747,555.3239494274349</coordinates>
                    </LinearRing>
                  </outerBoundaryIs>
                </Polygon>
                <Polygon>
                  <altitudeMode>absolute</altitudeMode>
                  <outerBoundaryIs>
                    <LinearRing>
                      <coordinates>7.477627920960395,47.0659196179747,555.3239494274349 7.477627920960395,47.0659196179747,584.393949427435 7.477627920960395,47.06517082637769,584.393949427435 7.477627920960395,47.06517082637769,555.3239494274349</coordinates>
                    </LinearRing>
                  </outerBoundaryIs>
                </Polygon>
                <Polygon>
                  <altitudeMode>absolute</altitudeMode>
                  <outerBoundaryIs>
                    <LinearRing>
                      <coordinates>7.477627920960395,47.06517082637769,555.3239494274349 7.477627920960395,47.06517082637769,584.393949427435 7.477045799310559,47.06517082637769,584.393949427435 7.477045799310559,47.06517082637769,555.3239494274349</coordinates>
                    </LinearRing>
                  </outerBoundaryIs>
                </Polygon>
              </MultiGeometry>
            </Placemark>
          </Folder>
          <Folder>
            <name>E68: uss1 astm.f3548.v21.uss.getOperationalIntentDetails</name>
            <Folder>
              <name>uss1's P100 Accepted ff6dfe7b-379a-45ab-bf2b-11bec30a32e4[1] @ NsxpeP.x2vNPHWcRfipFiiG1YJmfEesoAehIY92S-A4_</name>
              <Placemark>
                <name>Nominal volume 0</name>
                <styleUrl>#F3548v21Accepted</styleUrl>
                <TimeSpan>
                  <begin>2026-10-07T03:45:00.285284+00:00</begin>
                  <end>2026-10-07T04:30:00.257982+00:00</end>
                </TimeSpan>
                <MultiGeometry>
                  <Polygon>
                    <altitudeMode>absolute</altitudeMode>
                    <outerBoundaryIs>
                      <LinearRing>
                        <coordinates>7.477045799310559,47.065631449659406,555.3239581809179 7.477301456393047,47.06517082637769,555.3239581809179 7.477627920960395,47.06555883284356,555.3239581809179 7.477363934315723,47.0659196179747,555.3239581809179</coordinates>
                      </LinearRing>
                    </outerBoundaryIs>
                  </Polygon>
                  <Polygon>
                    <altitudeMode>absolute</altitudeMode>
                    <outerBoundaryIs>
                      <LinearRing>
                        <coordinates>7.477045799310559,47.065631449659406,584.3939581809179 7.477301456393047,47.06517082637769,584.3939581809179 7.477627920960395,47.06555883284356,584.3939581809179 7.477363934315723,47.0659196179747,584.3939581809179</coordinates>
                      </LinearRing>
                    </outerBoundaryIs>
                  </Polygon>
                  <Polygon>
                    <altitudeMode>absolute</altitudeMode>
                    <outerBoundaryIs>
                      <LinearRing>
                        <coordinates>7.477045799310559,47.065631449659406,555.3239581809179 7.477045799310559,47.065631449659406,584.3939581809179 7.477301456393047,47.06517082637769,584.3939581809179 7.477301456393047,47.06517082637769,555.3239581809179</coordinates>
                      </LinearRing>
                    </outerBoundaryIs>
                  </Polygon>
                  <Polygon>
                    <altitudeMode>absolute</altitudeMode>
                    <outerBoundaryIs>
                      <LinearRing>
                        <coordinates>7.477301456393047,47.06517082637769,555.3239581809179 7.477301456393047,47.06517082637769,584.3939581809179 7.477627920960395,47.06555883284356,584.3939581809179 7.477627920960395,47.06555883284356,555.3239581809179</coordinates>
                      </LinearRing>
                    </outerBoundaryIs>
                  </Polygon>
                  <Polygon>
                    <altitudeMode>absolute</altitudeMode>
                    <outerBoundaryIs>
                      <LinearRing>
                        <coordinates>7.477627920960395,47.06555883284356,555.3239581809179 7.477627920960395,47.06555883284356,584.3939581809179 7.477363934315723,47.0659196179747,584.3939581809179 7.477363934315723,47.0659196179747,555.3239581809179</coordinates>
                      </LinearRing>
                    </outerBoundaryIs>
                  </Polygon>
                  <Polygon>
                    <altitudeMode>absolute</altitudeMode>
                    <outerBoundaryIs>
                      <LinearRing>
                        <coordinates>7.477363934315723,47.0659196179747,555.3239581809179 7.477363934315723,47.0659196179747,584.3939581809179 7.477045799310559,47.065631449659406,584.3939581809179 7.477045799310559,47.065631449659406,555.3239581809179</coordinates>
                      </LinearRing>
                    </outerBoundaryIs>
                  </Polygon>
                </MultiGeometry>
              </Placemark>
            </Folder>
          </Folder>
        </Folder>
        <Folder>
          <name>Check for conflict notifications</name>
        </Folder>
        <Folder>
          <name>Attempt to modify planned Flight 1 in conflict</name>
          <Folder>
            <name>E81: uss1 astm.f3548.v21.dss.queryOperationalIntentReferences</name>
            <Placemark>
              <name>area_of_interest</name>
              <styleUrl>#QueryArea</styleUrl>
              <description><![CDATA[<ul><li>uss2's Accepted 1384af94-b683-4dda-985e-8fa70a5468a9[1]</li><li>uss1's Accepted ff6dfe7b-379a-45ab-bf2b-11bec30a32e4[1]</li></ul>]]></description>
              <TimeSpan>
                <begin>2026-10-07T03:44:59.460248+00:00</begin>
                <end>2026-10-07T04:30:00.460248+00:00</end>
              </TimeSpan>
              <MultiGeometry>
                <Polygon>
                  <altitudeMode>absolute</altitudeMode>
                  <outerBoundaryIs>
                    <LinearRing>
                      <coordinates>7.477085765467653,47.06513961490564,526.3641784313209 7.477085765467653,47.06552877375427,526.3641784313209 7.478107593947205,47.06552877375427,526.3641784313209 7.478107593947205,47.06513961490564,526.3641784313209</coordinates>
                    </LinearRing>
                  </outerBoundaryIs>
                </Polygon>
                <Polygon>
                  <altitudeMode>absolute</altitudeMode>
                  <outerBoundaryIs>
                    <LinearRing>
                      <coordinates>7.477085765467653,47.06513961490564,586.3941784313208 7.477085765467653,47.06552877375427,586.3941784313208 7.478107593947205,47.06552877375427,586.3941784313208 7.478107593947205,47.06513961490564,586.3941784313208</coordinates>
                    </LinearRing>
                  </outerBoundaryIs>
                </Polygon>
                <Polygon>
                  <altitudeMode>absolute</altitudeMode>
                  <outerBoundaryIs>
                    <LinearRing>
                      <coordinates>7.477085765467653,47.06513961490564,526.3641784313209 7.477085765467653,47.06513961490564,586.3941784313208 7.477085765467653,47.06552877375427,586.3941784313208 7.477085765467653,47.06552877375427,526.3641784313209</coordinates>
                    </LinearRing>
                  </outerBoundaryIs>
                </Polygon>
                <Polygon>
                  <altitudeMode>absolute</altitudeMode>
                  <outerBoundaryIs>
                    <LinearRing>
                      <coordinates>7.477085765467653,47.06552877375427,526.3641784313209 7.477085765467653,47.06552877375427,586.3941784313208 7.478107593947205,47.06552877375427,586.3941784313208 7.478107593947205,47.06552877375427,526.3641784313209</coordinates>
                    </LinearRing>
                  </outerBoundaryIs>
                </Polygon>
                <Polygon>
                  <altitudeMode>absolute</altitudeMode>
                  <outerBoundaryIs>
                    <LinearRing>
                      <coordinates>7.478107593947205,47.06552877375427,526.3641784313209 7.478107593947205,47.06552877375427,586.3941784313208 7.478107593947205,47.06513961490564,586.3941784313208 7.478107593947205,47.06513961490564,526.3641784313209</coordinates>
                    </LinearRing>
                  </outerBoundaryIs>
                </Polygon>
                <Polygon>
                  <altitudeMode>absolute</altitudeMode>
                  <outerBoundaryIs>
                    <LinearRing>
                      <coordinates>7.478107593947205,47.06513961490564,526.3641784313209 7.478107593947205,47.06513961490564,586.3941784313208 7.477085765467653,47.06513961490564,586.3941784313208 7.477085765467653,47.06513961490564,526.3641784313209</coordinates>
                    </LinearRing>
                  </outerBoundaryIs>
                </Polygon>
              </MultiGeometry>
            </Placemark>
          </Folder>
          <Folder>
            <name>E86: uss1 astm.f3548.v21.dss.queryOperationalIntentReferences</name>
            <Placemark>
              <name>area_of_interest</name>
              <styleUrl>#QueryArea</styleUrl>
              <description><![CDATA[<ul><li>uss2's Accepted 1384af94-b683-4dda-985e-8fa70a5468a9[1]</li><li>uss1's Accepted ff6dfe7b-379a-45ab-bf2b-11bec30a32e4[1]</li></ul>]]></description>
              <TimeSpan>
                <begin>2026-10-07T03:44:59.460248+00:00</begin>
                <end>2026-10-07T04:30:00.460248+00:00</end>
              </TimeSpan>
              <MultiGeometry>
                <Polygon>
                  <altitudeMode>absolute</altitudeMode>
                  <outerBoundaryIs>
                    <LinearRing>
                      <coordinates>7.477085765467653,47.06513961490564,526.3641784313209 7.477085765467653,47.06552877375427,526.3641784313209 7.478107593947205,47.06552877375427,526.3641784313209 7.478107593947205,47.06513961490564,526.3641784313209</coordinates>
                    </LinearRing>
                  </outerBoundaryIs>
                </Polygon>
                <Polygon>
                  <altitudeMode>absolute</altitudeMode>
                  <outerBoundaryIs>
                    <LinearRing>
                      <coordinates>7.477085765467653,47.06513961490564,586.3941784313208 7.477085765467653,47.06552877375427,586.3941784313208 7.478107593947205,47.06552877375427,586.3941784313208 7.478107593947205,47.06513961490564,586.3941784313208</coordinates>
                    </LinearRing>
                  </outerBoundaryIs>
                </Polygon>
                <Polygon>
                  <altitudeMode>absolute</altitudeMode>
                  <outerBoundaryIs>
                    <LinearRing>
                      <coordinates>7.477085765467653,47.06513961490564,526.3641784313209 7.477085765467653,47.06513961490564,586.3941784313208 7.477085765467653,47.06552877375427,586.3941784313208 7.477085765467653,47.06552877375427,526.3641784313209</coordinates>
                    </LinearRing>
                  </outerBoundaryIs>
                </Polygon>
                <Polygon>
                  <altitudeMode>absolute</altitudeMode>
                  <outerBoundaryIs>
                    <LinearRing>
                      <coordinates>7.477085765467653,47.06552877375427,526.3641784313209 7.477085765467653,47.06552877375427,586.3941784313208 7.478107593947205,47.06552877375427,586.3941784313208 7.478107593947205,47.06552877375427,526.3641784313209</coordinates>
                    </LinearRing>
                  </outerBoundaryIs>
                </Polygon>
                <Polygon>
                  <altitudeMode>absolute</altitudeMode>
                  <outerBoundaryIs>
                    <LinearRing>
                      <coordinates>7.478107593947205,47.06552877375427,526.3641784313209 7.478107593947205,47.06552877375427,586.3941784313208 7.478107593947205,47.06513961490564,586.3941784313208 7.478107593947205,47.06513961490564,526.3641784313209</coordinates>
                    </LinearRing>
                  </outerBoundaryIs>
                </Polygon>
                <Polygon>
                  <altitudeMode>absolute</altitudeMode>
                  <outerBoundaryIs>
                    <LinearRing>
                      <coordinates>7.478107593947205,47.06513961490564,526.3641784313209 7.478107593947205,47.06513961490564,586.3941784313208 7.477085765467653,47.06513961490564,586.3941784313208 7.477085765467653,47.06513961490564,526.3641784313209</coordinates>
                    </LinearRing>
                  </outerBoundaryIs>
                </Polygon>
              </MultiGeometry>
            </Placemark>
          </Folder>
          <Folder>
            <name>E90: uss2 astm.f3548.v21.uss.getOperationalIntentDetails</name>
            <Folder>
              <name>uss2's P0 Accepted 1384af94-b683-4dda-985e-8fa70a5468a9[1] @ yEhj5Kt8Ow6rambyxVODL89xqdKalzkBTJfBdvCqG1Y_</name>
              <Placemark>
                <name>Nominal volume 0</name>
                <styleUrl>#F3548v21Accepted</styleUrl>
                <TimeSpan>
                  <begin>2026-10-07T03:45:00.133014+00:00</begin>
                  <end>2026-10-07T04:30:00.107810+00:00</end>
                </TimeSpan>
                <MultiGeometry>
                  <Polygon>
                    <altitudeMode>absolute</altitudeMode>
                    <outerBoundaryIs>
                      <LinearRing>
                        <coordinates>7.477085765467653,47.06522925706449,556.4041784804684 7.477110755241576,47.06552877375427,556.4041784804684 7.478063469687955,47.06549188844276,556.4041784804684 7.478107593947205,47.06513961490564,556.4041784804684</coordinates>
                      </LinearRing>
                    </outerBoundaryIs>
                  </Polygon>
                  <Polygon>
                    <altitudeMode>absolute</altitudeMode>
                    <outerBoundaryIs>
                      <LinearRing>
                        <coordinates>7.477085765467653,47.06522925706449,586.3941784804684 7.477110755241576,47.06552877375427,586.3941784804684 7.478063469687955,47.06549188844276,586.3941784804684 7.478107593947205,47.06513961490564,586.3941784804684</coordinates>
                      </LinearRing>
                    </outerBoundaryIs>
                  </Polygon>
                  <Polygon>
                    <altitudeMode>absolute</altitudeMode>
                    <outerBoundaryIs>
                      <LinearRing>
                        <coordinates>7.477085765467653,47.06522925706449,556.4041784804684 7.477085765467653,47.06522925706449,586.3941784804684 7.477110755241576,47.06552877375427,586.3941784804684 7.477110755241576,47.06552877375427,556.4041784804684</coordinates>
                      </LinearRing>
                    </outerBoundaryIs>
                  </Polygon>
                  <Polygon>
                    <altitudeMode>absolute</altitudeMode>
                    <outerBoundaryIs>
                      <LinearRing>
                        <coordinates>7.477110755241576,47.06552877375427,556.4041784804684 7.477110755241576,47.06552877375427,586.3941784804684 7.478063469687955,47.06549188844276,586.3941784804684 7.478063469687955,47.06549188844276,556.4041784804684</coordinates>
                      </LinearRing>
                    </outerBoundaryIs>
                  </Polygon>
                  <Polygon>
                    <altitudeMode>absolute</altitudeMode>
                    <outerBoundaryIs>
                      <LinearRing>
                        <coordinates>7.478063469687955,47.06549188844276,556.4041784804684 7.478063469687955,47.06549188844276,586.3941784804684 7.478107593947205,47.06513961490564,586.3941784804684 7.478107593947205,47.06513961490564,556.4041784804684</coordinates>
                      </LinearRing>
                    </outerBoundaryIs>
                  </Polygon>
                  <Polygon>
                    <altitudeMode>absolute</altitudeMode>
                    <outerBoundaryIs>
                      <LinearRing>
                        <coordinates>7.478107593947205,47.06513961490564,556.4041784804684 7.478107593947205,47.06513961490564,586.3941784804684 7.477085765467653,47.06522925706449,586.3941784804684 7.477085765467653,47.06522925706449,556.4041784804684</coordinates>
                      </LinearRing>
                    </outerBoundaryIs>
                  </Polygon>
                </MultiGeometry>
              </Placemark>
            </Folder>
          </Folder>
        </Folder>
      </Folder>
      <Folder>
        <name>Attempt to activate flight in conflict</name>
        <Folder>
          <name>Attempt to activate conflicting Flight 1</name>
          <Folder>
            <name>E99: uss1 astm.f3548.v21.dss.queryOperationalIntentReferences</name>
            <Placemark>
              <name>area_of_interest</name>
              <styleUrl>#QueryArea</styleUrl>
              <description><![CDATA[<ul><li>uss2's Accepted 1384af94-b683-4dda-985e-8fa70a5468a9[1]</li><li>uss1's Accepted ff6dfe7b-379a-45ab-bf2b-11bec30a32e4[1]</li></ul>]]></description>
              <TimeSpan>
                <begin>2026-10-07T03:44:59.621160+00:00</begin>
                <end>2026-10-07T04:30:00.621160+00:00</end>
              </TimeSpan>
              <MultiGeometry>
                <Polygon>
                  <altitudeMode>absolute</altitudeMode>
                  <outerBoundaryIs>
                    <LinearRing>
                      <coordinates>7.477085765467653,47.06513961490564,556.4041784313208 7.477085765467653,47.06552877375427,556.4041784313208 7.478107593947205,47.06552877375427,556.4041784313208 7.478107593947205,47.06513961490564,556.4041784313208</coordinates>
                    </LinearRing>
                  </outerBoundaryIs>
                </Polygon>
                <Polygon>
                  <altitudeMode>absolute</altitudeMode>
                  <outerBoundaryIs>
                    <LinearRing>
                      <coordinates>7.477085765467653,47.06513961490564,586.3941784313208 7.477085765467653,47.06552877375427,586.3941784313208 7.478107593947205,47.06552877375427,586.3941784313208 7.478107593947205,47.06513961490564,586.3941784313208</coordinates>
                    </LinearRing>
                  </outerBoundaryIs>
                </Polygon>
                <Polygon>
                  <altitudeMode>absolute</altitudeMode>
                  <outerBoundaryIs>
                    <LinearRing>
                      <coordinates>7.477085765467653,47.06513961490564,556.4041784313208 7.477085765467653,47.06513961490564,586.3941784313208 7.477085765467653,47.06552877375427,586.3941784313208 7.477085765467653,47.06552877375427,556.4041784313208</coordinates>
                    </LinearRing>
                  </outerBoundaryIs>
                </Polygon>
                <Polygon>
                  <altitudeMode>absolute</altitudeMode>
                  <outerBoundaryIs>
                    <LinearRing>
                      <coordinates>7.477085765467653,47.06552877375427,556.4041784313208 7.477085765467653,47.06552877375427,586.3941784313208 7.478107593947205,47.06552877375427,586.3941784313208 7.478107593947205,47.06552877375427,556.4041784313208</coordinates>
                    </LinearRing>
                  </outerBoundaryIs>
                </Polygon>
                <Polygon>
                  <altitudeMode>absolute</altitudeMode>
                  <outerBoundaryIs>
                    <LinearRing>
                      <coordinates>7.478107593947205,47.06552877375427,556.4041784313208 7.478107593947205,47.06552877375427,586.3941784313208 7.478107593947205,47.06513961490564,586.3941784313208 7.478107593947205,47.06513961490564,556.4041784313208</coordinates>
                    </LinearRing>
                  </outerBoundaryIs>
                </Polygon>
                <Polygon>
                  <altitudeMode>absolute</altitudeMode>
                  <outerBoundaryIs>
                    <LinearRing>
                      <coordinates>7.478107593947205,47.06513961490564,556.4041784313208 7.478107593947205,47.06513961490564,586.3941784313208 7.477085765467653,47.06513961490564,586.3941784313208 7.477085765467653,47.06513961490564,556.4041784313208</coordinates>
                    </LinearRing>
                  </outerBoundaryIs>
                </Polygon>
              </MultiGeometry>
            </Placemark>
          </Folder>
          <Folder>
            <name>E104: uss1 astm.f3548.v21.dss.queryOperationalIntentReferences</name>
            <Placemark>
              <name>area_of_interest</name>
              <styleUrl>#QueryArea</styleUrl>
              <description><![CDATA[<ul><li>uss2's Accepted 1384af94-b683-4dda-985e-8fa70a5468a9[1]</li><li>uss1's Accepted ff6dfe7b-379a-45ab-bf2b-11bec30a32e4[1]</li></ul>]]></description>
              <TimeSpan>
                <begin>2026-10-07T03:44:59.621160+00:00</begin>
                <end>2026-10-07T04:30:00.621160+00:00</end>
              </TimeSpan>
              <MultiGeometry>
                <Polygon>
                  <altitudeMode>absolute</altitudeMode>
                  <outerBoundaryIs>
                    <LinearRing>
                      <coordinates>7.477085765467653,47.06513961490564,556.4041784313208 7.477085765467653,47.06552877375427,556.4041784313208 7.478107593947205,47.06552877375427,556.4041784313208 7.478107593947205,47.06513961490564,556.4041784313208</coordinates>
                    </LinearRing>
                  </outerBoundaryIs>
                </Polygon>
                <Polygon>
                  <altitudeMode>absolute</altitudeMode>
                  <outerBoundaryIs>
                    <LinearRing>
                      <coordinates>7.477085765467653,47.06513961490564,586.3941784313208 7.477085765467653,47.06552877375427,586.3941784313208 7.478107593947205,47.06552877375427,586.3941784313208 7.478107593947205,47.06513961490564,586.3941784313208</coordinates>
                    </LinearRing>
                  </outerBoundaryIs>
                </Polygon>
                <Polygon>
                  <altitudeMode>absolute</altitudeMode>
                  <outerBoundaryIs>
                    <LinearRing>
                      <coordinates>7.477085765467653,47.06513961490564,556.4041784313208 7.477085765467653,47.06513961490564,586.3941784313208 7.477085765467653,47.06552877375427,586.3941784313208 7.477085765467653,47.06552877375427,556.4041784313208</coordinates>
                    </LinearRing>
                  </outerBoundaryIs>
                </Polygon>
                <Polygon>
                  <altitudeMode>absolute</altitudeMode>
                  <outerBoundaryIs>
                    <LinearRing>
                      <coordinates>7.477085765467653,47.06552877375427,556.4041784313208 7.477085765467653,47.06552877375427,586.3941784313208 7.478107593947205,47.06552877375427,586.3941784313208 7.478107593947205,47.06552877375427,556.4041784313208</coordinates>
                    </LinearRing>
                  </outerBoundaryIs>
                </Polygon>
                <Polygon>
                  <altitudeMode>absolute</altitudeMode>
                  <outerBoundaryIs>
                    <LinearRing>
                      <coordinates>7.478107593947205,47.06552877375427,556.4041784313208 7.478107593947205,47.06552877375427,586.3941784313208 7.478107593947205,47.06513961490564,586.3941784313208 7.478107593947205,47.06513961490564,556.4041784313208</coordinates>
                    </LinearRing>
                  </outerBoundaryIs>
                </Polygon>
                <Polygon>
                  <altitudeMode>absolute</altitudeMode>
                  <outerBoundaryIs>
                    <LinearRing>
                      <coordinates>7.478107593947205,47.06513961490564,556.4041784313208 7.478107593947205,47.06513961490564,586.3941784313208 7.477085765467653,47.06513961490564,586.3941784313208 7.477085765467653,47.06513961490564,556.4041784313208</coordinates>
                    </LinearRing>
                  </outerBoundaryIs>
                </Polygon>
              </MultiGeometry>
            </Placemark>
          </Folder>
          <Folder>
            <name>E108: uss2 astm.f3548.v21.uss.getOperationalIntentDetails</name>
            <Folder>
              <name>uss2's P0 Accepted 1384af94-b683-4dda-985e-8fa70a5468a9[1] @ yEhj5Kt8Ow6rambyxVODL89xqdKalzkBTJfBdvCqG1Y_</name>
              <Placemark>
                <name>Nominal volume 0</name>
                <styleUrl>#F3548v21Accepted</styleUrl>
                <TimeSpan>
                  <begin>2026-10-07T03:45:00.133014+00:00</begin>
                  <end>2026-10-07T04:30:00.107810+00:00</end>
                </TimeSpan>
                <MultiGeometry>
                  <Polygon>
                    <altitudeMode>absolute</altitudeMode>
                    <outerBoundaryIs>
                      <LinearRing>
                        <coordinates>7.477085765467653,47.06522925706449,556.4041784804684 7.477110755241576,47.06552877375427,556.4041784804684 7.478063469687955,47.06549188844276,556.4041784804684 7.478107593947205,47.06513961490564,556.4041784804684</coordinates>
                      </LinearRing>
                    </outerBoundaryIs>
                  </Polygon>
                  <Polygon>
                    <altitudeMode>absolute</altitudeMode>
                    <outerBoundaryIs>
                      <LinearRing>
                        <coordinates>7.477085765467653,47.06522925706449,586.3941784804684 7.477110755241576,47.06552877375427,586.3941784804684 7.478063469687955,47.06549188844276,586.3941784804684 7.478107593947205,47.06513961490564,586.3941784804684</coordinates>
                      </LinearRing>
                    </outerBoundaryIs>
                  </Polygon>
                  <Polygon>
                    <altitudeMode>absolute</altitudeMode>
                    <outerBoundaryIs>
                      <LinearRing>
                        <coordinates>7.477085765467653,47.06522925706449,556.4041784804684 7.477085765467653,47.06522925706449,586.3941784804684 7.477110755241576,47.06552877375427,586.3941784804684 7.477110755241576,47.06552877375427,556.4041784804684</coordinates>
                      </LinearRing>
                    </outerBoundaryIs>
                  </Polygon>
                  <Polygon>
                    <altitudeMode>absolute</altitudeMode>
                    <outerBoundaryIs>
                      <LinearRing>
                        <coordinates>7.477110755241576,47.06552877375427,556.4041784804684 7.477110755241576,47.06552877375427,586.3941784804684 7.478063469687955,47.06549188844276,586.3941784804684 7.478063469687955,47.06549188844276,556.4041784804684</coordinates>
                      </LinearRing>
                    </outerBoundaryIs>
                  </Polygon>
                  <Polygon>
                    <altitudeMode>absolute</altitudeMode>
                    <outerBoundaryIs>
                      <LinearRing>
                        <coordinates>7.478063469687955,47.06549188844276,556.4041784804684 7.478063469687955,47.06549188844276,586.3941784804684 7.478107593947205,47.06513961490564,586.3941784804684 7.478107593947205,47.06513961490564,556.4041784804684</coordinates>
                      </LinearRing>
                    </outerBoundaryIs>
                  </Polygon>
                  <Polygon>
                    <altitudeMode>absolute</altitudeMode>
                    <outerBoundaryIs>
                      <LinearRing>
                        <coordinates>7.478107593947205,47.06513961490564,556.4041784804684 7.478107593947205,47.06513961490564,586.3941784804684 7.477085765467653,47.06522925706449,586.3941784804684 7.477085765467653,47.06522925706449,556.4041784804684</coordinates>
                      </LinearRing>
                    </outerBoundaryIs>
                  </Polygon>
                </MultiGeometry>
              </Placemark>
            </Folder>
          </Folder>
        </Folder>
      </Folder>
      <Folder>
        <name>Modify activated flight with pre-existing conflict</name>
        <Folder>
          <name>Delete Flight 2</name>
        </Folder>
        <Folder>
          <name>Activate Flight 1</name>
          <Folder>
            <name>E119: uss1 astm.f3548.v21.dss.queryOperationalIntentReferences</name>
            <Placemark>
              <name>area_of_interest</name>
              <styleUrl>#QueryArea</styleUrl>
              <description><![CDATA[<ul><li>uss2's Accepted 1384af94-b683-4dda-985e-8fa70a5468a9[1]</li></ul>]]></description>
              <TimeSpan>
                <begin>2026-10-07T03:44:59.815203+00:00</begin>
                <end>2026-10-07T04:30:00.815203+00:00</end>
              </TimeSpan>
              <MultiGeometry>
                <Polygon>
                  <altitudeMode>absolute</altitudeMode>
                  <outerBoundaryIs>
                    <LinearRing>
                      <coordinates>7.477085765467653,47.06513961490564,556.4141784313208 7.477085765467653,47.06552877375427,556.4141784313208 7.478107593947205,47.06552877375427,556.4141784313208 7.478107593947205,47.06513961490564,556.4141784313208</coordinates>
                    </LinearRing>
                  </outerBoundaryIs>
                </Polygon>
                <Polygon>
                  <altitudeMode>absolute</altitudeMode>
                  <outerBoundaryIs>
                    <LinearRing>
                      <coordinates>7.477085765467653,47.06513961490564,586.3941784313208 7.477085765467653,47.06552877375427,586.3941784313208 7.478107593947205,47.06552877375427,586.3941784313208 7.478107593947205,47.06513961490564,586.3941784313208</coordinates>
                    </LinearRing>
                  </outerBoundaryIs>
                </Polygon>
                <Polygon>
                  <altitudeMode>absolute</altitudeMode>
                  <outerBoundaryIs>
                    <LinearRing>
                      <coordinates>7.477085765467653,47.06513961490564,556.4141784313208 7.477085765467653,47.06513961490564,586.3941784313208 7.477085765467653,47.06552877375427,586.3941784313208 7.477085765467653,47.06552877375427,556.4141784313208</coordinates>
                    </LinearRing>
                  </outerBoundaryIs>
                </Polygon>
                <Polygon>
                  <altitudeMode>absolute</altitudeMode>
                  <outerBoundaryIs>
                    <LinearRing>
                      <coordinates>7.477085765467653,47.06552877375427,556.4141784313208 7.477085765467653,47.06552877375427,586.3941784313208 7.478107593947205,47.06552877375427,586.3941784313208 7.478107593947205,47.06552877375427,556.4141784313208</coordinates>
                    </LinearRing>
                  </outerBoundaryIs>
                </Polygon>
                <Polygon>
                  <altitudeMode>absolute</altitudeMode>
                  <outerBoundaryIs>
                    <LinearRing>
                      <coordinates>7.478107593947205,47.06552877375427,556.4141784313208 7.478107593947205,47.06552877375427,586.3941784313208 7.478107593947205,47.06513961490564,586.3941784313208 7.478107593947205,47.06513961490564,556.4141784313208</coordinates>
                    </LinearRing>
                  </outerBoundaryIs>
                </Polygon>
                <Polygon>
                  <altitudeMode>absolute</altitudeMode>
                  <outerBoundaryIs>
                    <LinearRing>
                      <coordinates>7.478107593947205,47.06513961490564,556.4141784313208 7.478107593947205,47.06513961490564,586.3941784313208 7.477085765467653,47.06513961490564,586.3941784313208 7.477085765467653,47.06513961490564,556.4141784313208</coordinates>
                    </LinearRing>
                  </outerBoundaryIs>
                </Polygon>
              </MultiGeometry>
            </Placemark>
          </Folder>
          <Folder>
            <name>E125: uss1 astm.f3548.v21.dss.queryOperationalIntentReferences</name>
            <Placemark>
              <name>area_of_interest</name>
              <styleUrl>#QueryArea</styleUrl>
              <description><![CDATA[<ul><li>uss2's Activated 1384af94-b683-4dda-985e-8fa70a5468a9[2]</li></ul>]]></description>
              <TimeSpan>
                <begin>2026-10-07T03:44:59.815203+00:00</begin>
                <end>2026-10-07T04:30:00.815203+00:00</end>
              </TimeSpan>
              <MultiGeometry>
                <Polygon>
                  <altitudeMode>absolute</altitudeMode>
                  <outerBoundaryIs>
                    <LinearRing>
                      <coordinates>7.477085765467653,47.06513961490564,556.4141784313208 7.477085765467653,47.06552877375427,556.4141784313208 7.478107593947205,47.06552877375427,556.4141784313208 7.478107593947205,47.06513961490564,556.4141784313208</coordinates>
                    </LinearRing>
                  </outerBoundaryIs>
                </Polygon>
                <Polygon>
                  <altitudeMode>absolute</altitudeMode>
                  <outerBoundaryIs>
                    <LinearRing>
                      <coordinates>7.477085765467653,47.06513961490564,586.3941784313208 7.477085765467653,47.06552877375427,586.3941784313208 7.478107593947205,47.06552877375427,586.3941784313208 7.478107593947205,47.06513961490564,586.3941784313208</coordinates>
                    </LinearRing>
                  </outerBoundaryIs>
                </Polygon>
                <Polygon>
                  <altitudeMode>absolute</altitudeMode>
                  <outerBoundaryIs>
                    <LinearRing>
                      <coordinates>7.477085765467653,47.06513961490564,556.4141784313208 7.477085765467653,47.06513961490564,586.3941784313208 7.477085765467653,47.06552877375427,586.3941784313208 7.477085765467653,47.06552877375427,556.4141784313208</coordinates>
                    </LinearRing>
                  </outerBoundaryIs>
                </Polygon>
                <Polygon>
                  <altitudeMode>absolute</altitudeMode>
                  <outerBoundaryIs>
                    <LinearRing>
                      <coordinates>7.477085765467653,47.06552877375427,556.4141784313208 7.477085765467653,47.06552877375427,586.3941784313208 7.478107593947205,47.06552877375427,586.3941784313208 7.478107593947205,47.06552877375427,556.4141784313208</coordinates>
                    </LinearRing>
                  </outerBoundaryIs>
                </Polygon>
                <Polygon>
                  <altitudeMode>absolute</altitudeMode>
                  <outerBoundaryIs>
                    <LinearRing>
                      <coordinates>7.478107593947205,47.06552877375427,556.4141784313208 7.478107593947205,47.06552877375427,586.3941784313208 7.478107593947205,47.06513961490564,586.3941784313208 7.478107593947205,47.06513961490564,556.4141784313208</coordinates>
                    </LinearRing>
                  </outerBoundaryIs>
                </Polygon>
                <Polygon>
                  <altitudeMode>absolute</altitudeMode>
                  <outerBoundaryIs>
                    <LinearRing>
                      <coordinates>7.478107593947205,47.06513961490564,556.4141784313208 7.478107593947205,47.06513961490564,586.3941784313208 7.477085765467653,47.06513961490564,586.3941784313208 7.477085765467653,47.06513961490564,556.4141784313208</coordinates>
                    </LinearRing>
                  </outerBoundaryIs>
                </Polygon>
              </MultiGeometry>
            </Placemark>
          </Folder>
          <Folder>
            <name>E130: uss2 astm.f3548.v21.uss.getOperationalIntentDetails</name>
            <Folder>
              <name>uss2's P0 Activated 1384af94-b683-4dda-985e-8fa70a5468a9[2] @ rRBalOlLgzSGegQt0p.p72gDEAAIB.Qqr1fpCXWYo8E_</name>
              <Placemark>
                <name>Nominal volume 0</name>
                <styleUrl>#F3548v21Activated</styleUrl>
                <TimeSpan>
                  <begin>2026-10-07T03:45:00.856263+00:00</begin>
                  <end>2026-10-07T04:30:00.815203+00:00</end>
                </TimeSpan>
                <MultiGeometry>
                  <Polygon>
                    <altitudeMode>absolute</altitudeMode>
                    <outerBoundaryIs>
                      <LinearRing>
                        <coordinates>7.477085765467653,47.06522925706449,556.4141784804684 7.477110755241576,47.06552877375427,556.4141784804684 7.478063469687955,47.06549188844276,556.4141784804684 7.478107593947205,47.06513961490564,556.4141784804684</coordinates>
                      </LinearRing>
                    </outerBoundaryIs>
                  </Polygon>
                  <Polygon>
                    <altitudeMode>absolute</altitudeMode>
                    <outerBoundaryIs>
                      <LinearRing>
                        <coordinates>7.477085765467653,47.06522925706449,586.3941784804684 7.477110755241576,47.06552877375427,586.3941784804684 7.478063469687955,47.06549188844276,586.3941784804684 7.478107593947205,47.06513961490564,586.3941784804684</coordinates>
                      </LinearRing>
                    </outerBoundaryIs>
                  </Polygon>
                  <Polygon>
                    <altitudeMode>absolute</altitudeMode>
                    <outerBoundaryIs>
                      <LinearRing>
                        <coordinates>7.477085765467653,47.06522925706449,556.4141784804684 7.477085765467653,47.06522925706449,586.3941784804684 7.477110755241576,47.06552877375427,586.3941784804684 7.477110755241576,47.06552877375427,556.4141784804684</coordinates>
                      </LinearRing>
                    </outerBoundaryIs>
                  </Polygon>
                  <Polygon>
                    <altitudeMode>absolute</altitudeMode>
                    <outerBoundaryIs>
                      <LinearRing>
                        <coordinates>7.477110755241576,47.06552877375427,556.4141784804684 7.477110755241576,47.06552877375427,586.3941784804684 7.478063469687955,47.06549188844276,586.3941784804684 7.478063469687955,47.06549188844276,556.4141784804684</coordinates>
                      </LinearRing>
                    </outerBoundaryIs>
                  </Polygon>
                  <Polygon>
                    <altitudeMode>absolute</altitudeMode>
                    <outerBoundaryIs>
                      <LinearRing>
                        <coordinates>7.478063469687955,47.06549188844276,556.4141784804684 7.478063469687955,47.06549188844276,586.3941784804684 7.478107593947205,47.06513961490564,586.3941784804684 7.478107593947205,47.06513961490564,556.4141784804684</coordinates>
                      </LinearRing>
                    </outerBoundaryIs>
                  </Polygon>
                  <Polygon>
                    <altitudeMode>absolute</altitudeMode>
                    <outerBoundaryIs>
                      <LinearRing>
                        <coordinates>7.478107593947205,47.06513961490564,556.4141784804684 7.478107593947205,47.06513961490564,586.3941784804684 7.477085765467653,47.06522925706449,586.3941784804684 7.477085765467653,47.06522925706449,556.4141784804684</coordinates>
                      </LinearRing>
                    </outerBoundaryIs>
                  </Polygon>
                </MultiGeometry>
              </Placemark>
            </Folder>
          </Folder>
        </Folder>
        <Folder>
          <name>Plan Flight 2</name>
          <Folder>
            <name>E139: uss1 astm.f3548.v21.dss.queryOperationalIntentReferences</name>
            <Placemark>
              <name>area_of_interest</name>
              <styleUrl>#QueryArea</styleUrl>
              <description><![CDATA[<ul><li>uss2's Activated 1384af94-b683-4dda-985e-8fa70a5468a9[2]</li></ul>]]></description>
              <TimeSpan>
                <begin>2026-10-07T03:44:59.999475+00:00</begin>
                <end>2026-10-07T04:30:00.999475+00:00</end>
              </TimeSpan>
              <MultiGeometry>
                <Polygon>
                  <altitudeMode>absolute</altitudeMode>
                  <outerBoundaryIs>
                    <LinearRing>
                      <coordinates>7.477045799310559,47.06517082637769,555.3239494274349 7.477045799310559,47.0659196179747,555.3239494274349 7.477627920960395,47.0659196179747,555.3239494274349 7.477627920960395,47.06517082637769,555.3239494274349</coordinates>
                    </LinearRing>
                  </outerBoundaryIs>
                </Polygon>
                <Polygon>
                  <altitudeMode>absolute</altitudeMode>
                  <outerBoundaryIs>
                    <LinearRing>
                      <coordinates>7.477045799310559,47.06517082637769,584.393949427435 7.477045799310559,47.0659196179747,584.393949427435 7.477627920960395,47.0659196179747,584.393949427435 7.477627920960395,47.06517082637769,584.393949427435</coordinates>
                    </LinearRing>
                  </outerBoundaryIs>
                </Polygon>
                <Polygon>
                  <altitudeMode>absolute</altitudeMode>
                  <outerBoundaryIs>
                    <LinearRing>
                      <coordinates>7.477045799310559,47.06517082637769,555.3239494274349 7.477045799310559,47.06517082637769,584.393949427435 7.477045799310559,47.0659196179747,584.393949427435 7.477045799310559,47.0659196179747,555.3239494274349</coordinates>
                    </LinearRing>
                  </outerBoundaryIs>
                </Polygon>
                <Polygon>
                  <altitudeMode>absolute</altitudeMode>
                  <outerBoundaryIs>
                    <LinearRing>
                      <coordinates>7.477045799310559,47.0659196179747,555.3239494274349 7.477045799310559,47.0659196179747,584.393949427435 7.477627920960395,47.0659196179747,584.393949427435 7.477627920960395,47.0659196179747,555.3239494274349</coordinates>
                    </LinearRing>
                  </outerBoundaryIs>
                </Polygon>
                <Polygon>
                  <altitudeMode>absolute</altitudeMode>
                  <outerBoundaryIs>
                    <LinearRing>
                      <coordinates>7.477627920960395,47.0659196179747,555.3239494274349 7.477627920960395,47.0659196179747,584.393949427435 7.477627920960395,47.06517082637769,584.393949427435 7.477627920960395,47.06517082637769,555.3239494274349</coordinates>
                    </LinearRing>
                  </outerBoundaryIs>
                </Polygon>
                <Polygon>
                  <altitudeMode>absolute</altitudeMode>
                  <outerBoundaryIs>
                    <LinearRing>
                      <coordinates>7.477627920960395,47.06517082637769,555.3239494274349 7.477627920960395,47.06517082637769,584.393949427435 7.477045799310559,47.06517082637769,584.393949427435 7.477045799310559,47.06517082637769,555.3239494274349</coordinates>
                    </LinearRing>
                  </outerBoundaryIs>
                </Polygon>
              </MultiGeometry>
            </Placemark>
          </Folder>
          <Folder>
            <name>E141: uss1 interuss.automated_testing.flight_planning.v1.UpsertFlightPlan</name>
            <Folder>
              <name>Activity Completed, flight Planned</name>
              <Placemark>
                <name>Volume 0</name>
                <styleUrl>#Planned_Nominal</styleUrl>
                <TimeSpan>
                  <begin>2026-10-07T03:44:59.999475+00:00</begin>
                  <end>2026-10-07T04:30:00.999475+00:00</end>
                </TimeSpan>
                <MultiGeometry>
                  <Polygon>
                    <altitudeMode>absolute</altitudeMode>
                    <outerBoundaryIs>
                      <LinearRing>
                        <coordinates>7.477045799310559,47.065631449659406,555.3239581809179 7.477301456393047,47.06517082637769,555.3239581809179 7.477627920960395,47.06555883284356,555.3239581809179 7.477363934315723,47.0659196179747,555.3239581809179</coordinates>
                      </LinearRing>
                    </outerBoundaryIs>
                  </Polygon>
                  <Polygon>
                    <altitudeMode>absolute</altitudeMode>
                    <outerBoundaryIs>
                      <LinearRing>
                        <coordinates>7.477045799310559,47.065631449659406,584.3939581809179 7.477301456393047,47.06517082637769,584.3939581809179 7.477627920960395,47.06555883284356,584.3939581809179 7.477363934315723,47.0659196179747,584.3939581809179</coordinates>
                      </LinearRing>
                    </outerBoundaryIs>
                  </Polygon>
                  <Polygon>
                    <altitudeMode>absolute</altitudeMode>
                    <outerBoundaryIs>
                      <LinearRing>
                        <coordinates>7.477045799310559,47.065631449659406,555.3239581809179 7.477045799310559,47.065631449659406,584.3939581809179 7.477301456393047,47.06517082637769,584.3939581809179 7.477301456393047,47.06517082637769,555.3239581809179</coordinates>
                      </LinearRing>
                    </outerBoundaryIs>
                  </Polygon>
                  <Polygon>
                    <altitudeMode>absolute</altitudeMode>
                    <outerBoundaryIs>
                      <LinearRing>
                        <coordinates>7.477301456393047,47.06517082637769,555.3239581809179 7.477301456393047,47.06517082637769,584.3939581809179 7.477627920960395,47.06555883284356,584.3939581809179 7.477627920960395,47.06555883284356,555.3239581809179</coordinates>
                      </LinearRing>
                    </outerBoundaryIs>
                  </Polygon>
                  <Polygon>
                    <altitudeMode>absolute</altitudeMode>
                    <outerBoundaryIs>
                      <LinearRing>
                        <coordinates>7.477627920960395,47.06555883284356,555.3239581809179 7.477627920960395,47.06555883284356,584.3939581809179 7.477363934315723,47.0659196179747,584.3939581809179 7.477363934315723,47.0659196179747,555.3239581809179</coordinates>
                      </LinearRing>
                    </outerBoundaryIs>
                  </Polygon>
                  <Polygon>
                    <altitudeMode>absolute</altitudeMode>
                    <outerBoundaryIs>
                      <LinearRing>
                        <coordinates>7.477363934315723,47.0659196179747,555.3239581809179 7.477363934315723,47.0659196179747,584.3939581809179 7.477045799310559,47.065631449659406,584.3939581809179 7.477045799310559,47.065631449659406,555.3239581809179</coordinates>
                      </LinearRing>
                    </outerBoundaryIs>
                  </Polygon>
                </MultiGeometry>
              </Placemark>
            </Folder>
          </Folder>
          <Folder>
            <name>E145: uss1 astm.f3548.v21.dss.queryOperationalIntentReferences</name>
            <Placemark>
              <name>area_of_interest</name>
              <styleUrl>#QueryArea</styleUrl>
              <description><![CDATA[<ul><li>uss2's Activated 1384af94-b683-4dda-985e-8fa70a5468a9[2]</li><li>uss1's Accepted f70a24a9-78e8-4661-95c9-73e98467e51a[1]</li></ul>]]></description>
              <TimeSpan>
                <begin>2026-10-07T03:44:59.999475+00:00</begin>
                <end>2026-10-07T04:30:00.999475+00:00</end>
              </TimeSpan>
              <MultiGeometry>
                <Polygon>
                  <altitudeMode>absolute</altitudeMode>
                  <outerBoundaryIs>
                    <LinearRing>
                      <coordinates>7.477045799310559,47.06517082637769,555.3239494274349 7.477045799310559,47.0659196179747,555.3239494274349 7.477627920960395,47.0659196179747,555.3239494274349 7.477627920960395,47.06517082637769,555.3239494274349</coordinates>
                    </LinearRing>
                  </outerBoundaryIs>
                </Polygon>
                <Polygon>
                  <altitudeMode>absolute</altitudeMode>
                  <outerBoundaryIs>
                    <LinearRing>
                      <coordinates>7.477045799310559,47.06517082637769,584.393949427435 7.477045799310559,47.0659196179747,584.393949427435 7.477627920960395,47.0659196179747,584.393949427435 7.477627920960395,47.06517082637769,584.393949427435</coordinates>
                    </LinearRing>
                  </outerBoundaryIs>
                </Polygon>
                <Polygon>
                  <altitudeMode>absolute</altitudeMode>
                  <outerBoundaryIs>
                    <LinearRing>
                      <coordinates>7.477045799310559,47.06517082637769,555.3239494274349 7.477045799310559,47.06517082637769,584.393949427435 7.477045799310559,47.0659196179747,584.393949427435 7.477045799310559,47.0659196179747,555.3239494274349</coordinates>
                    </LinearRing>
                  </outerBoundaryIs>
                </Polygon>
                <Polygon>
                  <altitudeMode>absolute</altitudeMode>
                  <outerBoundaryIs>
                    <LinearRing>
                      <coordinates>7.477045799310559,47.0659196179747,555.3239494274349 7.477045799310559,47.0659196179747,584.393949427435 7.477627920960395,47.0659196179747,584.393949427435 7.477627920960395,47.0659196179747,555.3239494274349</coordinates>
                    </LinearRing>
                  </outerBoundaryIs>
                </Polygon>
                <Polygon>
                  <altitudeMode>absolute</altitudeMode>
                  <outerBoundaryIs>
                    <LinearRing>
                      <coordinates>7.477627920960395,47.0659196179747,555.3239494274349 7.477627920960395,47.0659196179747,584.393949427435 7.477627920960395,47.06517082637769,584.393949427435 7.477627920960395,47.06517082637769,555.3239494274349</coordinates>
                    </LinearRing>
                  </outerBoundaryIs>
                </Polygon>
                <Polygon>
                  <altitudeMode>absolute</altitudeMode>
                  <outerBoundaryIs>
                    <LinearRing>
                      <coordinates>7.477627920960395,47.06517082637769,555.3239494274349 7.477627920960395,47.06517082637769,584.393949427435 7.477045799310559,47.06517082637769,584.393949427435 7.477045799310559,47.06517082637769,555.3239494274349</coordinates>
                    </LinearRing>
                  </outerBoundaryIs>
                </Polygon>
              </MultiGeometry>
            </Placemark>
          </Folder>
          <Folder>
            <name>E149: uss1 astm.f3548.v21.uss.getOperationalIntentDetails</name>
            <Folder>
              <name>uss1's P100 Accepted f70a24a9-78e8-4661-95c9-73e98467e51a[1] @ bQ2HFR64rhv-SCS7K.1GsjdjQ7JjsYiPuitrS-NRYYs_</name>
              <Placemark>
                <name>Nominal volume 0</name>
                <styleUrl>#F3548v21Accepted</styleUrl>
                <TimeSpan>
                  <begin>2026-10-07T03:45:01.027999+00:00</begin>
                  <end>2026-10-07T04:30:00.999475+00:00</end>
                </TimeSpan>
                <MultiGeometry>
                  <Polygon>
                    <altitudeMode>absolute</altitudeMode>
                    <outerBoundaryIs>
                      <LinearRing>
                        <coordinates>7.477045799310559,47.065631449659406,555.3239581809179 7.477301456393047,47.06517082637769,555.3239581809179 7.477627920960395,47.06555883284356,555.3239581809179 7.477363934315723,47.0659196179747,555.3239581809179</coordinates>
                      </LinearRing>
                    </outerBoundaryIs>
                  </Polygon>
                  <Polygon>
                    <altitudeMode>absolute</altitudeMode>
                    <outerBoundaryIs>
                      <LinearRing>
                        <coordinates>7.477045799310559,47.065631449659406,584.3939581809179 7.477301456393047,47.06517082637769,584.3939581809179 7.477627920960395,47.06555883284356,584.3939581809179 7.477363934315723,47.0659196179747,584.3939581809179</coordinates>
                      </LinearRing>
                    </outerBoundaryIs>
                  </Polygon>
                  <Polygon>
                    <altitudeMode>absolute</altitudeMode>
                    <outerBoundaryIs>
                      <LinearRing>
                        <coordinates>7.477045799310559,47.065631449659406,555.3239581809179 7.477045799310559,47.065631449659406,584.3939581809179 7.477301456393047,47.06517082637769,584.3939581809179 7.477301456393047,47.06517082637769,555.3239581809179</coordinates>
                      </LinearRing>
                    </outerBoundaryIs>
                  </Polygon>
                  <Polygon>
                    <altitudeMode>absolute</altitudeMode>
                    <outerBoundaryIs>
                      <LinearRing>
                        <coordinates>7.477301456393047,47.06517082637769,555.3239581809179 7.477301456393047,47.06517082637769,584.3939581809179 7.477627920960395,47.06555883284356,584.3939581809179 7.477627920960395,47.06555883284356,555.3239581809179</coordinates>
                      </LinearRing>
                    </outerBoundaryIs>
                  </Polygon>
                  <Polygon>
                    <altitudeMode>absolute</altitudeMode>
                    <outerBoundaryIs>
                      <LinearRing>
                        <coordinates>7.477627920960395,47.06555883284356,555.3239581809179 7.477627920960395,47.06555883284356,584.3939581809179 7.477363934315723,47.0659196179747,584.3939581809179 7.477363934315723,47.0659196179747,555.3239581809179</coordinates>
                      </LinearRing>
                    </outerBoundaryIs>
                  </Polygon>
                  <Polygon>
                    <altitudeMode>absolute</altitudeMode>
                    <outerBoundaryIs>
                      <LinearRing>
                        <coordinates>7.477363934315723,47.0659196179747,555.3239581809179 7.477363934315723,47.0659196179747,584.3939581809179 7.477045799310559,47.065631449659406,584.3939581809179 7.477045799310559,47.065631449659406,555.3239581809179</coordinates>
                      </LinearRing>
                    </outerBoundaryIs>
                  </Polygon>
                </MultiGeometry>
              </Placemark>
            </Folder>
          </Folder>
        </Folder>
        <Folder>
          <name>Activate Flight 2</name>
          <Folder>
            <name>E162: uss1 astm.f3548.v21.dss.queryOperationalIntentReferences</name>
            <Placemark>
              <name>area_of_interest</name>
              <styleUrl>#QueryArea</styleUrl>
              <description><![CDATA[<ul><li>uss2's Activated 1384af94-b683-4dda-985e-8fa70a5468a9[2]</li><li>uss1's Accepted f70a24a9-78e8-4661-95c9-73e98467e51a[1]</li></ul>]]></description>
              <TimeSpan>
                <begin>2026-10-07T03:45:00.225501+00:00</begin>
                <end>2026-10-07T04:30:01.225501+00:00</end>
              </TimeSpan>
              <MultiGeometry>
                <Polygon>
                  <altitudeMode>absolute</altitudeMode>
                  <outerBoundaryIs>
                    <LinearRing>
                      <coordinates>7.477045799310559,47.06517082637769,556.473949427435 7.477045799310559,47.0659196179747,556.473949427435 7.477627920960395,47.0659196179747,556.473949427435 7.477627920960395,47.06517082637769,556.473949427435</coordinates>
                    </LinearRing>
                  </outerBoundaryIs>
                </Polygon>
                <Polygon>
                  <altitudeMode>absolute</altitudeMode>
                  <outerBoundaryIs>
                    <LinearRing>
                      <coordinates>7.477045799310559,47.06517082637769,584.393949427435 7.477045799310559,47.0659196179747,584.393949427435 7.477627920960395,47.0659196179747,584.393949427435 7.477627920960395,47.06517082637769,584.393949427435</coordinates>
                    </LinearRing>
                  </outerBoundaryIs>
                </Polygon>
                <Polygon>
                  <altitudeMode>absolute</altitudeMode>
                  <outerBoundaryIs>
                    <LinearRing>
                      <coordinates>7.477045799310559,47.06517082637769,556.473949427435 7.477045799310559,47.06517082637769,584.393949427435 7.477045799310559,47.0659196179747,584.393949427435 7.477045799310559,47.0659196179747,556.473949427435</coordinates>
                    </LinearRing>
                  </outerBoundaryIs>
                </Polygon>
                <Polygon>
                  <altitudeMode>absolute</altitudeMode>
                  <outerBoundaryIs>
                    <LinearRing>
                      <coordinates>7.477045799310559,47.0659196179747,556.473949427435 7.477045799310559,47.0659196179747,584.393949427435 7.477627920960395,47.0659196179747,584.393949427435 7.477627920960395,47.0659196179747,556.473949427435</coordinates>
                    </LinearRing>
                  </outerBoundaryIs>
                </Polygon>
                <Polygon>
                  <altitudeMode>absolute</altitudeMode>
                  <outerBoundaryIs>
                    <LinearRing>
                      <coordinates>7.477627920960395,47.0659196179747,556.473949427435 7.477627920960395,47.0659196179747,584.393949427435 7.477627920960395,47.06517082637769,584.393949427435 7.477627920960395,47.06517082637769,556.473949427435</coordinates>
                    </LinearRing>
                  </outerBoundaryIs>
                </Polygon>
                <Polygon>
                  <altitudeMode>absolute</altitudeMode>
                  <outerBoundaryIs>
                    <LinearRing>
                      <coordinates>7.477627920960395,47.06517082637769,556.473949427435 7.477627920960395,47.06517082637769,584.393949427435 7.477045799310559,47.06517082637769,584.393949427435 7.477045799310559,47.06517082637769,556.473949427435</coordinates>
                    </LinearRing>
                  </outerBoundaryIs>
                </Polygon>
              </MultiGeometry>
            </Placemark>
          </Folder>
          <Folder>
            <name>E164: uss1 interuss.automated_testing.flight_planning.v1.UpsertFlightPlan</name>
            <Folder>
              <name>Activity Completed, flight OkToFly</name>
              <Placemark>
                <name>Volume 0</name>
                <styleUrl>#InUse_Nominal</styleUrl>
                <TimeSpan>
                  <begin>2026-10-07T03:45:00.225501+00:00</begin>
                  <end>2026-10-07T04:30:01.225501+00:00</end>
                </TimeSpan>
                <MultiGeometry>
                  <Polygon>
                    <altitudeMode>absolute</altitudeMode>
                    <outerBoundaryIs>
                      <LinearRing>
                        <coordinates>7.477045799310559,47.065631449659406,556.473958180918 7.477301456393047,47.06517082637769,556.473958180918 7.477627920960395,47.06555883284356,556.473958180918 7.477363934315723,47.0659196179747,556.473958180918</coordinates>
                      </LinearRing>
                    </outerBoundaryIs>
                  </Polygon>
                  <Polygon>
                    <altitudeMode>absolute</altitudeMode>
                    <outerBoundaryIs>
                      <LinearRing>
                        <coordinates>7.477045799310559,47.065631449659406,584.3939581809179 7.477301456393047,47.06517082637769,584.3939581809179 7.477627920960395,47.06555883284356,584.3939581809179 7.477363934315723,47.0659196179747,584.3939581809179</coordinates>
                      </LinearRing>
                    </outerBoundaryIs>
                  </Polygon>
                  <Polygon>
                    <altitudeMode>absolute</altitudeMode>
                    <outerBoundaryIs>
                      <LinearRing>
                        <coordinates>7.477045799310559,47.065631449659406,556.473958180918 7.477045799310559,47.065631449659406,584.3939581809179 7.477301456393047,47.06517082637769,584.3939581809179 7.477301456393047,47.06517082637769,556.473958180918</coordinates>
                      </LinearRing>
                    </outerBoundaryIs>
                  </Polygon>
                  <Polygon>
                    <altitudeMode>absolute</altitudeMode>
                    <outerBoundaryIs>
                      <LinearRing>
                        <coordinates>7.477301456393047,47.06517082637769,556.473958180918 7.477301456393047,47.06517082637769,584.3939581809179 7.477627920960395,47.06555883284356,584.3939581809179 7.477627920960395,47.06555883284356,556.473958180918</coordinates>
                      </LinearRing>
                    </outerBoundaryIs>
                  </Polygon>
                  <Polygon>
                    <altitudeMode>absolute</altitudeMode>
                    <outerBoundaryIs>
                      <LinearRing>
                        <coordinates>7.477627920960395,47.06555883284356,556.473958180918 7.477627920960395,47.06555883284356,584.3939581809179 7.477363934315723,47.0659196179747,584.3939581809179 7.477363934315723,47.0659196179747,556.473958180918</coordinates>
                      </LinearRing>
                    </outerBoundaryIs>
                  </Polygon>
                  <Polygon>
                    <altitudeMode>absolute</altitudeMode>
                    <outerBoundaryIs>
                      <LinearRing>
                        <coordinates>7.477363934315723,47.0659196179747,556.473958180918 7.477363934315723,47.0659196179747,584.3939581809179 7.477045799310559,47.065631449659406,584.3939581809179 7.477045799310559,47.065631449659406,556.473958180918</coordinates>
                      </LinearRing>
                    </outerBoundaryIs>
                  </Polygon>
                </MultiGeometry>
              </Placemark>
            </Folder>
          </Folder>
          <Folder>
            <name>E168: uss1 astm.f3548.v21.dss.queryOperationalIntentReferences</name>
            <Placemark>
              <name>area_of_interest</name>
              <styleUrl>#QueryArea</styleUrl>
              <description><![CDATA[<ul><li>uss2's Activated 1384af94-b683-4dda-985e-8fa70a5468a9[2]</li><li>uss1's Activated f70a24a9-78e8-4661-95c9-73e98467e51a[2]</li></ul>]]></description>
              <TimeSpan>
                <begin>2026-10-07T03:45:00.225501+00:00</begin>
                <end>2026-10-07T04:30:01.225501+00:00</end>
              </TimeSpan>
              <MultiGeometry>
                <Polygon>
                  <altitudeMode>absolute</altitudeMode>
                  <outerBoundaryIs>
                    <LinearRing>
                      <coordinates>7.477045799310559,47.06517082637769,556.473949427435 7.477045799310559,47.0659196179747,556.473949427435 7.477627920960395,47.0659196179747,556.473949427435 7.477627920960395,47.06517082637769,556.473949427435</coordinates>
                    </LinearRing>
                  </outerBoundaryIs>
                </Polygon>
                <Polygon>
                  <altitudeMode>absolute</altitudeMode>
                  <outerBoundaryIs>
                    <LinearRing>
                      <coordinates>7.477045799310559,47.06517082637769,584.393949427435 7.477045799310559,47.0659196179747,584.393949427435 7.477627920960395,47.0659196179747,584.393949427435 7.477627920960395,47.06517082637769,584.393949427435</coordinates>
                    </LinearRing>
                  </outerBoundaryIs>
                </Polygon>
                <Polygon>
                  <altitudeMode>absolute</altitudeMode>
                  <outerBoundaryIs>
                    <LinearRing>
                      <coordinates>7.477045799310559,47.06517082637769,556.473949427435 7.477045799310559,47.06517082637769,584.393949427435 7.477045799310559,47.0659196179747,584.393949427435 7.477045799310559,47.0659196179747,556.473949427435</coordinates>
                    </LinearRing>
                  </outerBoundaryIs>
                </Polygon>
                <Polygon>
                  <altitudeMode>absolute</altitudeMode>
                  <outerBoundaryIs>
                    <LinearRing>
                      <coordinates>7.477045799310559,47.0659196179747,556.473949427435 7.477045799310559,47.0659196179747,584.393949427435 7.477627920960395,47.0659196179747,584.393949427435 7.477627920960395,47.0659196179747,556.473949427435</coordinates>
                    </LinearRing>
                  </outerBoundaryIs>
                </Polygon>
                <Polygon>
                  <altitudeMode>absolute</altitudeMode>
                  <outerBoundaryIs>
                    <LinearRing>
                      <coordinates>7.477627920960395,47.0659196179747,556.473949427435 7.477627920960395,47.0659196179747,584.393949427435 7.477627920960395,47.06517082637769,584.393949427435 7.477627920960395,47.06517082637769,556.473949427435</coordinates>
                    </LinearRing>
                  </outerBoundaryIs>
                </Polygon>
                <Polygon>
                  <altitudeMode>absolute</altitudeMode>
                  <outerBoundaryIs>
                    <LinearRing>
                      <coordinates>7.477627920960395,47.06517082637769,556.473949427435 7.477627920960395,47.06517082637769,584.393949427435 7.477045799310559,47.06517082637769,584.393949427435 7.477045799310559,47.06517082637769,556.473949427435</coordinates>
                    </LinearRing>
                  </outerBoundaryIs>
                </Polygon>
              </MultiGeometry>
            </Placemark>
          </Folder>
          <Folder>
            <name>E173: uss1 astm.f3548.v21.uss.getOperationalIntentDetails</name>
            <Folder>
              <name>uss1's P100 Activated f70a24a9-78e8-4661-95c9-73e98467e51a[2] @ oKR-8-wbSwfEkOK1R9VPp5-rV8V6sUzhb0BPi1eEyhQ_</name>
              <Placemark>
                <name>Nominal volume 0</name>
                <styleUrl>#F3548v21Activated</styleUrl>
                <TimeSpan>
                  <begin>2026-10-07T03:45:01.258234+00:00</begin>
                  <end>2026-10-07T04:30:01.225501+00:00</end>
                </TimeSpan>
                <MultiGeometry>
                  <Polygon>
                    <altitudeMode>absolute</altitudeMode>
                    <outerBoundaryIs>
                      <LinearRing>
                        <coordinates>7.477045799310559,47.065631449659406,556.473958180918 7.477301456393047,47.06517082637769,556.473958180918 7.477627920960395,47.06555883284356,556.473958180918 7.477363934315723,47.0659196179747,556.473958180918</coordinates>
                      </LinearRing>
                    </outerBoundaryIs>
                  </Polygon>
                  <Polygon>
                    <altitudeMode>absolute</altitudeMode>
                    <outerBoundaryIs>
                      <LinearRing>
                        <coordinates>7.477045799310559,47.065631449659406,584.3939581809179 7.477301456393047,47.06517082637769,584.3939581809179 7.477627920960395,47.06555883284356,584.3939581809179 7.477363934315723,47.0659196179747,584.3939581809179</coordinates>
                      </LinearRing>
                    </outerBoundaryIs>
                  </Polygon>
                  <Polygon>
                    <altitudeMode>absolute</altitudeMode>
                    <outerBoundaryIs>
                      <LinearRing>
                        <coordinates>7.477045799310559,47.065631449659406,556.473958180918 7.477045799310559,47.065631449659406,584.3939581809179 7.477301456393047,47.06517082637769,584.3939581809179 7.477301456393047,47.06517082637769,556.473958180918</coordinates>
                      </LinearRing>
                    </outerBoundaryIs>
                  </Polygon>
                  <Polygon>
                    <altitudeMode>absolute</altitudeMode>
                    <outerBoundaryIs>
                      <LinearRing>
                        <coordinates>7.477301456393047,47.06517082637769,556.473958180918 7.477301456393047,47.06517082637769,584.3939581809179 7.477627920960395,47.06555883284356,584.3939581809179 7.477627920960395,47.06555883284356,556.473958180918</coordinates>
                      </LinearRing>
                    </outerBoundaryIs>
                  </Polygon>
                  <Polygon>
                    <altitudeMode>absolute</altitudeMode>
                    <outerBoundaryIs>
                      <LinearRing>
                        <coordinates>7.477627920960395,47.06555883284356,556.473958180918 7.477627920960395,47.06555883284356,584.3939581809179 7.477363934315723,47.0659196179747,584.3939581809179 7.477363934315723,47.0659196179747,556.473958180918</coordinates>
                      </LinearRing>
                    </outerBoundaryIs>
                  </Polygon>
                  <Polygon>
                    <altitudeMode>absolute</altitudeMode>
                    <outerBoundaryIs>
                      <LinearRing>
                        <coordinates>7.477363934315723,47.0659196179747,556.473958180918 7.477363934315723,47.0659196179747,584.3939581809179 7.477045799310559,47.065631449659406,584.3939581809179 7.477045799310559,47.065631449659406,556.473958180918</coordinates>
                      </LinearRing>
                    </outerBoundaryIs>
                  </Polygon>
                </MultiGeometry>
              </Placemark>
            </Folder>
          </Folder>
        </Folder>
        <Folder>
          <name>Check for conflict notifications</name>
        </Folder>
        <Folder>
          <name>Modify activated Flight 1 in conflict with activated Flight 2</name>
          <Folder>
            <name>E186: uss1 astm.f3548.v21.dss.queryOperationalIntentReferences</name>
            <Placemark>
              <name>area_of_interest</name>
              <styleUrl>#QueryArea</styleUrl>
              <description><![CDATA[<ul><li>uss2's Activated 1384af94-b683-4dda-985e-8fa70a5468a9[2]</li><li>uss1's Activated f70a24a9-78e8-4661-95c9-73e98467e51a[2]</li></ul>]]></description>
              <TimeSpan>
                <begin>2026-10-07T03:45:00.467565+00:00</begin>
                <end>2026-10-07T04:30:01.467565+00:00</end>
              </TimeSpan>
              <MultiGeometry>
                <Polygon>
                  <altitudeMode>absolute</altitudeMode>
                  <outerBoundaryIs>
                    <LinearRing>
                      <coordinates>7.477085765467653,47.06513961490564,526.3441784313209 7.477085765467653,47.06552877375427,526.3441784313209 7.478107593947205,47.06552877375427,526.3441784313209 7.478107593947205,47.06513961490564,526.3441784313209</coordinates>
                    </LinearRing>
                  </outerBoundaryIs>
                </Polygon>
                <Polygon>
                  <altitudeMode>absolute</altitudeMode>
                  <outerBoundaryIs>
                    <LinearRing>
                      <coordinates>7.477085765467653,47.06513961490564,586.3941784313208 7.477085765467653,47.06552877375427,586.3941784313208 7.478107593947205,47.06552877375427,586.3941784313208 7.478107593947205,47.06513961490564,586.3941784313208</coordinates>
                    </LinearRing>
                  </outerBoundaryIs>
                </Polygon>
                <Polygon>
                  <altitudeMode>absolute</altitudeMode>
                  <outerBoundaryIs>
                    <LinearRing>
                      <coordinates>7.477085765467653,47.06513961490564,526.3441784313209 7.477085765467653,47.06513961490564,586.3941784313208 7.477085765467653,47.06552877375427,586.3941784313208 7.477085765467653,47.06552877375427,526.3441784313209</coordinates>
                    </LinearRing>
                  </outerBoundaryIs>
                </Polygon>
                <Polygon>
                  <altitudeMode>absolute</altitudeMode>
                  <outerBoundaryIs>
                    <LinearRing>
                      <coordinates>7.477085765467653,47.06552877375427,526.3441784313209 7.477085765467653,47.06552877375427,586.3941784313208 7.478107593947205,47.06552877375427,586.3941784313208 7.478107593947205,47.06552877375427,526.3441784313209</coordinates>
                    </LinearRing>
                  </outerBoundaryIs>
                </Polygon>
                <Polygon>
                  <altitudeMode>absolute</altitudeMode>
                  <outerBoundaryIs>
                    <LinearRing>
                      <coordinates>7.478107593947205,47.06552877375427,526.3441784313209 7.478107593947205,47.06552877375427,586.3941784313208 7.478107593947205,47.06513961490564,586.3941784313208 7.478107593947205,47.06513961490564,526.3441784313209</coordinates>
                    </LinearRing>
                  </outerBoundaryIs>
                </Polygon>
                <Polygon>
                  <altitudeMode>absolute</altitudeMode>
                  <outerBoundaryIs>
                    <LinearRing>
                      <coordinates>7.478107593947205,47.06513961490564,526.3441784313209 7.478107593947205,47.06513961490564,586.3941784313208 7.477085765467653,47.06513961490564,586.3941784313208 7.477085765467653,47.06513961490564,526.3441784313209</coordinates>
                    </LinearRing>
                  </outerBoundaryIs>
                </Polygon>
              </MultiGeometry>
            </Placemark>
          </Folder>
          <Folder>
            <name>E193: uss1 astm.f3548.v21.dss.queryOperationalIntentReferences</name>
            <Placemark>
              <name>area_of_interest</name>
              <styleUrl>#QueryArea</styleUrl>
              <description><![CDATA[<ul><li>uss2's Activated 1384af94-b683-4dda-985e-8fa70a5468a9[3]</li><li>uss1's Activated f70a24a9-78e8-4661-95c9-73e98467e51a[2]</li></ul>]]></description>
              <TimeSpan>
                <begin>2026-10-07T03:45:00.467565+00:00</begin>
                <end>2026-10-07T04:30:01.467565+00:00</end>
              </TimeSpan>
              <MultiGeometry>
                <Polygon>
                  <altitudeMode>absolute</altitudeMode>
                  <outerBoundaryIs>
                    <LinearRing>
                      <coordinates>7.477085765467653,47.06513961490564,526.3441784313209 7.477085765467653,47.06552877375427,526.3441784313209 7.478107593947205,47.06552877375427,526.3441784313209 7.478107593947205,47.06513961490564,526.3441784313209</coordinates>
                    </LinearRing>
                  </outerBoundaryIs>
                </Polygon>
                <Polygon>
                  <altitudeMode>absolute</altitudeMode>
                  <outerBoundaryIs>
                    <LinearRing>
                      <coordinates>7.477085765467653,47.06513961490564,586.3941784313208 7.477085765467653,47.06552877375427,586.3941784313208 7.478107593947205,47.06552877375427,586.3941784313208 7.478107593947205,47.06513961490564,586.3941784313208</coordinates>
                    </LinearRing>
                  </outerBoundaryIs>
                </Polygon>
                <Polygon>
                  <altitudeMode>absolute</altitudeMode>
                  <outerBoundaryIs>
                    <LinearRing>
                      <coordinates>7.477085765467653,47.06513961490564,526.3441784313209 7.477085765467653,47.06513961490564,586.3941784313208 7.477085765467653,47.06552877375427,586.3941784313208 7.477085765467653,47.06552877375427,526.3441784313209</coordinates>
                    </LinearRing>
                  </outerBoundaryIs>
                </Polygon>
                <Polygon>
                  <altitudeMode>absolute</altitudeMode>
                  <outerBoundaryIs>
                    <LinearRing>
                      <coordinates>7.477085765467653,47.06552877375427,526.3441784313209 7.477085765467653,47.06552877375427,586.3941784313208 7.478107593947205,47.06552877375427,586.3941784313208 7.478107593947205,47.06552877375427,526.3441784313209</coordinates>
                    </LinearRing>
                  </outerBoundaryIs>
                </Polygon>
                <Polygon>
                  <altitudeMode>absolute</altitudeMode>
                  <outerBoundaryIs>
                    <LinearRing>
                      <coordinates>7.478107593947205,47.06552877375427,526.3441784313209 7.478107593947205,47.06552877375427,586.3941784313208 7.478107593947205,47.06513961490564,586.3941784313208 7.478107593947205,47.06513961490564,526.3441784313209</coordinates>
                    </LinearRing>
                  </outerBoundaryIs>
                </Polygon>
                <Polygon>
                  <altitudeMode>absolute</altitudeMode>
                  <outerBoundaryIs>
                    <LinearRing>
                      <coordinates>7.478107593947205,47.06513961490564,526.3441784313209 7.478107593947205,47.06513961490564,586.3941784313208 7.477085765467653,47.06513961490564,586.3941784313208 7.477085765467653,47.06513961490564,526.3441784313209</coordinates>
                    </LinearRing>
                  </outerBoundaryIs>
                </Polygon>
              </MultiGeometry>
            </Placemark>
          </Folder>
          <Folder>
            <name>E198: uss2 astm.f3548.v21.uss.getOperationalIntentDetails</name>
            <Folder>
              <name>uss2's P0 Activated 1384af94-b683-4dda-985e-8fa70a5468a9[3] @ rbkF76Xlt0QQhUleVISAcVYqCFuD4YA.cJY7eQktNEw_</name>
              <Placemark>
                <name>Nominal volume 0</name>
                <styleUrl>#F3548v21Activated</styleUrl>
                <TimeSpan>
                  <begin>2026-10-07T03:45:01.502795+00:00</begin>
                  <end>2026-10-07T04:30:01.467565+00:00</end>
                </TimeSpan>
                <MultiGeometry>
                  <Polygon>
                    <altitudeMode>absolute</altitudeMode>
                    <outerBoundaryIs>
                      <LinearRing>
                        <coordinates>7.4774521922047015,47.06521507142086,526.34440452037 7.47747718403083,47.06551458803094,526.34440452037 7.478063469687955,47.06549188844276,526.34440452037 7.478107593947205,47.06513961490564,526.34440452037</coordinates>
                      </LinearRing>
                    </outerBoundaryIs>
                  </Polygon>
                  <Polygon>
                    <altitudeMode>absolute</altitudeMode>
                    <outerBoundaryIs>
                      <LinearRing>
                        <coordinates>7.4774521922047015,47.06521507142086,586.3944045203699 7.47747718403083,47.06551458803094,586.3944045203699 7.478063469687955,47.06549188844276,586.3944045203699 7.478107593947205,47.06513961490564,586.3944045203699</coordinates>
                      </LinearRing>
                    </outerBoundaryIs>
                  </Polygon>
                  <Polygon>
                    <altitudeMode>absolute</altitudeMode>
                    <outerBoundaryIs>
                      <LinearRing>
                        <coordinates>7.4774521922047015,47.06521507142086,526.34440452037 7.4774521922047015,47.06521507142086,586.3944045203699 7.47747718403083,47.06551458803094,586.3944045203699 7.47747718403083,47.06551458803094,526.34440452037</coordinates>
                      </LinearRing>
                    </outerBoundaryIs>
                  </Polygon>
                  <Polygon>
                    <altitudeMode>absolute</altitudeMode>
                    <outerBoundaryIs>
                      <LinearRing>
                        <coordinates>7.47747718403083,47.06551458803094,526.34440452037 7.47747718403083,47.06551458803094,586.3944045203699 7.478063469687955,47.06549188844276,586.3944045203699 7.478063469687955,47.06549188844276,526.34440452037</coordinates>
                      </LinearRing>
                    </outerBoundaryIs>
                  </Polygon>
                  <Polygon>
                    <altitudeMode>absolute</altitudeMode>
                    <outerBoundaryIs>
                      <LinearRing>
                        <coordinates>7.478063469687955,47.06549188844276,526.34440452037 7.478063469687955,47.06549188844276,586.3944045203699 7.478107593947205,47.06513961490564,586.3944045203699 7.478107593947205,47.06513961490564,526.34440452037</coordinates>
                      </LinearRing>
                    </outerBoundaryIs>
                  </Polygon>
                  <Polygon>
                    <altitudeMode>absolute</altitudeMode>
                    <outerBoundaryIs>
                      <LinearRing>
                        <coordinates>7.478107593947205,47.06513961490564,526.34440452037 7.478107593947205,47.06513961490564,586.3944045203699 7.4774521922047015,47.06521507142086,586.3944045203699 7.4774521922047015,47.06521507142086,526.34440452037</coordinates>
                      </LinearRing>
                    </outerBoundaryIs>
                  </Polygon>
                </MultiGeometry>
              </Placemark>
            </Folder>
          </Folder>
        </Folder>
      </Folder>
      <Folder>
        <name>Attempt to modify activated flight into conflict</name>
        <Folder>
          <name>Modify activated Flight 2 to not conflict with activated Flight 1</name>
          <Folder>
            <name>E207: uss1 astm.f3548.v21.dss.queryOperationalIntentReferences</name>
            <Placemark>
              <name>area_of_interest</name>
              <styleUrl>#QueryArea</styleUrl>
              <description><![CDATA[<ul><li>uss2's Activated 1384af94-b683-4dda-985e-8fa70a5468a9[3]</li><li>uss1's Activated f70a24a9-78e8-4661-95c9-73e98467e51a[2]</li></ul>]]></description>
              <TimeSpan>
                <begin>2026-10-07T03:45:00.688851+00:00</begin>
                <end>2026-10-07T04:30:01.688851+00:00</end>
              </TimeSpan>
              <MultiGeometry>
                <Polygon>
                  <altitudeMode>absolute</altitudeMode>
                  <outerBoundaryIs>
                    <LinearRing>
                      <coordinates>7.477045799310559,47.065547483038834,553.3042187431975 7.477045799310559,47.0659196179747,553.3042187431975 7.477921064062588,47.0659196179747,553.3042187431975 7.477921064062588,47.065547483038834,553.3042187431975</coordinates>
                    </LinearRing>
                  </outerBoundaryIs>
                </Polygon>
                <Polygon>
                  <altitudeMode>absolute</altitudeMode>
                  <outerBoundaryIs>
                    <LinearRing>
                      <coordinates>7.477045799310559,47.065547483038834,606.3942187431975 7.477045799310559,47.0659196179747,606.3942187431975 7.477921064062588,47.0659196179747,606.3942187431975 7.477921064062588,47.065547483038834,606.3942187431975</coordinates>
                    </LinearRing>
                  </outerBoundaryIs>
                </Polygon>
                <Polygon>
                  <altitudeMode>absolute</altitudeMode>
                  <outerBoundaryIs>
                    <LinearRing>
                      <coordinates>7.477045799310559,47.065547483038834,553.3042187431975 7.477045799310559,47.065547483038834,606.3942187431975 7.477045799310559,47.0659196179747,606.3942187431975 7.477045799310559,47.0659196179747,553.3042187431975</coordinates>
                    </LinearRing>
                  </outerBoundaryIs>
                </Polygon>
                <Polygon>
                  <altitudeMode>absolute</altitudeMode>
                  <outerBoundaryIs>
                    <LinearRing>
                      <coordinates>7.477045799310559,47.0659196179747,553.3042187431975 7.477045799310559,47.0659196179747,606.3942187431975 7.477921064062588,47.0659196179747,606.3942187431975 7.477921064062588,47.0659196179747,553.3042187431975</coordinates>
                    </LinearRing>
                  </outerBoundaryIs>
                </Polygon>
                <Polygon>
                  <altitudeMode>absolute</altitudeMode>
                  <outerBoundaryIs>
                    <LinearRing>
                      <coordinates>7.477921064062588,47.0659196179747,553.3042187431975 7.477921064062588,47.0659196179747,606.3942187431975 7.477921064062588,47.065547483038834,606.3942187431975 7.477921064062588,47.065547483038834,553.3042187431975</coordinates>
                    </LinearRing>
                  </outerBoundaryIs>
                </Polygon>
                <Polygon>
                  <altitudeMode>absolute</altitudeMode>
                  <outerBoundaryIs>
                    <LinearRing>
                      <coordinates>7.477921064062588,47.065547483038834,553.3042187431975 7.477921064062588,47.065547483038834,606.3942187431975 7.477045799310559,47.065547483038834,606.3942187431975 7.477045799310559,47.065547483038834,553.3042187431975</coordinates>
                    </LinearRing>
                  </outerBoundaryIs>
                </Polygon>
              </MultiGeometry>
            </Placemark>
          </Folder>
          <Folder>
            <name>E209: uss1 interuss.automated_testing.flight_planning.v1.UpsertFlightPlan</name>
            <Folder>
              <name>Activity Completed, flight OkToFly</name>
              <Placemark>
                <name>Volume 0</name>
                <styleUrl>#InUse_Nominal</styleUrl>
                <TimeSpan>
                  <begin>2026-10-07T03:45:00.688851+00:00</begin>
                  <end>2026-10-07T04:30:01.688851+00:00</end>
                </TimeSpan>
                <MultiGeometry>
                  <Polygon>
                    <altitudeMode>absolute</altitudeMode>
                    <outerBoundaryIs>
                      <LinearRing>
                        <coordinates>7.477045799310559,47.065631449659406,553.3041533602042 7.477921064062588,47.065547483038834,553.3041533602042 7.477363934315723,47.0659196179747,553.3041533602042</coordinates>
                      </LinearRing>
                    </outerBoundaryIs>
                  </Polygon>
                  <Polygon>
                    <altitudeMode>absolute</altitudeMode>
                    <outerBoundaryIs>
                      <LinearRing>
                        <coordinates>7.477045799310559,47.065631449659406,606.3941533602042 7.477921064062588,47.065547483038834,606.3941533602042 7.477363934315723,47.0659196179747,606.3941533602042</coordinates>
                      </LinearRing>
                    </outerBoundaryIs>
                  </Polygon>
                  <Polygon>
                    <altitudeMode>absolute</altitudeMode>
                    <outerBoundaryIs>
                      <LinearRing>
                        <coordinates>7.477045799310559,47.065631449659406,553.3041533602042 7.477045799310559,47.065631449659406,606.3941533602042 7.477921064062588,47.065547483038834,606.3941533602042 7.477921064062588,47.065547483038834,553.3041533602042</coordinates>
                      </LinearRing>
                    </outerBoundaryIs>
                  </Polygon>
                  <Polygon>
                    <altitudeMode>absolute</altitudeMode>
                    <outerBoundaryIs>
                      <LinearRing>
                        <coordinates>7.477921064062588,47.065547483038834,553.3041533602042 7.477921064062588,47.065547483038834,606.3941533602042 7.477363934315723,47.0659196179747,606.3941533602042 7.477363934315723,47.0659196179747,553.3041533602042</coordinates>
                      </LinearRing>
                    </outerBoundaryIs>
                  </Polygon>
                  <Polygon>
                    <altitudeMode>absolute</altitudeMode>
                    <outerBoundaryIs>
                      <LinearRing>
                        <coordinates>7.477363934315723,47.0659196179747,553.3041533602042 7.477363934315723,47.0659196179747,606.3941533602042 7.477045799310559,47.065631449659406,606.3941533602042 7.477045799310559,47.065631449659406,553.3041533602042</coordinates>
                      </LinearRing>
                    </outerBoundaryIs>
                  </Polygon>
                </MultiGeometry>
              </Placemark>
            </Folder>
          </Folder>
          <Folder>
            <name>E213: uss1 astm.f3548.v21.dss.queryOperationalIntentReferences</name>
            <Placemark>
              <name>area_of_interest</name>
              <styleUrl>#QueryArea</styleUrl>
              <description><![CDATA[<ul><li>uss2's Activated 1384af94-b683-4dda-985e-8fa70a5468a9[3]</li><li>uss1's Activated f70a24a9-78e8-4661-95c9-73e98467e51a[3]</li></ul>]]></description>
              <TimeSpan>
                <begin>2026-10-07T03:45:00.688851+00:00</begin>
                <end>2026-10-07T04:30:01.688851+00:00</end>
              </TimeSpan>
              <MultiGeometry>
                <Polygon>
                  <altitudeMode>absolute</altitudeMode>
                  <outerBoundaryIs>
                    <LinearRing>
                      <coordinates>7.477045799310559,47.065547483038834,553.3042187431975 7.477045799310559,47.0659196179747,553.3042187431975 7.477921064062588,47.0659196179747,553.3042187431975 7.477921064062588,47.065547483038834,553.3042187431975</coordinates>
                    </LinearRing>
                  </outerBoundaryIs>
                </Polygon>
                <Polygon>
                  <altitudeMode>absolute</altitudeMode>
                  <outerBoundaryIs>
                    <LinearRing>
                      <coordinates>7.477045799310559,47.065547483038834,606.3942187431975 7.477045799310559,47.0659196179747,606.3942187431975 7.477921064062588,47.0659196179747,606.3942187431975 7.477921064062588,47.065547483038834,606.3942187431975</coordinates>
                    </LinearRing>
                  </outerBoundaryIs>
                </Polygon>
                <Polygon>
                  <altitudeMode>absolute</altitudeMode>
                  <outerBoundaryIs>
                    <LinearRing>
                      <coordinates>7.477045799310559,47.065547483038834,553.3042187431975 7.477045799310559,47.065547483038834,606.3942187431975 7.477045799310559,47.0659196179747,606.3942187431975 7.477045799310559,47.0659196179747,553.3042187431975</coordinates>
                    </LinearRing>
                  </outerBoundaryIs>
                </Polygon>
                <Polygon>
                  <altitudeMode>absolute</altitudeMode>
                  <outerBoundaryIs>
                    <LinearRing>
                      <coordinates>7.477045799310559,47.0659196179747,553.3042187431975 7.477045799310559,47.0659196179747,606.3942187431975 7.477921064062588,47.0659196179747,606.3942187431975 7.477921064062588,47.0659196179747,553.3042187431975</coordinates>
                    </LinearRing>
                  </outerBoundaryIs>
                </Polygon>
                <Polygon>
                  <altitudeMode>absolute</altitudeMode>
                  <outerBoundaryIs>
                    <LinearRing>
                      <coordinates>7.477921064062588,47.0659196179747,553.3042187431975 7.477921064062588,47.0659196179747,606.3942187431975 7.477921064062588,47.065547483038834,606.3942187431975 7.477921064062588,47.065547483038834,553.3042187431975</coordinates>
                    </LinearRing>
                  </outerBoundaryIs>
                </Polygon>
                <Polygon>
                  <altitudeMode>absolute</altitudeMode>
                  <outerBoundaryIs>
                    <LinearRing>
                      <coordinates>7.477921064062588,47.065547483038834,553.3042187431975 7.477921064062588,47.065547483038834,606.3942187431975 7.477045799310559,47.065547483038834,606.3942187431975 7.477045799310559,47.065547483038834,553.3042187431975</coordinates>
                    </LinearRing>
                  </outerBoundaryIs>
                </Polygon>
              </MultiGeometry>
            </Placemark>
          </Folder>
          <Folder>
            <name>E218: uss1 astm.f3548.v21.uss.getOperationalIntentDetails</name>
            <Folder>
              <name>uss1's P100 Activated f70a24a9-78e8-4661-95c9-73e98467e51a[3] @ h5PHLzSEqBqq2QNAoVByyVU0HQUv6FWLErtgU3mOWmY_</name>
              <Placemark>
                <name>Nominal volume 0</name>
                <styleUrl>#F3548v21Activated</styleUrl>
                <TimeSpan>
                  <begin>2026-10-07T03:45:01.722348+00:00</begin>
                  <end>2026-10-07T04:30:01.688851+00:00</end>
                </TimeSpan>
                <MultiGeometry>
                  <Polygon>
                    <altitudeMode>absolute</altitudeMode>
                    <outerBoundaryIs>
                      <LinearRing>
                        <coordinates>7.477045799310559,47.065631449659406,553.3041533602042 7.477921064062588,47.065547483038834,553.3041533602042 7.477363934315723,47.0659196179747,553.3041533602042</coordinates>
                      </LinearRing>
                    </outerBoundaryIs>
                  </Polygon>
                  <Polygon>
                    <altitudeMode>absolute</altitudeMode>
                    <outerBoundaryIs>
                      <LinearRing>
                        <coordinates>7.477045799310559,47.065631449659406,606.3941533602042 7.477921064062588,47.065547483038834,606.3941533602042 7.477363934315723,47.0659196179747,606.3941533602042</coordinates>
                      </LinearRing>
                    </outerBoundaryIs>
                  </Polygon>
                  <Polygon>
                    <altitudeMode>absolute</altitudeMode>
                    <outerBoundaryIs>
                      <LinearRing>
                        <coordinates>7.477045799310559,47.065631449659406,553.3041533602042 7.477045799310559,47.065631449659406,606.3941533602042 7.477921064062588,47.065547483038834,606.3941533602042 7.477921064062588,47.065547483038834,553.3041533602042</coordinates>
                      </LinearRing>
                    </outerBoundaryIs>
                  </Polygon>
                  <Polygon>
                    <altitudeMode>absolute</altitudeMode>
                    <outerBoundaryIs>
                      <LinearRing>
                        <coordinates>7.477921064062588,47.065547483038834,553.3041533602042 7.477921064062588,47.065547483038834,606.3941533602042 7.477363934315723,47.0659196179747,606.3941533602042 7.477363934315723,47.0659196179747,553.3041533602042</coordinates>
                      </LinearRing>
                    </outerBoundaryIs>
                  </Polygon>
                  <Polygon>
                    <altitudeMode>absolute</altitudeMode>
                    <outerBoundaryIs>
                      <LinearRing>
                        <coordinates>7.477363934315723,47.0659196179747,553.3041533602042 7.477363934315723,47.0659196179747,606.3941533602042 7.477045799310559,47.065631449659406,606.3941533602042 7.477045799310559,47.065631449659406,553.3041533602042</coordinates>
                      </LinearRing>
                    </outerBoundaryIs>
                  </Polygon>
                </MultiGeometry>
              </Placemark>
            </Folder>
          </Folder>
        </Folder>
        <Folder>
          <name>Attempt to modify activated Flight 1 into conflict</name>
          <Folder>
            <name>E227: uss1 astm.f3548.v21.dss.queryOperationalIntentReferences</name>
            <Placemark>
              <name>area_of_interest</name>
              <styleUrl>#QueryArea</styleUrl>
              <description><![CDATA[<ul><li>uss2's Activated 1384af94-b683-4dda-985e-8fa70a5468a9[3]</li><li>uss1's Activated f70a24a9-78e8-4661-95c9-73e98467e51a[3]</li></ul>]]></description>
              <TimeSpan>
                <begin>2026-10-07T03:45:00.911289+00:00</begin>
                <end>2026-10-07T04:30:01.911289+00:00</end>
              </TimeSpan>
              <MultiGeometry>
                <Polygon>
                  <altitudeMode>absolute</altitudeMode>
                  <outerBoundaryIs>
                    <LinearRing>
                      <coordinates>7.4774521922047015,47.06513961490564,526.3444932534536 7.4774521922047015,47.06590259399747,526.3444932534536 7.478107593947205,47.06590259399747,526.3444932534536 7.478107593947205,47.06513961490564,526.3444932534536</coordinates>
                    </LinearRing>
                  </outerBoundaryIs>
                </Polygon>
                <Polygon>
                  <altitudeMode>absolute</altitudeMode>
                  <outerBoundaryIs>
                    <LinearRing>
                      <coordinates>7.4774521922047015,47.06513961490564,591.3944932534536 7.4774521922047015,47.06590259399747,591.3944932534536 7.478107593947205,47.06590259399747,591.3944932534536 7.478107593947205,47.06513961490564,591.3944932534536</coordinates>
                    </LinearRing>
                  </outerBoundaryIs>
                </Polygon>
                <Polygon>
                  <altitudeMode>absolute</altitudeMode>
                  <outerBoundaryIs>
                    <LinearRing>
                      <coordinates>7.4774521922047015,47.06513961490564,526.3444932534536 7.4774521922047015,47.06513961490564,591.3944932534536 7.4774521922047015,47.06590259399747,591.3944932534536 7.4774521922047015,47.06590259399747,526.3444932534536</coordinates>
                    </LinearRing>
                  </outerBoundaryIs>
                </Polygon>
                <Polygon>
                  <altitudeMode>absolute</altitudeMode>
                  <outerBoundaryIs>
                    <LinearRing>
                      <coordinates>7.4774521922047015,47.06590259399747,526.3444932534536 7.4774521922047015,47.06590259399747,591.3944932534536 7.478107593947205,47.06590259399747,591.3944932534536 7.478107593947205,47.06590259399747,526.3444932534536</coordinates>
                    </LinearRing>
                  </outerBoundaryIs>
                </Polygon>
                <Polygon>
                  <altitudeMode>absolute</altitudeMode>
                  <outerBoundaryIs>
                    <LinearRing>
                      <coordinates>7.478107593947205,47.06590259399747,526.3444932534536 7.478107593947205,47.06590259399747,591.3944932534536 7.478107593947205,47.06513961490564,591.3944932534536 7.478107593947205,47.06513961490564,526.3444932534536</coordinates>
                    </LinearRing>
                  </outerBoundaryIs>
                </Polygon>
                <Polygon>
                  <altitudeMode>absolute</altitudeMode>
                  <outerBoundaryIs>
                    <LinearRing>
                      <coordinates>7.478107593947205,47.06513961490564,526.3444932534536 7.478107593947205,47.06513961490564,591.3944932534536 7.4774521922047015,47.06513961490564,591.3944932534536 7.4774521922047015,47.06513961490564,526.3444932534536</coordinates>
                    </LinearRing>
                  </outerBoundaryIs>
                </Polygon>
              </MultiGeometry>
            </Placemark>
          </Folder>
          <Folder>
            <name>E232: uss1 astm.f3548.v21.dss.queryOperationalIntentReferences</name>
            <Placemark>
              <name>area_of_interest</name>
              <styleUrl>#QueryArea</styleUrl>
              <description><![CDATA[<ul><li>uss2's Activated 1384af94-b683-4dda-985e-8fa70a5468a9[3]</li><li>uss1's Activated f70a24a9-78e8-4661-95c9-73e98467e51a[3]</li></ul>]]></description>
              <TimeSpan>
                <begin>2026-10-07T03:45:00.911289+00:00</begin>
                <end>2026-10-07T04:30:01.911289+00:00</end>
              </TimeSpan>
              <MultiGeometry>
                <Polygon>
                  <altitudeMode>absolute</altitudeMode>
                  <outerBoundaryIs>
                    <LinearRing>
                      <coordinates>7.4774521922047015,47.06513961490564,526.3444932534536 7.4774521922047015,47.06590259399747,526.3444932534536 7.478107593947205,47.06590259399747,526.3444932534536 7.478107593947205,47.06513961490564,526.3444932534536</coordinates>
                    </LinearRing>
                  </outerBoundaryIs>
                </Polygon>
                <Polygon>
                  <altitudeMode>absolute</altitudeMode>
                  <outerBoundaryIs>
                    <LinearRing>
                      <coordinates>7.4774521922047015,47.06513961490564,591.3944932534536 7.4774521922047015,47.06590259399747,591.3944932534536 7.478107593947205,47.06590259399747,591.3944932534536 7.478107593947205,47.06513961490564,591.3944932534536</coordinates>
                    </LinearRing>
                  </outerBoundaryIs>
                </Polygon>
                <Polygon>
                  <altitudeMode>absolute</altitudeMode>
                  <outerBoundaryIs>
                    <LinearRing>
                      <coordinates>7.4774521922047015,47.06513961490564,526.3444932534536 7.4774521922047015,47.06513961490564,591.3944932534536 7.4774521922047015,47.06590259399747,591.3944932534536 7.4774521922047015,47.06590259399747,526.3444932534536</coordinates>
                    </LinearRing>
                  </outerBoundaryIs>
                </Polygon>
                <Polygon>
                  <altitudeMode>absolute</altitudeMode>
                  <outerBoundaryIs>
                    <LinearRing>
                      <coordinates>7.4774521922047015,47.06590259399747,526.3444932534536 7.4774521922047015,47.06590259399747,591.3944932534536 7.478107593947205,47.06590259399747,591.3944932534536 7.478107593947205,47.06590259399747,526.3444932534536</coordinates>
                    </LinearRing>
                  </outerBoundaryIs>
                </Polygon>
                <Polygon>
                  <altitudeMode>absolute</altitudeMode>
                  <outerBoundaryIs>
                    <LinearRing>
                      <coordinates>7.478107593947205,47.06590259399747,526.3444932534536 7.478107593947205,47.06590259399747,591.3944932534536 7.478107593947205,47.06513961490564,591.3944932534536 7.478107593947205,47.06513961490564,526.3444932534536</coordinates>
                    </LinearRing>
                  </outerBoundaryIs>
                </Polygon>
                <Polygon>
                  <altitudeMode>absolute</altitudeMode>
                  <outerBoundaryIs>
                    <LinearRing>
                      <coordinates>7.478107593947205,47.06513961490564,526.3444932534536 7.478107593947205,47.06513961490564,591.3944932534536 7.4774521922047015,47.06513961490564,591.3944932534536 7.4774521922047015,47.06513961490564,526.3444932534536</coordinates>
                    </LinearRing>
                  </outerBoundaryIs>
                </Polygon>
              </MultiGeometry>
            </Placemark>
          </Folder>
        </Folder>
      </Folder>
      <Folder>
        <name/>
        <Folder>
          <name>Cleanup</name>
        </Folder>
      </Folder>
    </Folder>
  </Document>
</kml>
