<kml xmlns="http://www.opengis.net/kml/2.2" xmlns:atom="http://www.w3.org/2005/Atom" xmlns:gx="http://www.google.com/kml/ext/2.2">
  <Document>
    <Style id="QueryArea">
      <LineStyle>
        <color>ffc0c000</color>
        <width>3</width>
      </LineStyle>
      <PolyStyle>
        <color>80ffffaa</color>
      </PolyStyle>
    </Style>
    <Style id="F3548v21Accepted">
      <LineStyle>
        <color>ff00c000</color>
        <width>3</width>
      </LineStyle>
      <PolyStyle>
        <color>80c0c0c0</color>
      </PolyStyle>
    </Style>
    <Style id="F3548v21Activated">
      <LineStyle>
        <color>ff00c000</color>
        <width>3</width>
      </LineStyle>
      <PolyStyle>
        <color>8000ff00</color>
      </PolyStyle>
    </Style>
    <Style id="F3548v21Nonconforming">
      <LineStyle>
        <color>ff00ffff</color>
        <width>5</width>
      </LineStyle>
      <PolyStyle>
        <color>8000ffff</color>
      </PolyStyle>
    </Style>
    <Style id="F3548v21Contingent">
      <LineStyle>
        <color>ff0000ff</color>
        <width>5</width>
      </LineStyle>
      <PolyStyle>
        <color>80ff0000ff</color>
      </PolyStyle>
    </Style>
    <Style id="F3548v21AcceptedFuture">
      <LineStyle>
        <color>80c0c0c0</color>
        <width>1</width>
      </LineStyle>
      <PolyStyle>
        <color>00000000</color>
      </PolyStyle>
    </Style>
    <Style id="F3548v21ActivatedFuture">
      <LineStyle>
        <color>8040c040</color>
        <width>1</width>
      </LineStyle>
      <PolyStyle>
        <color>00000000</color>
      </PolyStyle>
    </Style>
    <Style id="F3548v21NonconformingFuture">
      <LineStyle>
        <color>8000ffff</color>
        <width>1</width>
      </LineStyle>
      <PolyStyle>
        <color>00000000</color>
      </PolyStyle>
    </Style>
    <Style id="F3548v21ContingentFuture">
      <LineStyle>
        <color>80ff0000ff</color>
        <width>1</width>
      </LineStyle>
      <PolyStyle>
        <color>00000000</color>
      </PolyStyle>
    </Style>
    <Style id="Planned_Nominal">
      <LineStyle>
        <color>ff00c000</color>
        <width>3</width>
      </LineStyle>
      <PolyStyle>
        <color>80808080</color>
      </PolyStyle>
    </Style>
    <Style id="InUse_Nominal">
      <LineStyle>
        <color>ff00c000</color>
        <width>3</width>
      </LineStyle>
      <PolyStyle>
        <color>8000ff00</color>
      </PolyStyle>
    </Style>
    <Style id="InUse_OffNominal">
      <LineStyle>
        <color>ff00ffff</color>
        <width>5</width>
      </LineStyle>
      <PolyStyle>
        <color>8000ff00</color>
      </PolyStyle>
    </Style>
    <Style id="InUse_Contingent">
      <LineStyle>
        <color>ff0000ff</color>
        <width>5</width>
      </LineStyle>
      <PolyStyle>
        <color>8000ff00</color>
      </PolyStyle>
    </Style>
    <Style id="unmodifiedtelemetry">
      <IconStyle>
        <scale>1.4</scale>
        <Icon>
          <href>http://maps.google.com/mapfiles/kml/shapes/placemark_circle.png</href>
        </Icon>
      </IconStyle>
    </Style>
    <Style id="modifiedtelemetry">
      <IconStyle>
        <scale>1.4</scale>
        <Icon>
          <href>http://maps.google.com/mapfiles/kml/shapes/placemark_square.png</href>
        </Icon>
      </IconStyle>
    </Style>
    <Style id="aircraft">
      <IconStyle>
        <scale>1.4</scale>
        <Icon>
          <href>http://maps.google.com/mapfiles/kml/shapes/airports.png</href>
        </Icon>
      </IconStyle>
    </Style>
    <Folder>
      <name>Nominal planning: conflict with higher priority</name>
      <Folder>
        <name>Prerequisites check</name>
        <Folder>
          <name>Verify area is clear</name>
          <Folder>
            <name>E3: uss1 astm.f3548.v21.dss.queryOperationalIntentReferences</name>
            <Placemark>
              <name>area_of_interest</name>
              <styleUrl>#QueryArea</styleUrl>
              <description><![CDATA[(no operational intent references found)]]></description>
              <TimeSpan>
                <begin>2026-10-07T03:45:01.107434+00:00</begin>
                <end>2026-10-07T05:15:02.107434+00:00</end>
              </TimeSpan>
              <MultiGeometry>
                <Polygon>
                  <altitudeMode>absolute</altitudeMode>
                  <outerBoundaryIs>
                    <LinearRing>
                      <coordinates>7.742479898503331,46.9745267709099,526.4276666585016 7.742479898503331,46.975308485059976,526.4276666585016 7.743537445362028,46.975308485059976,526.4276666585016 7.743537445362028,46.9745267709099,526.4276666585016</coordinates>
                    </LinearRing>
                  </outerBoundaryIs>
                </Polygon>
                <Polygon>
                  <altitudeMode>absolute</altitudeMode>
                  <outerBoundaryIs>
                    <LinearRing>
                      <coordinates>7.742479898503331,46.9745267709099,606.4776666585016 7.742479898503331,46.975308485059976,606.4776666585016 7.743537445362028,46.975308485059976,606.4776666585016 7.743537445362028,46.9745267709099,606.4776666585016</coordinates>
                    </LinearRing>
                  </outerBoundaryIs>
                </Polygon>
                <Polygon>
                  <altitudeMode>absolute</altitudeMode>
                  <outerBoundaryIs>
                    <LinearRing>
                      <coordinates>7.742479898503331,46.9745267709099,526.4276666585016 7.742479898503331,46.9745267709099,606.4776666585016 7.742479898503331,46.975308485059976,606.4776666585016 7.742479898503331,46.975308485059976,526.4276666585016</coordinates>
                    </LinearRing>
                  </outerBoundaryIs>
                </Polygon>
                <Polygon>
                  <altitudeMode>absolute</altitudeMode>
                  <outerBoundaryIs>
                    <LinearRing>
                      <coordinates>7.742479898503331,46.975308485059976,526.4276666585016 7.742479898503331,46.975308485059976,606.4776666585016 7.743537445362028,46.975308485059976,606.4776666585016 7.743537445362028,46.975308485059976,526.4276666585016</coordinates>
                    </LinearRing>
                  </outerBoundaryIs>
                </Polygon>
                <Polygon>
                  <altitudeMode>absolute</altitudeMode>
                  <outerBoundaryIs>
                    <LinearRing>
                      <coordinates>7.743537445362028,46.975308485059976,526.4276666585016 7.743537445362028,46.975308485059976,606.4776666585016 7.743537445362028,46.9745267709099,606.4776666585016 7.743537445362028,46.9745267709099,526.4276666585016</coordinates>
                    </LinearRing>
                  </outerBoundaryIs>
                </Polygon>
                <Polygon>
                  <altitudeMode>absolute</altitudeMode>
                  <outerBoundaryIs>
                    <LinearRing>
                      <coordinates>7.743537445362028,46.9745267709099,526.4276666585016 7.743537445362028,46.9745267709099,606.4776666585016 7.742479898503331,46.9745267709099,606.4776666585016 7.742479898503331,46.9745267709099,526.4276666585016</coordinates>
                    </LinearRing>
                  </outerBoundaryIs>
                </Polygon>
              </MultiGeometry>
            </Placemark>
          </Folder>
        </Folder>
      </Folder>
      <Folder>
        <name>Attempt to plan flight in conflict</name>
        <Folder>
          <name>Plan Flight 2</name>
          <Folder>
            <name>E6: uss1 astm.f3548.v21.dss.queryOperationalIntentReferences</name>
            <Placemark>
              <name>area_of_interest</name>
              <styleUrl>#QueryArea</styleUrl>
              <description><![CDATA[(no operational intent references found)]]></description>
              <TimeSpan>
                <begin>2026-10-07T03:45:01.188242+00:00</begin>
                <end>2026-10-07T04:30:02.188242+00:00</end>
              </TimeSpan>
              <MultiGeometry>
                <Polygon>
                  <altitudeMode>absolute</altitudeMode>
                  <outerBoundaryIs>
                    <LinearRing>
                      <coordinates>7.742479898503331,46.97455984188882,555.407629940361 7.742479898503331,46.975308485059976,555.407629940361 7.743060669290376,46.975308485059976,555.407629940361 7.743060669290376,46.97455984188882,555.407629940361</coordinates>
                    </LinearRing>
                  </outerBoundaryIs>
                </Polygon>
                <Polygon>
                  <altitudeMode>absolute</altitudeMode>
                  <outerBoundaryIs>
                    <LinearRing>
                      <coordinates>7.742479898503331,46.97455984188882,584.477629940361 7.742479898503331,46.975308485059976,584.477629940361 7.743060669290376,46.975308485059976,584.477629940361 7.743060669290376,46.97455984188882,584.477629940361</coordinates>
                    </LinearRing>
                  </outerBoundaryIs>
                </Polygon>
                <Polygon>
                  <altitudeMode>absolute</altitudeMode>
                  <outerBoundaryIs>
                    <LinearRing>
                      <coordinates>7.742479898503331,46.97455984188882,555.407629940361 7.742479898503331,46.97455984188882,584.477629940361 7.742479898503331,46.975308485059976,584.477629940361 7.742479898503331,46.975308485059976,555.407629940361</coordinates>
                    </LinearRing>
                  </outerBoundaryIs>
                </Polygon>
                <Polygon>
                  <altitudeMode>absolute</altitudeMode>
                  <outerBoundaryIs>
                    <LinearRing>
                      <coordinates>7.742479898503331,46.975308485059976,555.407629940361 7.742479898503331,46.975308485059976,584.477629940361 7.743060669290376,46.975308485059976,584.477629940361 7.743060669290376,46.975308485059976,555.407629940361</coordinates>
                    </LinearRing>
                  </outerBoundaryIs>
                </Polygon>
                <Polygon>
                  <altitudeMode>absolute</altitudeMode>
                  <outerBoundaryIs>
                    <LinearRing>
                      <coordinates>7.743060669290376,46.975308485059976,555.407629940361 7.743060669290376,46.975308485059976,584.477629940361 7.743060669290376,46.97455984188882,584.477629940361 7.743060669290376,46.97455984188882,555.407629940361</coordinates>
                    </LinearRing>
                  </outerBoundaryIs>
                </Polygon>
                <Polygon>
                  <altitudeMode>absolute</altitudeMode>
                  <outerBoundaryIs>
                    <LinearRing>
                      <coordinates>7.743060669290376,46.97455984188882,555.407629940361 7.743060669290376,46.97455984188882,584.477629940361 7.742479898503331,46.97455984188882,584.477629940361 7.742479898503331,46.97455984188882,555.407629940361</coordinates>
                    </LinearRing>
                  </outerBoundaryIs>
                </Polygon>
              </MultiGeometry>
            </Placemark>
          </Folder>
          <Folder>
            <name>E12: uss1 astm.f3548.v21.dss.queryOperationalIntentReferences</name>
            <Placemark>
              <name>area_of_interest</name>
              <styleUrl>#QueryArea</styleUrl>
              <description><![CDATA[<ul><li>uss2's Accepted aaa2e733-299a-4e9b-80ef-76c39f0707cc[1]</li></ul>]]></description>
              <TimeSpan>
                <begin>2026-10-07T03:45:01.188242+00:00</begin>
                <end>2026-10-07T04:30:02.188242+00:00</end>
              </TimeSpan>
              <MultiGeometry>
                <Polygon>
                  <altitudeMode>absolute</altitudeMode>
                  <outerBoundaryIs>
                    <LinearRing>
                      <coordinates>7.742479898503331,46.97455984188882,555.407629940361 7.742479898503331,46.975308485059976,555.407629940361 7.743060669290376,46.975308485059976,555.407629940361 7.743060669290376,46.97455984188882,555.407629940361</coordinates>
                    </LinearRing>
                  </outerBoundaryIs>
                </Polygon>
                <Polygon>
                  <altitudeMode>absolute</altitudeMode>
                  <outerBoundaryIs>
                    <LinearRing>
                      <coordinates>7.742479898503331,46.97455984188882,584.477629940361 7.742479898503331,46.975308485059976,584.477629940361 7.743060669290376,46.975308485059976,584.477629940361 7.743060669290376,46.97455984188882,584.477629940361</coordinates>
                    </LinearRing>
                  </outerBoundaryIs>
                </Polygon>
                <Polygon>
                  <altitudeMode>absolute</altitudeMode>
                  <outerBoundaryIs>
                    <LinearRing>
                      <coordinates>7.742479898503331,46.97455984188882,555.407629940361 7.742479898503331,46.97455984188882,584.477629940361 7.742479898503331,46.975308485059976,584.477629940361 7.742479898503331,46.975308485059976,555.407629940361</coordinates>
                    </LinearRing>
                  </outerBoundaryIs>
                </Polygon>
                <Polygon>
                  <altitudeMode>absolute</altitudeMode>
                  <outerBoundaryIs>
                    <LinearRing>
                      <coordinates>7.742479898503331,46.975308485059976,555.407629940361 7.742479898503331,46.975308485059976,584.477629940361 7.743060669290376,46.975308485059976,584.477629940361 7.743060669290376,46.975308485059976,555.407629940361</coordinates>
                    </LinearRing>
                  </outerBoundaryIs>
                </Polygon>
                <Polygon>
                  <altitudeMode>absolute</altitudeMode>
                  <outerBoundaryIs>
                    <LinearRing>
                      <coordinates>7.743060669290376,46.975308485059976,555.407629940361 7.743060669290376,46.975308485059976,584.477629940361 7.743060669290376,46.97455984188882,584.477629940361 7.743060669290376,46.97455984188882,555.407629940361</coordinates>
                    </LinearRing>
                  </outerBoundaryIs>
                </Polygon>
                <Polygon>
                  <altitudeMode>absolute</altitudeMode>
                  <outerBoundaryIs>
                    <LinearRing>
                      <coordinates>7.743060669290376,46.97455984188882,555.407629940361 7.743060669290376,46.97455984188882,584.477629940361 7.742479898503331,46.97455984188882,584.477629940361 7.742479898503331,46.97455984188882,555.407629940361</coordinates>
                    </LinearRing>
                  </outerBoundaryIs>
                </Polygon>
              </MultiGeometry>
            </Placemark>
          </Folder>
          <Folder>
            <name>E16: uss2 astm.f3548.v21.uss.getOperationalIntentDetails</name>
            <Folder>
              <name>uss2's P100 Accepted aaa2e733-299a-4e9b-80ef-76c39f0707cc[1] @ LH6a20f2rQ8ZWn4X2pJgr63tTwlm9e-qdVREyKuOjGw_</name>
              <Placemark>
                <name>Nominal volume 0</name>
                <styleUrl>#F3548v21Accepted</styleUrl>
                <TimeSpan>
                  <begin>2026-10-07T03:45:02.217261+00:00</begin>
                  <end>2026-10-07T04:30:02.188242+00:00</end>
                </TimeSpan>
                <MultiGeometry>
                  <Polygon>
                    <altitudeMode>absolute</altitudeMode>
                    <outerBoundaryIs>
                      <LinearRing>
                        <coordinates>7.742479898503331,46.97502105231019,555.4076913382216 7.742732834280618,46.97455984188882,555.4076913382216 7.743060669290376,46.97494709300333,555.4076913382216 7.7427989225939715,46.975308485059976,555.4076913382216</coordinates>
                      </LinearRing>
                    </outerBoundaryIs>
                  </Polygon>
                  <Polygon>
                    <altitudeMode>absolute</altitudeMode>
                    <outerBoundaryIs>
                      <LinearRing>
                        <coordinates>7.742479898503331,46.97502105231019,584.4776913382217 7.742732834280618,46.97455984188882,584.4776913382217 7.743060669290376,46.97494709300333,584.4776913382217 7.7427989225939715,46.975308485059976,584.4776913382217</coordinates>
                      </LinearRing>
                    </outerBoundaryIs>
                  </Polygon>
                  <Polygon>
                    <altitudeMode>absolute</altitudeMode>
                    <outerBoundaryIs>
                      <LinearRing>
                        <coordinates>7.742479898503331,46.97502105231019,555.4076913382216 7.742479898503331,46.97502105231019,584.4776913382217 7.742732834280618,46.97455984188882,584.4776913382217 7.742732834280618,46.97455984188882,555.4076913382216</coordinates>
                      </LinearRing>
                    </outerBoundaryIs>
                  </Polygon>
                  <Polygon>
                    <altitudeMode>absolute</altitudeMode>
                    <outerBoundaryIs>
                      <LinearRing>
                        <coordinates>7.742732834280618,46.97455984188882,555.4076913382216 7.742732834280618,46.97455984188882,584.4776913382217 7.743060669290376,46.97494709300333,584.4776913382217 7.743060669290376,46.97494709300333,555.4076913382216</coordinates>
                      </LinearRing>
                    </outerBoundaryIs>
                  </Polygon>
                  <Polygon>
                    <altitudeMode>absolute</altitudeMode>
                    <outerBoundaryIs>
                      <LinearRing>
                        <coordinates>7.743060669290376,46.97494709300333,555.4076913382216 7.743060669290376,46.97494709300333,584.4776913382217 7.7427989225939715,46.975308485059976,584.4776913382217 7.7427989225939715,46.975308485059976,555.4076913382216</coordinates>
                      </LinearRing>
                    </outerBoundaryIs>
                  </Polygon>
                  <Polygon>
                    <altitudeMode>absolute</altitudeMode>
                    <outerBoundaryIs>
                      <LinearRing>
                        <coordinates>7.7427989225939715,46.975308485059976,555.4076913382216 7.7427989225939715,46.975308485059976,584.4776913382217 7.742479898503331,46.97502105231019,584.4776913382217 7.742479898503331,46.97502105231019,555.4076913382216</coordinates>
                      </LinearRing>
                    </outerBoundaryIs>
                  </Polygon>
                </MultiGeometry>
              </Placemark>
            </Folder>
          </Folder>
        </Folder>
        <Folder>
          <name>Attempt to plan Flight 1</name>
          <Folder>
            <name>E25: uss1 astm.f3548.v21.dss.queryOperationalIntentReferences</name>
            <Placemark>
              <name>area_of_interest</name>
              <styleUrl>#QueryArea</styleUrl>
              <description><![CDATA[<ul><li>uss2's Accepted aaa2e733-299a-4e9b-80ef-76c39f0707cc[1]</li></ul>]]></description>
              <TimeSpan>
                <begin>2026-10-07T03:45:01.338471+00:00</begin>
                <end>2026-10-07T04:30:02.338471+00:00</end>
              </TimeSpan>
              <MultiGeometry>
                <Polygon>
                  <altitudeMode>absolute</altitudeMode>
                  <outerBoundaryIs>
                    <LinearRing>
                      <coordinates>7.742517800347998,46.9745267709099,556.4871866198954 7.742517800347998,46.97491822714537,556.4871866198954 7.743537445362028,46.97491822714537,556.4871866198954 7.743537445362028,46.9745267709099,556.4871866198954</coordinates>
                    </LinearRing>
                  </outerBoundaryIs>
                </Polygon>
                <Polygon>
                  <altitudeMode>absolute</altitudeMode>
                  <outerBoundaryIs>
                    <LinearRing>
                      <coordinates>7.742517800347998,46.9745267709099,586.4771866198954 7.742517800347998,46.97491822714537,586.4771866198954 7.743537445362028,46.97491822714537,586.4771866198954 7.743537445362028,46.9745267709099,586.4771866198954</coordinates>
                    </LinearRing>
                  </outerBoundaryIs>
                </Polygon>
                <Polygon>
                  <altitudeMode>absolute</altitudeMode>
                  <outerBoundaryIs>
                    <LinearRing>
                      <coordinates>7.742517800347998,46.9745267709099,556.4871866198954 7.742517800347998,46.9745267709099,586.4771866198954 7.742517800347998,46.97491822714537,586.4771866198954 7.742517800347998,46.97491822714537,556.4871866198954</coordinates>
                    </LinearRing>
                  </outerBoundaryIs>
                </Polygon>
                <Polygon>
                  <altitudeMode>absolute</altitudeMode>
                  <outerBoundaryIs>
                    <LinearRing>
                      <coordinates>7.742517800347998,46.97491822714537,556.4871866198954 7.742517800347998,46.97491822714537,586.4771866198954 7.743537445362028,46.97491822714537,586.4771866198954 7.743537445362028,46.97491822714537,556.4871866198954</coordinates>
                    </LinearRing>
                  </outerBoundaryIs>
                </Polygon>
                <Polygon>
                  <altitudeMode>absolute</altitudeMode>
                  <outerBoundaryIs>
                    <LinearRing>
                      <coordinates>7.743537445362028,46.97491822714537,556.4871866198954 7.743537445362028,46.97491822714537,586.4771866198954 7.743537445362028,46.9745267709099,586.4771866198954 7.743537445362028,46.9745267709099,556.4871866198954</coordinates>
                    </LinearRing>
                  </outerBoundaryIs>
                </Polygon>
                <Polygon>
                  <altitudeMode>absolute</altitudeMode>
                  <outerBoundaryIs>
                    <LinearRing>
                      <coordinates>7.743537445362028,46.9745267709099,556.4871866198954 7.743537445362028,46.9745267709099,586.4771866198954 7.742517800347998,46.9745267709099,586.4771866198954 7.742517800347998,46.9745267709099,556.4871866198954</coordinates>
                    </LinearRing>
                  </outerBoundaryIs>
                </Polygon>
              </MultiGeometry>
            </Placemark>
          </Folder>
          <Folder>
            <name>E30: uss1 astm.f3548.v21.dss.queryOperationalIntentReferences</name>
            <Placemark>
              <name>area_of_interest</name>
              <styleUrl>#QueryArea</styleUrl>
              <description><![CDATA[<ul><li>uss2's Accepted aaa2e733-299a-4e9b-80ef-76c39f0707cc[1]</li></ul>]]></description>
              <TimeSpan>
                <begin>2026-10-07T03:45:01.338471+00:00</begin>
                <end>2026-10-07T04:30:02.338471+00:00</end>
              </TimeSpan>
              <MultiGeometry>
                <Polygon>
                  <altitudeMode>absolute</altitudeMode>
                  <outerBoundaryIs>
                    <LinearRing>
                      <coordinates>7.742517800347998,46.9745267709099,556.4871866198954 7.742517800347998,46.97491822714537,556.4871866198954 7.743537445362028,46.97491822714537,556.4871866198954 7.743537445362028,46.9745267709099,556.4871866198954</coordinates>
                    </LinearRing>
                  </outerBoundaryIs>
                </Polygon>
                <Polygon>
                  <altitudeMode>absolute</altitudeMode>
                  <outerBoundaryIs>
                    <LinearRing>
                      <coordinates>7.742517800347998,46.9745267709099,586.4771866198954 7.742517800347998,46.97491822714537,586.4771866198954 7.743537445362028,46.97491822714537,586.4771866198954 7.743537445362028,46.9745267709099,586.4771866198954</coordinates>
                    </LinearRing>
                  </outerBoundaryIs>
                </Polygon>
                <Polygon>
                  <altitudeMode>absolute</altitudeMode>
                  <outerBoundaryIs>
                    <LinearRing>
                      <coordinates>7.742517800347998,46.9745267709099,556.4871866198954 7.742517800347998,46.9745267709099,586.4771866198954 7.742517800347998,46.97491822714537,586.4771866198954 7.742517800347998,46.97491822714537,556.4871866198954</coordinates>
                    </LinearRing>
                  </outerBoundaryIs>
                </Polygon>
                <Polygon>
                  <altitudeMode>absolute</altitudeMode>
                  <outerBoundaryIs>
                    <LinearRing>
                      <coordinates>7.742517800347998,46.97491822714537,556.4871866198954 7.742517800347998,46.97491822714537,586.4771866198954 7.743537445362028,46.97491822714537,586.4771866198954 7.743537445362028,46.97491822714537,556.4871866198954</coordinates>
                    </LinearRing>
                  </outerBoundaryIs>
                </Polygon>
                <Polygon>
                  <altitudeMode>absolute</altitudeMode>
                  <outerBoundaryIs>
                    <LinearRing>
                      <coordinates>7.743537445362028,46.97491822714537,556.4871866198954 7.743537445362028,46.97491822714537,586.4771866198954 7.743537445362028,46.9745267709099,586.4771866198954 7.743537445362028,46.9745267709099,556.4871866198954</coordinates>
                    </LinearRing>
                  </outerBoundaryIs>
                </Polygon>
                <Polygon>
                  <altitudeMode>absolute</altitudeMode>
                  <outerBoundaryIs>
                    <LinearRing>
                      <coordinates>7.743537445362028,46.9745267709099,556.4871866198954 7.743537445362028,46.9745267709099,586.4771866198954 7.742517800347998,46.9745267709099,586.4771866198954 7.742517800347998,46.9745267709099,556.4871866198954</coordinates>
                    </LinearRing>
                  </outerBoundaryIs>
                </Polygon>
              </MultiGeometry>
            </Placemark>
          </Folder>
        </Folder>
        <Folder>
          <name>Delete Flight 2</name>
        </Folder>
      </Folder>
      <Folder>
        <name>Attempt to modify planned flight in conflict</name>
        <Folder>
          <name>Plan Flight 1</name>
          <Folder>
            <name>E35: uss1 astm.f3548.v21.dss.queryOperationalIntentReferences</name>
            <Placemark>
              <name>area_of_interest</name>
              <styleUrl>#QueryArea</styleUrl>
              <description><![CDATA[(no operational intent references found)]]></description>
              <TimeSpan>
                <begin>2026-10-07T03:45:01.457034+00:00</begin>
                <end>2026-10-07T04:30:02.457034+00:00</end>
              </TimeSpan>
              <MultiGeometry>
                <Polygon>
                  <altitudeMode>absolute</altitudeMode>
                  <outerBoundaryIs>
                    <LinearRing>
                      <coordinates>7.742517800347998,46.9745267709099,556.4871866198954 7.742517800347998,46.97491822714537,556.4871866198954 7.743537445362028,46.97491822714537,556.4871866198954 7.743537445362028,46.9745267709099,556.4871866198954</coordinates>
                    </LinearRing>
                  </outerBoundaryIs>
                </Polygon>
                <Polygon>
                  <altitudeMode>absolute</altitudeMode>
                  <outerBoundaryIs>
                    <LinearRing>
                      <coordinates>7.742517800347998,46.9745267709099,586.4771866198954 7.742517800347998,46.97491822714537,586.4771866198954 7.743537445362028,46.97491822714537,586.4771866198954 7.743537445362028,46.9745267709099,586.4771866198954</coordinates>
                    </LinearRing>
                  </outerBoundaryIs>
                </Polygon>
                <Polygon>
                  <altitudeMode>absolute</altitudeMode>
                  <outerBoundaryIs>
                    <LinearRing>
                      <coordinates>7.742517800347998,46.9745267709099,556.4871866198954 7.742517800347998,46.9745267709099,586.4771866198954 7.742517800347998,46.97491822714537,586.4771866198954 7.742517800347998,46.97491822714537,556.4871866198954</coordinates>
                    </LinearRing>
                  </outerBoundaryIs>
                </Polygon>
                <Polygon>
                  <altitudeMode>absolute</altitudeMode>
                  <outerBoundaryIs>
                    <LinearRing>
                      <coordinates>7.742517800347998,46.97491822714537,556.4871866198954 7.742517800347998,46.97491822714537,586.4771866198954 7.743537445362028,46.97491822714537,586.4771866198954 7.743537445362028,46.97491822714537,556.4871866198954</coordinates>
                    </LinearRing>
                  </outerBoundaryIs>
                </Polygon>
                <Polygon>
                  <altitudeMode>absolute</altitudeMode>
                  <outerBoundaryIs>
                    <LinearRing>
                      <coordinates>7.743537445362028,46.97491822714537,556.4871866198954 7.743537445362028,46.97491822714537,586.4771866198954 7.743537445362028,46.9745267709099,586.4771866198954 7.743537445362028,46.9745267709099,556.4871866198954</coordinates>
                    </LinearRing>
                  </outerBoundaryIs>
                </Polygon>
                <Polygon>
                  <altitudeMode>absolute</altitudeMode>
                  <outerBoundaryIs>
                    <LinearRing>
                      <coordinates>7.743537445362028,46.9745267709099,556.4871866198954 7.743537445362028,46.9745267709099,586.4771866198954 7.742517800347998,46.9745267709099,586.4771866198954 7.742517800347998,46.9745267709099,556.4871866198954</coordinates>
                    </LinearRing>
                  </outerBoundaryIs>
                </Polygon>
              </MultiGeometry>
            </Placemark>
          </Folder>
          <Folder>
            <name>E41: uss1 astm.f3548.v21.dss.queryOperationalIntentReferences</name>
            <Placemark>
              <name>area_of_interest</name>
              <styleUrl>#QueryArea</styleUrl>
              <description><![CDATA[<ul><li>uss2's Accepted 26ca4134-c319-40fb-b2d3-3d9d5fa51704[1]</li></ul>]]></description>
              <TimeSpan>
                <begin>2026-10-07T03:45:01.457034+00:00</begin>
                <end>2026-10-07T04:30:02.457034+00:00</end>
              </TimeSpan>
              <MultiGeometry>
                <Polygon>
                  <altitudeMode>absolute</altitudeMode>
                  <outerBoundaryIs>
                    <LinearRing>
                      <coordinates>7.742517800347998,46.9745267709099,556.4871866198954 7.742517800347998,46.97491822714537,556.4871866198954 7.743537445362028,46.97491822714537,556.4871866198954 7.743537445362028,46.9745267709099,556.4871866198954</coordinates>
                    </LinearRing>
                  </outerBoundaryIs>
                </Polygon>
                <Polygon>
                  <altitudeMode>absolute</altitudeMode>
                  <outerBoundaryIs>
                    <LinearRing>
                      <coordinates>7.742517800347998,46.9745267709099,586.4771866198954 7.742517800347998,46.97491822714537,586.4771866198954 7.743537445362028,46.97491822714537,586.4771866198954 7.743537445362028,46.9745267709099,586.4771866198954</coordinates>
                    </LinearRing>
                  </outerBoundaryIs>
                </Polygon>
                <Polygon>
                  <altitudeMode>absolute</altitudeMode>
                  <outerBoundaryIs>
                    <LinearRing>
                      <coordinates>7.742517800347998,46.9745267709099,556.4871866198954 7.742517800347998,46.9745267709099,586.4771866198954 7.742517800347998,46.97491822714537,586.4771866198954 7.742517800347998,46.97491822714537,556.4871866198954</coordinates>
                    </LinearRing>
                  </outerBoundaryIs>
                </Polygon>
                <Polygon>
                  <altitudeMode>absolute</altitudeMode>
                  <outerBoundaryIs>
                    <LinearRing>
                      <coordinates>7.742517800347998,46.97491822714537,556.4871866198954 7.742517800347998,46.97491822714537,586.4771866198954 7.743537445362028,46.97491822714537,586.4771866198954 7.743537445362028,46.97491822714537,556.4871866198954</coordinates>
                    </LinearRing>
                  </outerBoundaryIs>
                </Polygon>
                <Polygon>
                  <altitudeMode>absolute</altitudeMode>
                  <outerBoundaryIs>
                    <LinearRing>
                      <coordinates>7.743537445362028,46.97491822714537,556.4871866198954 7.743537445362028,46.97491822714537,586.4771866198954 7.743537445362028,46.9745267709099,586.4771866198954 7.743537445362028,46.9745267709099,556.4871866198954</coordinates>
                    </LinearRing>
                  </outerBoundaryIs>
                </Polygon>
                <Polygon>
                  <altitudeMode>absolute</altitudeMode>
                  <outerBoundaryIs>
                    <LinearRing>
                      <coordinates>7.743537445362028,46.9745267709099,556.4871866198954 7.743537445362028,46.9745267709099,586.4771866198954 7.742517800347998,46.9745267709099,586.4771866198954 7.742517800347998,46.9745267709099,556.4871866198954</coordinates>
                    </LinearRing>
                  </outerBoundaryIs>
                </Polygon>
              </MultiGeometry>
            </Placemark>
          </Folder>
          <Folder>
            <name>E45: uss2 astm.f3548.v21.uss.getOperationalIntentDetails</name>
            <Folder>
              <name>uss2's P0 Accepted 26ca4134-c319-40fb-b2d3-3d9d5fa51704[1] @ vWdwi4CsywkEGfQJfGM6.FhFDeDvbr03Vo3uJsG4d5g_</name>
              <Placemark>
                <name>Nominal volume 0</name>
                <styleUrl>#F3548v21Accepted</styleUrl>
                <TimeSpan>
                  <begin>2026-10-07T03:45:02.485623+00:00</begin>
                  <end>2026-10-07T04:30:02.457034+00:00</end>
                </TimeSpan>
                <MultiGeometry>
                  <Polygon>
                    <altitudeMode>absolute</altitudeMode>
                    <outerBoundaryIs>
                      <LinearRing>
                        <coordinates>7.742517800347998,46.974618769822875,556.48721830488 7.742544234276264,46.97491822714537,556.48721830488 7.743495144685236,46.97487914421695,556.48721830488 7.743537445362028,46.9745267709099,556.48721830488</coordinates>
                      </LinearRing>
                    </outerBoundaryIs>
                  </Polygon>
                  <Polygon>
                    <altitudeMode>absolute</altitudeMode>
                    <outerBoundaryIs>
                      <LinearRing>
                        <coordinates>7.742517800347998,46.974618769822875,586.47721830488 7.742544234276264,46.97491822714537,586.47721830488 7.743495144685236,46.97487914421695,586.47721830488 7.743537445362028,46.9745267709099,586.47721830488</coordinates>
                      </LinearRing>
                    </outerBoundaryIs>
                  </Polygon>
                  <Polygon>
                    <altitudeMode>absolute</altitudeMode>
                    <outerBoundaryIs>
                      <LinearRing>
                        <coordinates>7.742517800347998,46.974618769822875,556.48721830488 7.742517800347998,46.974618769822875,586.47721830488 7.742544234276264,46.97491822714537,586.47721830488 7.742544234276264,46.97491822714537,556.48721830488</coordinates>
                      </LinearRing>
                    </outerBoundaryIs>
                  </Polygon>
                  <Polygon>
                    <altitudeMode>absolute</altitudeMode>
                    <outerBoundaryIs>
                      <LinearRing>
                        <coordinates>7.742544234276264,46.97491822714537,556.48721830488 7.742544234276264,46.97491822714537,586.47721830488 7.743495144685236,46.97487914421695,586.47721830488 7.743495144685236,46.97487914421695,556.48721830488</coordinates>
                      </LinearRing>
                    </outerBoundaryIs>
                  </Polygon>
                  <Polygon>
                    <altitudeMode>absolute</altitudeMode>
                    <outerBoundaryIs>
                      <LinearRing>
                        <coordinates>7.743495144685236,46.97487914421695,556.48721830488 7.743495144685236,46.97487914421695,586.47721830488 7.743537445362028,46.9745267709099,586.47721830488 7.743537445362028,46.9745267709099,556.48721830488</coordinates>
                      </LinearRing>
                    </outerBoundaryIs>
                  </Polygon>
                  <Polygon>
                    <altitudeMode>absolute</altitudeMode>
                    <outerBoundaryIs>
                      <LinearRing>
                        <coordinates>7.743537445362028,46.9745267709099,556.48721830488 7.743537445362028,46.9745267709099,586.47721830488 7.742517800347998,46.974618769822875,586.47721830488 7.742517800347998,46.974618769822875,556.48721830488</coordinates>
                      </LinearRing>
                    </outerBoundaryIs>
                  </Polygon>
                </MultiGeometry>
              </Placemark>
            </Folder>
          </Folder>
        </Folder>
        <Folder>
          <name>Plan Flight 2</name>
          <Folder>
            <name>E58: uss1 astm.f3548.v21.dss.queryOperationalIntentReferences</name>
            <Placemark>
              <name>area_of_interest</name>
              <styleUrl>#QueryArea</styleUrl>
              <description><![CDATA[<ul><li>uss2's Accepted 26ca4134-c319-40fb-b2d3-3d9d5fa51704[1]</li></ul>]]></description>
              <TimeSpan>
                <begin>2026-10-07T03:45:01.608464+00:00</begin>
                <end>2026-10-07T04:30:02.608464+00:00</end>
              </TimeSpan>
              <MultiGeometry>
                <Polygon>
                  <altitudeMode>absolute</altitudeMode>
                  <outerBoundaryIs>
                    <LinearRing>
                      <coordinates>7.742479898503331,46.97455984188882,555.407629940361 7.742479898503331,46.975308485059976,555.407629940361 7.743060669290376,46.975308485059976,555.407629940361 7.743060669290376,46.97455984188882,555.407629940361</coordinates>
                    </LinearRing>
                  </outerBoundaryIs>
                </Polygon>
                <Polygon>
                  <altitudeMode>absolute</altitudeMode>
                  <outerBoundaryIs>
                    <LinearRing>
                      <coordinates>7.742479898503331,46.97455984188882,584.477629940361 7.742479898503331,46.975308485059976,584.477629940361 7.743060669290376,46.975308485059976,584.477629940361 7.743060669290376,46.97455984188882,584.477629940361</coordinates>
                    </LinearRing>
                  </outerBoundaryIs>
                </Polygon>
                <Polygon>
                  <altitudeMode>absolute</altitudeMode>
                  <outerBoundaryIs>
                    <LinearRing>
                      <coordinates>7.742479898503331,46.97455984188882,555.407629940361 7.742479898503331,46.97455984188882,584.477629940361 7.742479898503331,46.975308485059976,584.477629940361 7.742479898503331,46.975308485059976,555.407629940361</coordinates>
                    </LinearRing>
                  </outerBoundaryIs>
                </Polygon>
                <Polygon>
                  <altitudeMode>absolute</altitudeMode>
                  <outerBoundaryIs>
                    <LinearRing>
                      <coordinates>7.742479898503331,46.975308485059976,555.407629940361 7.742479898503331,46.975308485059976,584.477629940361 7.743060669290376,46.975308485059976,584.477629940361 7.743060669290376,46.975308485059976,555.407629940361</coordinates>
                    </LinearRing>
                  </outerBoundaryIs>
                </Polygon>
                <Polygon>
                  <altitudeMode>absolute</altitudeMode>
                  <outerBoundaryIs>
                    <LinearRing>
                      <coordinates>7.743060669290376,46.975308485059976,555.407629940361 7.743060669290376,46.975308485059976,584.477629940361 7.743060669290376,46.97455984188882,584.477629940361 7.743060669290376,46.97455984188882,555.407629940361</coordinates>
                    </LinearRing>
                  </outerBoundaryIs>
                </Polygon>
                <Polygon>
                  <altitudeMode>absolute</altitudeMode>
                  <outerBoundaryIs>
                    <LinearRing>
                      <coordinates>7.743060669290376,46.97455984188882,555.407629940361 7.743060669290376,46.97455984188882,584.477629940361 7.742479898503331,46.97455984188882,584.477629940361 7.742479898503331,46.97455984188882,555.407629940361</coordinates>
                    </LinearRing>
                  </outerBoundaryIs>
                </Polygon>
              </MultiGeometry>
            </Placemark>
          </Folder>
          <Folder>
            <name>E64: uss1 astm.f3548.v21.dss.queryOperationalIntentReferences</name>
            <Placemark>
              <name>area_of_interest</name>
              <styleUrl>#QueryArea</styleUrl>
              <description><![CDATA[<ul><li>uss2's Accepted 26ca4134-c319-40fb-b2d3-3d9d5fa51704[1]</li><li>uss2's Accepted 8e08af53-d216-4027-9510-71dca9c860fd[1]</li></ul>]]></description>
              <TimeSpan>
                <begin>2026-10-07T03:45:01.608464+00:00</begin>
                <end>2026-10-07T04:30:02.608464+00:00</end>
              </TimeSpan>
              <MultiGeometry>
                <Polygon>
                  <altitudeMode>absolute</altitudeMode>
                  <outerBoundaryIs>
                    <LinearRing>
                      <coordinates>7.742479898503331,46.97455984188882,555.407629940361 7.742479898503331,46.975308485059976,555.407629940361 7.743060669290376,46.975308485059976,555.407629940361 7.743060669290376,46.97455984188882,555.407629940361</coordinates>
                    </LinearRing>
                  </outerBoundaryIs>
                </Polygon>
                <Polygon>
                  <altitudeMode>absolute</altitudeMode>
                  <outerBoundaryIs>
                    <LinearRing>
                      <coordinates>7.742479898503331,46.97455984188882,584.477629940361 7.742479898503331,46.975308485059976,584.477629940361 7.743060669290376,46.975308485059976,584.477629940361 7.743060669290376,46.97455984188882,584.477629940361</coordinates>
                    </LinearRing>
                  </outerBoundaryIs>
                </Polygon>
                <Polygon>
                  <altitudeMode>absolute</altitudeMode>
                  <outerBoundaryIs>
                    <LinearRing>
                      <coordinates>7.742479898503331,46.97455984188882,555.407629940361 7.742479898503331,46.97455984188882,584.477629940361 7.742479898503331,46.975308485059976,584.477629940361 7.742479898503331,46.975308485059976,555.407629940361</coordinates>
                    </LinearRing>
                  </outerBoundaryIs>
                </Polygon>
                <Polygon>
                  <altitudeMode>absolute</altitudeMode>
                  <outerBoundaryIs>
                    <LinearRing>
                      <coordinates>7.742479898503331,46.975308485059976,555.407629940361 7.742479898503331,46.975308485059976,584.477629940361 7.743060669290376,46.975308485059976,584.477629940361 7.743060669290376,46.975308485059976,555.407629940361</coordinates>
                    </LinearRing>
                  </outerBoundaryIs>
                </Polygon>
                <Polygon>
                  <altitudeMode>absolute</altitudeMode>
                  <outerBoundaryIs>
                    <LinearRing>
                      <coordinates>7.743060669290376,46.975308485059976,555.407629940361 7.743060669290376,46.975308485059976,584.477629940361 7.743060669290376,46.97455984188882,584.477629940361 7.743060669290376,46.97455984188882,555.407629940361</coordinates>
                    </LinearRing>
                  </outerBoundaryIs>
                </Polygon>
                <Polygon>
                  <altitudeMode>absolute</altitudeMode>
                  <outerBoundaryIs>
                    <LinearRing>
                      <coordinates>7.743060669290376,46.97455984188882,555.407629940361 7.743060669290376,46.97455984188882,584.477629940361 7.742479898503331,46.97455984188882,584.477629940361 7.742479898503331,46.97455984188882,555.407629940361</coordinates>
                    </LinearRing>
                  </outerBoundaryIs>
                </Polygon>
              </MultiGeometry>
            </Placemark>
          </Folder>
          <Folder>
            <name>E68: uss2 astm.f3548.v21.uss.getOperationalIntentDetails</name>
            <Folder>
              <name>uss2's P100 Accepted 8e08af53-d216-4027-9510-71dca9c860fd[1] @ 4IE8jUvC2odU7SKRDMMTeSpntb1UI2F2Rq5ONVVaxJo_</name>
              <Placemark>
                <name>Nominal volume 0</name>
                <styleUrl>#F3548v21Accepted</styleUrl>
                <TimeSpan>
                  <begin>2026-10-07T03:45:02.641518+00:00</begin>
                  <end>2026-10-07T04:30:02.608464+00:00</end>
                </TimeSpan>
                <MultiGeometry>
                  <Polygon>
                    <altitudeMode>absolute</altitudeMode>
                    <outerBoundaryIs>
                      <LinearRing>
                        <coordinates>7.742479898503331,46.97502105231019,555.4076913382216 7.742732834280618,46.97455984188882,555.4076913382216 7.743060669290376,46.97494709300333,555.4076913382216 7.7427989225939715,46.975308485059976,555.4076913382216</coordinates>
                      </LinearRing>
                    </outerBoundaryIs>
                  </Polygon>
                  <Polygon>
                    <altitudeMode>absolute</altitudeMode>
                    <outerBoundaryIs>
                      <LinearRing>
                        <coordinates>7.742479898503331,46.97502105231019,584.4776913382217 7.742732834280618,46.97455984188882,584.4776913382217 7.743060669290376,46.97494709300333,584.4776913382217 7.7427989225939715,46.975308485059976,584.4776913382217</coordinates>
                      </LinearRing>
                    </outerBoundaryIs>
                  </Polygon>
                  <Polygon>
                    <altitudeMode>absolute</altitudeMode>
                    <outerBoundaryIs>
                      <LinearRing>
                        <coordinates>7.742479898503331,46.97502105231019,555.4076913382216 7.742479898503331,46.97502105231019,584.4776913382217 7.742732834280618,46.97455984188882,584.4776913382217 7.742732834280618,46.97455984188882,555.4076913382216</coordinates>
                      </LinearRing>
                    </outerBoundaryIs>
                  </Polygon>
                  <Polygon>
                    <altitudeMode>absolute</altitudeMode>
                    <outerBoundaryIs>
                      <LinearRing>
                        <coordinates>7.742732834280618,46.97455984188882,555.4076913382216 7.742732834280618,46.97455984188882,584.4776913382217 7.743060669290376,46.97494709300333,584.4776913382217 7.743060669290376,46.97494709300333,555.4076913382216</coordinates>
                      </LinearRing>
                    </outerBoundaryIs>
                  </Polygon>
                  <Polygon>
                    <altitudeMode>absolute</altitudeMode>
                    <outerBoundaryIs>
                      <LinearRing>
                        <coordinates>7.743060669290376,46.97494709300333,555.4076913382216 7.743060669290376,46.97494709300333,584.4776913382217 7.7427989225939715,46.975308485059976,584.4776913382217 7.7427989225939715,46.975308485059976,555.4076913382216</coordinates>
                      </LinearRing>
                    </outerBoundaryIs>
                  </Polygon>
                  <Polygon>
                    <altitudeMode>absolute</altitudeMode>
                    <outerBoundaryIs>
                      <LinearRing>
                        <coordinates>7.7427989225939715,46.975308485059976,555.4076913382216 7.7427989225939715,46.975308485059976,584.4776913382217 7.742479898503331,46.97502105231019,584.4776913382217 7.742479898503331,46.97502105231019,555.4076913382216</coordinates>
                      </LinearRing>
                    </outerBoundaryIs>
                  </Polygon>
                </MultiGeometry>
              </Placemark>
            </Folder>
          </Folder>
        </Folder>
        <Folder>
          <name>Check for conflict notifications</name>
        </Folder>
        <Folder>
          <name>Attempt to modify planned Flight 1 in conflict</name>
          <Folder>
            <name>E77: uss1 astm.f3548.v21.dss.queryOperationalIntentReferences</name>
            <Placemark>
              <name>area_of_interest</name>
              <styleUrl>#QueryArea</styleUrl>
              <description><![CDATA[<ul><li>uss2's Accepted 26ca4134-c319-40fb-b2d3-3d9d5fa51704[1]</li><li>uss2's Accepted 8e08af53-d216-4027-9510-71dca9c860fd[1]</li></ul>]]></description>
              <TimeSpan>
                <begin>2026-10-07T03:45:01.786170+00:00</begin>
                <end>2026-10-07T04:30:02.786170+00:00</end>
              </TimeSpan>
              <MultiGeometry>
                <Polygon>
                  <altitudeMode>absolute</altitudeMode>
                  <outerBoundaryIs>
                    <LinearRing>
                      <coordinates>7.742517800347998,46.9745267709099,526.4471866198954 7.742517800347998,46.97491822714537,526.4471866198954 7.743537445362028,46.97491822714537,526.4471866198954 7.743537445362028,46.9745267709099,526.4471866198954</coordinates>
                    </LinearRing>
                  </outerBoundaryIs>
                </Polygon>
                <Polygon>
                  <altitudeMode>absolute</altitudeMode>
                  <outerBoundaryIs>
                    <LinearRing>
                      <coordinates>7.742517800347998,46.9745267709099,586.4771866198954 7.742517800347998,46.97491822714537,586.4771866198954 7.743537445362028,46.97491822714537,586.4771866198954 7.743537445362028,46.9745267709099,586.4771866198954</coordinates>
                    </LinearRing>
                  </outerBoundaryIs>
                </Polygon>
                <Polygon>
                  <altitudeMode>absolute</altitudeMode>
                  <outerBoundaryIs>
                    <LinearRing>
                      <coordinates>7.742517800347998,46.9745267709099,526.4471866198954 7.742517800347998,46.9745267709099,586.4771866198954 7.742517800347998,46.97491822714537,586.4771866198954 7.742517800347998,46.97491822714537,526.4471866198954</coordinates>
                    </LinearRing>
                  </outerBoundaryIs>
                </Polygon>
                <Polygon>
                  <altitudeMode>absolute</altitudeMode>
                  <outerBoundaryIs>
                    <LinearRing>
                      <coordinates>7.742517800347998,46.97491822714537,526.4471866198954 7.742517800347998,46.97491822714537,586.4771866198954 7.743537445362028,46.97491822714537,586.4771866198954 7.743537445362028,46.97491822714537,526.4471866198954</coordinates>
                    </LinearRing>
                  </outerBoundaryIs>
                </Polygon>
                <Polygon>
                  <altitudeMode>absolute</altitudeMode>
                  <outerBoundaryIs>
                    <LinearRing>
                      <coordinates>7.743537445362028,46.97491822714537,526.4471866198954 7.743537445362028,46.97491822714537,586.4771866198954 7.743537445362028,46.9745267709099,586.4771866198954 7.743537445362028,46.9745267709099,526.4471866198954</coordinates>
                    </LinearRing>
                  </outerBoundaryIs>
                </Polygon>
                <Polygon>
                  <altitudeMode>absolute</altitudeMode>
                  <outerBoundaryIs>
                    <LinearRing>
                      <coordinates>7.743537445362028,46.9745267709099,526.4471866198954 7.743537445362028,46.9745267709099,586.4771866198954 7.742517800347998,46.9745267709099,586.4771866198954 7.742517800347998,46.9745267709099,526.4471866198954</coordinates>
                    </LinearRing>
                  </outerBoundaryIs>
                </Polygon>
              </MultiGeometry>
            </Placemark>
          </Folder>
          <Folder>
            <name>E82: uss1 astm.f3548.v21.dss.queryOperationalIntentReferences</name>
            <Placemark>
              <name>area_of_interest</name>
              <styleUrl>#QueryArea</styleUrl>
              <description><![CDATA[<ul><li>uss2's Accepted 26ca4134-c319-40fb-b2d3-3d9d5fa51704[1]</li><li>uss2's Accepted 8e08af53-d216-4027-9510-71dca9c860fd[1]</li></ul>]]></description>
              <TimeSpan>
                <begin>2026-10-07T03:45:01.786170+00:00</begin>
                <end>2026-10-07T04:30:02.786170+00:00</end>
              </TimeSpan>
              <MultiGeometry>
                <Polygon>
                  <altitudeMode>absolute</altitudeMode>
                  <outerBoundaryIs>
                    <LinearRing>
                      <coordinates>7.742517800347998,46.9745267709099,526.4471866198954 7.742517800347998,46.97491822714537,526.4471866198954 7.743537445362028,46.97491822714537,526.4471866198954 7.743537445362028,46.9745267709099,526.4471866198954</coordinates>
                    </LinearRing>
                  </outerBoundaryIs>
                </Polygon>
                <Polygon>
                  <altitudeMode>absolute</altitudeMode>
                  <outerBoundaryIs>
                    <LinearRing>
                      <coordinates>7.742517800347998,46.9745267709099,586.4771866198954 7.742517800347998,46.97491822714537,586.4771866198954 7.743537445362028,46.97491822714537,586.4771866198954 7.743537445362028,46.9745267709099,586.4771866198954</coordinates>
                    </LinearRing>
                  </outerBoundaryIs>
                </Polygon>
                <Polygon>
                  <altitudeMode>absolute</altitudeMode>
                  <outerBoundaryIs>
                    <LinearRing>
                      <coordinates>7.742517800347998,46.9745267709099,526.4471866198954 7.742517800347998,46.9745267709099,586.4771866198954 7.742517800347998,46.97491822714537,586.4771866198954 7.742517800347998,46.97491822714537,526.4471866198954</coordinates>
                    </LinearRing>
                  </outerBoundaryIs>
                </Polygon>
                <Polygon>
                  <altitudeMode>absolute</altitudeMode>
                  <outerBoundaryIs>
                    <LinearRing>
                      <coordinates>7.742517800347998,46.97491822714537,526.4471866198954 7.742517800347998,46.97491822714537,586.4771866198954 7.743537445362028,46.97491822714537,586.4771866198954 7.743537445362028,46.97491822714537,526.4471866198954</coordinates>
                    </LinearRing>
                  </outerBoundaryIs>
                </Polygon>
                <Polygon>
                  <altitudeMode>absolute</altitudeMode>
                  <outerBoundaryIs>
                    <LinearRing>
                      <coordinates>7.743537445362028,46.97491822714537,526.4471866198954 7.743537445362028,46.97491822714537,586.4771866198954 7.743537445362028,46.9745267709099,586.4771866198954 7.743537445362028,46.9745267709099,526.4471866198954</coordinates>
                    </LinearRing>
                  </outerBoundaryIs>
                </Polygon>
                <Polygon>
                  <altitudeMode>absolute</altitudeMode>
                  <outerBoundaryIs>
                    <LinearRing>
                      <coordinates>7.743537445362028,46.9745267709099,526.4471866198954 7.743537445362028,46.9745267709099,586.4771866198954 7.742517800347998,46.9745267709099,586.4771866198954 7.742517800347998,46.9745267709099,526.4471866198954</coordinates>
                    </LinearRing>
                  </outerBoundaryIs>
                </Polygon>
              </MultiGeometry>
            </Placemark>
          </Folder>
          <Folder>
            <name>E86: uss2 astm.f3548.v21.uss.getOperationalIntentDetails</name>
            <Folder>
              <name>uss2's P0 Accepted 26ca4134-c319-40fb-b2d3-3d9d5fa51704[1] @ vWdwi4CsywkEGfQJfGM6.FhFDeDvbr03Vo3uJsG4d5g_</name>
              <Placemark>
                <name>Nominal volume 0</name>
                <styleUrl>#F3548v21Accepted</styleUrl>
                <TimeSpan>
                  <begin>2026-10-07T03:45:02.485623+00:00</begin>
                  <end>2026-10-07T04:30:02.457034+00:00</end>
                </TimeSpan>
                <MultiGeometry>
                  <Polygon>
                    <altitudeMode>absolute</altitudeMode>
                    <outerBoundaryIs>
                      <LinearRing>
                        <coordinates>7.742517800347998,46.974618769822875,556.48721830488 7.742544234276264,46.97491822714537,556.48721830488 7.743495144685236,46.97487914421695,556.48721830488 7.743537445362028,46.9745267709099,556.48721830488</coordinates>
                      </LinearRing>
                    </outerBoundaryIs>
                  </Polygon>
                  <Polygon>
                    <altitudeMode>absolute</altitudeMode>
                    <outerBoundaryIs>
                      <LinearRing>
                        <coordinates>7.742517800347998,46.974618769822875,586.47721830488 7.742544234276264,46.97491822714537,586.47721830488 7.743495144685236,46.97487914421695,586.47721830488 7.743537445362028,46.9745267709099,586.47721830488</coordinates>
                      </LinearRing>
                    </outerBoundaryIs>
                  </Polygon>
                  <Polygon>
                    <altitudeMode>absolute</altitudeMode>
                    <outerBoundaryIs>
                      <LinearRing>
                        <coordinates>7.742517800347998,46.974618769822875,556.48721830488 7.742517800347998,46.974618769822875,586.47721830488 7.742544234276264,46.97491822714537,586.47721830488 7.742544234276264,46.97491822714537,556.48721830488</coordinates>
                      </LinearRing>
                    </outerBoundaryIs>
                  </Polygon>
                  <Polygon>
                    <altitudeMode>absolute</altitudeMode>
                    <outerBoundaryIs>
                      <LinearRing>
                        <coordinates>7.742544234276264,46.97491822714537,556.48721830488 7.742544234276264,46.97491822714537,586.47721830488 7.743495144685236,46.97487914421695,586.47721830488 7.743495144685236,46.97487914421695,556.48721830488</coordinates>
                      </LinearRing>
                    </outerBoundaryIs>
                  </Polygon>
                  <Polygon>
                    <altitudeMode>absolute</altitudeMode>
                    <outerBoundaryIs>
                      <LinearRing>
                        <coordinates>7.743495144685236,46.97487914421695,556.48721830488 7.743495144685236,46.97487914421695,586.47721830488 7.743537445362028,46.9745267709099,586.47721830488 7.743537445362028,46.9745267709099,556.48721830488</coordinates>
                      </LinearRing>
                    </outerBoundaryIs>
                  </Polygon>
                  <Polygon>
                    <altitudeMode>absolute</altitudeMode>
                    <outerBoundaryIs>
                      <LinearRing>
                        <coordinates>7.743537445362028,46.9745267709099,556.48721830488 7.743537445362028,46.9745267709099,586.47721830488 7.742517800347998,46.974618769822875,586.47721830488 7.742517800347998,46.974618769822875,556.48721830488</coordinates>
                      </LinearRing>
                    </outerBoundaryIs>
                  </Polygon>
                </MultiGeometry>
              </Placemark>
            </Folder>
          </Folder>
        </Folder>
      </Folder>
      <Folder>
        <name>Attempt to activate flight in conflict</name>
        <Folder>
          <name>Attempt to activate conflicting Flight 1</name>
          <Folder>
            <name>E95: uss1 astm.f3548.v21.dss.queryOperationalIntentReferences</name>
            <Placemark>
              <name>area_of_interest</name>
              <styleUrl>#QueryArea</styleUrl>
              <description><![CDATA[<ul><li>uss2's Accepted 26ca4134-c319-40fb-b2d3-3d9d5fa51704[1]</li><li>uss2's Accepted 8e08af53-d216-4027-9510-71dca9c860fd[1]</li></ul>]]></description>
              <TimeSpan>
                <begin>2026-10-07T03:45:01.919425+00:00</begin>
                <end>2026-10-07T04:30:02.919425+00:00</end>
              </TimeSpan>
              <MultiGeometry>
                <Polygon>
                  <altitudeMode>absolute</altitudeMode>
                  <outerBoundaryIs>
                    <LinearRing>
                      <coordinates>7.742517800347998,46.9745267709099,556.4871866198954 7.742517800347998,46.97491822714537,556.4871866198954 7.743537445362028,46.97491822714537,556.4871866198954 7.743537445362028,46.9745267709099,556.4871866198954</coordinates>
                    </LinearRing>
                  </outerBoundaryIs>
                </Polygon>
                <Polygon>
                  <altitudeMode>absolute</altitudeMode>
                  <outerBoundaryIs>
                    <LinearRing>
                      <coordinates>7.742517800347998,46.9745267709099,586.4771866198954 7.742517800347998,46.97491822714537,586.4771866198954 7.743537445362028,46.97491822714537,586.4771866198954 7.743537445362028,46.9745267709099,586.4771866198954</coordinates>
                    </LinearRing>
                  </outerBoundaryIs>
                </Polygon>
                <Polygon>
                  <altitudeMode>absolute</altitudeMode>
                  <outerBoundaryIs>
                    <LinearRing>
                      <coordinates>7.742517800347998,46.9745267709099,556.4871866198954 7.742517800347998,46.9745267709099,586.4771866198954 7.742517800347998,46.97491822714537,586.4771866198954 7.742517800347998,46.97491822714537,556.4871866198954</coordinates>
                    </LinearRing>
                  </outerBoundaryIs>
                </Polygon>
                <Polygon>
                  <altitudeMode>absolute</altitudeMode>
                  <outerBoundaryIs>
                    <LinearRing>
                      <coordinates>7.742517800347998,46.97491822714537,556.4871866198954 7.742517800347998,46.97491822714537,586.4771866198954 7.743537445362028,46.97491822714537,586.4771866198954 7.743537445362028,46.97491822714537,556.4871866198954</coordinates>
                    </LinearRing>
                  </outerBoundaryIs>
                </Polygon>
                <Polygon>
                  <altitudeMode>absolute</altitudeMode>
                  <outerBoundaryIs>
                    <LinearRing>
                      <coordinates>7.743537445362028,46.97491822714537,556.4871866198954 7.743537445362028,46.97491822714537,586.4771866198954 7.743537445362028,46.9745267709099,586.4771866198954 7.743537445362028,46.9745267709099,556.4871866198954</coordinates>
                    </LinearRing>
                  </outerBoundaryIs>
                </Polygon>
                <Polygon>
                  <altitudeMode>absolute</altitudeMode>
                  <outerBoundaryIs>
                    <LinearRing>
                      <coordinates>7.743537445362028,46.9745267709099,556.4871866198954 7.743537445362028,46.9745267709099,586.4771866198954 7.742517800347998,46.9745267709099,586.4771866198954 7.742517800347998,46.9745267709099,556.4871866198954</coordinates>
                    </LinearRing>
                  </outerBoundaryIs>
                </Polygon>
              </MultiGeometry>
            </Placemark>
          </Folder>
          <Folder>
            <name>E100: uss1 astm.f3548.v21.dss.queryOperationalIntentReferences</name>
            <Placemark>
              <name>area_of_interest</name>
              <styleUrl>#QueryArea</styleUrl>
              <description><![CDATA[<ul><li>uss2's Accepted 26ca4134-c319-40fb-b2d3-3d9d5fa51704[1]</li><li>uss2's Accepted 8e08af53-d216-4027-9510-71dca9c860fd[1]</li></ul>]]></description>
              <TimeSpan>
                <begin>2026-10-07T03:45:01.919425+00:00</begin>
                <end>2026-10-07T04:30:02.919425+00:00</end>
              </TimeSpan>
              <MultiGeometry>
                <Polygon>
                  <altitudeMode>absolute</altitudeMode>
                  <outerBoundaryIs>
                    <LinearRing>
                      <coordinates>7.742517800347998,46.9745267709099,556.4871866198954 7.742517800347998,46.97491822714537,556.4871866198954 7.743537445362028,46.97491822714537,556.4871866198954 7.743537445362028,46.9745267709099,556.4871866198954</coordinates>
                    </LinearRing>
                  </outerBoundaryIs>
                </Polygon>
                <Polygon>
                  <altitudeMode>absolute</altitudeMode>
                  <outerBoundaryIs>
                    <LinearRing>
                      <coordinates>7.742517800347998,46.9745267709099,586.4771866198954 7.742517800347998,46.97491822714537,586.4771866198954 7.743537445362028,46.97491822714537,586.4771866198954 7.743537445362028,46.9745267709099,586.4771866198954</coordinates>
                    </LinearRing>
                  </outerBoundaryIs>
                </Polygon>
                <Polygon>
                  <altitudeMode>absolute</altitudeMode>
                  <outerBoundaryIs>
                    <LinearRing>
                      <coordinates>7.742517800347998,46.9745267709099,556.4871866198954 7.742517800347998,46.9745267709099,586.4771866198954 7.742517800347998,46.97491822714537,586.4771866198954 7.742517800347998,46.97491822714537,556.4871866198954</coordinates>
                    </LinearRing>
                  </outerBoundaryIs>
                </Polygon>
                <Polygon>
                  <altitudeMode>absolute</altitudeMode>
                  <outerBoundaryIs>
                    <LinearRing>
                      <coordinates>7.742517800347998,46.97491822714537,556.4871866198954 7.742517800347998,46.97491822714537,586.4771866198954 7.743537445362028,46.97491822714537,586.4771866198954 7.743537445362028,46.97491822714537,556.4871866198954</coordinates>
                    </LinearRing>
                  </outerBoundaryIs>
                </Polygon>
                <Polygon>
                  <altitudeMode>absolute</altitudeMode>
                  <outerBoundaryIs>
                    <LinearRing>
                      <coordinates>7.743537445362028,46.97491822714537,556.4871866198954 7.743537445362028,46.97491822714537,586.4771866198954 7.743537445362028,46.9745267709099,586.4771866198954 7.743537445362028,46.9745267709099,556.4871866198954</coordinates>
                    </LinearRing>
                  </outerBoundaryIs>
                </Polygon>
                <Polygon>
                  <altitudeMode>absolute</altitudeMode>
                  <outerBoundaryIs>
                    <LinearRing>
                      <coordinates>7.743537445362028,46.9745267709099,556.4871866198954 7.743537445362028,46.9745267709099,586.4771866198954 7.742517800347998,46.9745267709099,586.4771866198954 7.742517800347998,46.9745267709099,556.4871866198954</coordinates>
                    </LinearRing>
                  </outerBoundaryIs>
                </Polygon>
              </MultiGeometry>
            </Placemark>
          </Folder>
          <Folder>
            <name>E104: uss2 astm.f3548.v21.uss.getOperationalIntentDetails</name>
            <Folder>
              <name>uss2's P0 Accepted 26ca4134-c319-40fb-b2d3-3d9d5fa51704[1] @ vWdwi4CsywkEGfQJfGM6.FhFDeDvbr03Vo3uJsG4d5g_</name>
              <Placemark>
                <name>Nominal volume 0</name>
                <styleUrl>#F3548v21Accepted</styleUrl>
                <TimeSpan>
                  <begin>2026-10-07T03:45:02.485623+00:00</begin>
                  <end>2026-10-07T04:30:02.457034+00:00</end>
                </TimeSpan>
                <MultiGeometry>
                  <Polygon>
                    <altitudeMode>absolute</altitudeMode>
                    <outerBoundaryIs>
                      <LinearRing>
                        <coordinates>7.742517800347998,46.974618769822875,556.48721830488 7.742544234276264,46.97491822714537,556.48721830488 7.743495144685236,46.97487914421695,556.48721830488 7.743537445362028,46.9745267709099,556.48721830488</coordinates>
                      </LinearRing>
                    </outerBoundaryIs>
                  </Polygon>
                  <Polygon>
                    <altitudeMode>absolute</altitudeMode>
                    <outerBoundaryIs>
                      <LinearRing>
                        <coordinates>7.742517800347998,46.974618769822875,586.47721830488 7.742544234276264,46.97491822714537,586.47721830488 7.743495144685236,46.97487914421695,586.47721830488 7.743537445362028,46.9745267709099,586.47721830488</coordinates>
                      </LinearRing>
                    </outerBoundaryIs>
                  </Polygon>
                  <Polygon>
                    <altitudeMode>absolute</altitudeMode>
                    <outerBoundaryIs>
                      <LinearRing>
                        <coordinates>7.742517800347998,46.974618769822875,556.48721830488 7.742517800347998,46.974618769822875,586.47721830488 7.742544234276264,46.97491822714537,586.47721830488 7.742544234276264,46.97491822714537,556.48721830488</coordinates>
                      </LinearRing>
                    </outerBoundaryIs>
                  </Polygon>
                  <Polygon>
                    <altitudeMode>absolute</altitudeMode>
                    <outerBoundaryIs>
                      <LinearRing>
                        <coordinates>7.742544234276264,46.97491822714537,556.48721830488 7.742544234276264,46.97491822714537,586.47721830488 7.743495144685236,46.97487914421695,586.47721830488 7.743495144685236,46.97487914421695,556.48721830488</coordinates>
                      </LinearRing>
                    </outerBoundaryIs>
                  </Polygon>
                  <Polygon>
                    <altitudeMode>absolute</altitudeMode>
                    <outerBoundaryIs>
                      <LinearRing>
                        <coordinates>7.743495144685236,46.97487914421695,556.48721830488 7.743495144685236,46.97487914421695,586.47721830488 7.743537445362028,46.9745267709099,586.47721830488 7.743537445362028,46.9745267709099,556.48721830488</coordinates>
                      </LinearRing>
                    </outerBoundaryIs>
                  </Polygon>
                  <Polygon>
                    <altitudeMode>absolute</altitudeMode>
                    <outerBoundaryIs>
                      <LinearRing>
                        <coordinates>7.743537445362028,46.9745267709099,556.48721830488 7.743537445362028,46.9745267709099,586.47721830488 7.742517800347998,46.974618769822875,586.47721830488 7.742517800347998,46.974618769822875,556.48721830488</coordinates>
                      </LinearRing>
                    </outerBoundaryIs>
                  </Polygon>
                </MultiGeometry>
              </Placemark>
            </Folder>
          </Folder>
        </Folder>
      </Folder>
      <Folder>
        <name>Modify activated flight with pre-existing conflict</name>
        <Folder>
          <name>Delete Flight 2</name>
        </Folder>
        <Folder>
          <name>Activate Flight 1</name>
          <Folder>
            <name>E115: uss1 astm.f3548.v21.dss.queryOperationalIntentReferences</name>
            <Placemark>
              <name>area_of_interest</name>
              <styleUrl>#QueryArea</styleUrl>
              <description><![CDATA[<ul><li>uss2's Accepted 26ca4134-c319-40fb-b2d3-3d9d5fa51704[1]</li></ul>]]></description>
              <TimeSpan>
                <begin>2026-10-07T03:45:02.095634+00:00</begin>
                <end>2026-10-07T04:30:03.095634+00:00</end>
              </TimeSpan>
              <MultiGeometry>
                <Polygon>
                  <altitudeMode>absolute</altitudeMode>
                  <outerBoundaryIs>
                    <LinearRing>
                      <coordinates>7.742517800347998,46.9745267709099,556.4971866198954 7.742517800347998,46.97491822714537,556.4971866198954 7.743537445362028,46.97491822714537,556.4971866198954 7.743537445362028,46.9745267709099,556.4971866198954</coordinates>
                    </LinearRing>
                  </outerBoundaryIs>
                </Polygon>
                <Polygon>
                  <altitudeMode>absolute</altitudeMode>
                  <outerBoundaryIs>
                    <LinearRing>
                      <coordinates>7.742517800347998,46.9745267709099,586.4771866198954 7.742517800347998,46.97491822714537,586.4771866198954 7.743537445362028,46.97491822714537,586.4771866198954 7.743537445362028,46.9745267709099,586.4771866198954</coordinates>
                    </LinearRing>
                  </outerBoundaryIs>
                </Polygon>
                <Polygon>
                  <altitudeMode>absolute</altitudeMode>
                  <outerBoundaryIs>
                    <LinearRing>
                      <coordinates>7.742517800347998,46.9745267709099,556.4971866198954 7.742517800347998,46.9745267709099,586.4771866198954 7.742517800347998,46.97491822714537,586.4771866198954 7.742517800347998,46.97491822714537,556.4971866198954</coordinates>
                    </LinearRing>
                  </outerBoundaryIs>
                </Polygon>
                <Polygon>
                  <altitudeMode>absolute</altitudeMode>
                  <outerBoundaryIs>
                    <LinearRing>
                      <coordinates>7.742517800347998,46.97491822714537,556.4971866198954 7.742517800347998,46.97491822714537,586.4771866198954 7.743537445362028,46.97491822714537,586.4771866198954 7.743537445362028,46.97491822714537,556.4971866198954</coordinates>
                    </LinearRing>
                  </outerBoundaryIs>
                </Polygon>
                <Polygon>
                  <altitudeMode>absolute</altitudeMode>
                  <outerBoundaryIs>
                    <LinearRing>
                      <coordinates>7.743537445362028,46.97491822714537,556.4971866198954 7.743537445362028,46.97491822714537,586.4771866198954 7.743537445362028,46.9745267709099,586.4771866198954 7.743537445362028,46.9745267709099,556.4971866198954</coordinates>
                    </LinearRing>
                  </outerBoundaryIs>
                </Polygon>
                <Polygon>
                  <altitudeMode>absolute</altitudeMode>
                  <outerBoundaryIs>
                    <LinearRing>
                      <coordinates>7.743537445362028,46.9745267709099,556.4971866198954 7.743537445362028,46.9745267709099,586.4771866198954 7.742517800347998,46.9745267709099,586.4771866198954 7.742517800347998,46.9745267709099,556.4971866198954</coordinates>
                    </LinearRing>
                  </outerBoundaryIs>
                </Polygon>
              </MultiGeometry>
            </Placemark>
          </Folder>
          <Folder>
            <name>E121: uss1 astm.f3548.v21.dss.queryOperationalIntentReferences</name>
            <Placemark>
              <name>area_of_interest</name>
              <styleUrl>#QueryArea</styleUrl>
              <description><![CDATA[<ul><li>uss2's Activated 26ca4134-c319-40fb-b2d3-3d9d5fa51704[2]</li></ul>]]></description>
              <TimeSpan>
                <begin>2026-10-07T03:45:02.095634+00:00</begin>
                <end>2026-10-07T04:30:03.095634+00:00</end>
              </TimeSpan>
              <MultiGeometry>
                <Polygon>
                  <altitudeMode>absolute</altitudeMode>
                  <outerBoundaryIs>
                    <LinearRing>
                      <coordinates>7.742517800347998,46.9745267709099,556.4971866198954 7.742517800347998,46.97491822714537,556.4971866198954 7.743537445362028,46.97491822714537,556.4971866198954 7.743537445362028,46.9745267709099,556.4971866198954</coordinates>
                    </LinearRing>
                  </outerBoundaryIs>
                </Polygon>
                <Polygon>
                  <altitudeMode>absolute</altitudeMode>
                  <outerBoundaryIs>
                    <LinearRing>
                      <coordinates>7.742517800347998,46.9745267709099,586.4771866198954 7.742517800347998,46.97491822714537,586.4771866198954 7.743537445362028,46.97491822714537,586.4771866198954 7.743537445362028,46.9745267709099,586.4771866198954</coordinates>
                    </LinearRing>
                  </outerBoundaryIs>
                </Polygon>
                <Polygon>
                  <altitudeMode>absolute</altitudeMode>
                  <outerBoundaryIs>
                    <LinearRing>
                      <coordinates>7.742517800347998,46.9745267709099,556.4971866198954 7.742517800347998,46.9745267709099,586.4771866198954 7.742517800347998,46.97491822714537,586.4771866198954 7.742517800347998,46.97491822714537,556.4971866198954</coordinates>
                    </LinearRing>
                  </outerBoundaryIs>
                </Polygon>
                <Polygon>
                  <altitudeMode>absolute</altitudeMode>
                  <outerBoundaryIs>
                    <LinearRing>
                      <coordinates>7.742517800347998,46.97491822714537,556.4971866198954 7.742517800347998,46.97491822714537,586.4771866198954 7.743537445362028,46.97491822714537,586.4771866198954 7.743537445362028,46.97491822714537,556.4971866198954</coordinates>
                    </LinearRing>
                  </outerBoundaryIs>
                </Polygon>
                <Polygon>
                  <altitudeMode>absolute</altitudeMode>
                  <outerBoundaryIs>
                    <LinearRing>
                      <coordinates>7.743537445362028,46.97491822714537,556.4971866198954 7.743537445362028,46.97491822714537,586.4771866198954 7.743537445362028,46.9745267709099,586.4771866198954 7.743537445362028,46.9745267709099,556.4971866198954</coordinates>
                    </LinearRing>
                  </outerBoundaryIs>
                </Polygon>
                <Polygon>
                  <altitudeMode>absolute</altitudeMode>
                  <outerBoundaryIs>
                    <LinearRing>
                      <coordinates>7.743537445362028,46.9745267709099,556.4971866198954 7.743537445362028,46.9745267709099,586.4771866198954 7.742517800347998,46.9745267709099,586.4771866198954 7.742517800347998,46.9745267709099,556.4971866198954</coordinates>
                    </LinearRing>
                  </outerBoundaryIs>
                </Polygon>
              </MultiGeometry>
            </Placemark>
          </Folder>
          <Folder>
            <name>E126: uss2 astm.f3548.v21.uss.getOperationalIntentDetails</name>
            <Folder>
              <name>uss2's P0 Activated 26ca4134-c319-40fb-b2d3-3d9d5fa51704[2] @ WKyjzXy2sEnfp3V0W4D1p6aNz32N47K2KA5HbdHEauE_</name>
              <Placemark>
                <name>Nominal volume 0</name>
                <styleUrl>#F3548v21Activated</styleUrl>
                <TimeSpan>
                  <begin>2026-10-07T03:45:03.128544+00:00</begin>
                  <end>2026-10-07T04:30:03.095634+00:00</end>
                </TimeSpan>
                <MultiGeometry>
                  <Polygon>
                    <altitudeMode>absolute</altitudeMode>
                    <outerBoundaryIs>
                      <LinearRing>
                        <coordinates>7.742517800347998,46.974618769822875,556.49721830488 7.742544234276264,46.97491822714537,556.49721830488 7.743495144685236,46.97487914421695,556.49721830488 7.743537445362028,46.9745267709099,556.49721830488</coordinates>
                      </LinearRing>
                    </outerBoundaryIs>
                  </Polygon>
                  <Polygon>
                    <altitudeMode>absolute</altitudeMode>
                    <outerBoundaryIs>
                      <LinearRing>
                        <coordinates>7.742517800347998,46.974618769822875,586.47721830488 7.742544234276264,46.97491822714537,586.47721830488 7.743495144685236,46.97487914421695,586.47721830488 7.743537445362028,46.9745267709099,586.47721830488</coordinates>
                      </LinearRing>
                    </outerBoundaryIs>
                  </Polygon>
                  <Polygon>
                    <altitudeMode>absolute</altitudeMode>
                    <outerBoundaryIs>
                      <LinearRing>
                        <coordinates>7.742517800347998,46.974618769822875,556.49721830488 7.742517800347998,46.974618769822875,586.47721830488 7.742544234276264,46.97491822714537,586.47721830488 7.742544234276264,46.97491822714537,556.49721830488</coordinates>
                      </LinearRing>
                    </outerBoundaryIs>
                  </Polygon>
                  <Polygon>
                    <altitudeMode>absolute</altitudeMode>
                    <outerBoundaryIs>
                      <LinearRing>
                        <coordinates>7.742544234276264,46.97491822714537,556.49721830488 7.742544234276264,46.97491822714537,586.47721830488 7.743495144685236,46.97487914421695,586.47721830488 7.743495144685236,46.97487914421695,556.49721830488</coordinates>
                      </LinearRing>
                    </outerBoundaryIs>
                  </Polygon>
                  <Polygon>
                    <altitudeMode>absolute</altitudeMode>
                    <outerBoundaryIs>
                      <LinearRing>
                        <coordinates>7.743495144685236,46.97487914421695,556.49721830488 7.743495144685236,46.97487914421695,586.47721830488 7.743537445362028,46.9745267709099,586.47721830488 7.743537445362028,46.9745267709099,556.49721830488</coordinates>
                      </LinearRing>
                    </outerBoundaryIs>
                  </Polygon>
                  <Polygon>
                    <altitudeMode>absolute</altitudeMode>
                    <outerBoundaryIs>
                      <LinearRing>
                        <coordinates>7.743537445362028,46.9745267709099,556.49721830488 7.743537445362028,46.9745267709099,586.47721830488 7.742517800347998,46.974618769822875,586.47721830488 7.742517800347998,46.974618769822875,556.49721830488</coordinates>
                      </LinearRing>
                    </outerBoundaryIs>
                  </Polygon>
                </MultiGeometry>
              </Placemark>
            </Folder>
          </Folder>
        </Folder>
        <Folder>
          <name>Plan Flight 2</name>
          <Folder>
            <name>E135: uss1 astm.f3548.v21.dss.queryOperationalIntentReferences</name>
            <Placemark>
              <name>area_of_interest</name>
              <styleUrl>#QueryArea</styleUrl>
              <description><![CDATA[<ul><li>uss2's Activated 26ca4134-c319-40fb-b2d3-3d9d5fa51704[2]</li></ul>]]></description>
              <TimeSpan>
                <begin>2026-10-07T03:45:02.274920+00:00</begin>
                <end>2026-10-07T04:30:03.274920+00:00</end>
              </TimeSpan>
              <MultiGeometry>
                <Polygon>
                  <altitudeMode>absolute</altitudeMode>
                  <outerBoundaryIs>
                    <LinearRing>
                      <coordinates>7.742479898503331,46.97455984188882,555.407629940361 7.742479898503331,46.975308485059976,555.407629940361 7.743060669290376,46.975308485059976,555.407629940361 7.743060669290376,46.97455984188882,555.407629940361</coordinates>
                    </LinearRing>
                  </outerBoundaryIs>
                </Polygon>
                <Polygon>
                  <altitudeMode>absolute</altitudeMode>
                  <outerBoundaryIs>
                    <LinearRing>
                      <coordinates>7.742479898503331,46.97455984188882,584.477629940361 7.742479898503331,46.975308485059976,584.477629940361 7.743060669290376,46.975308485059976,584.477629940361 7.743060669290376,46.97455984188882,584.477629940361</coordinates>
                    </LinearRing>
                  </outerBoundaryIs>
                </Polygon>
                <Polygon>
                  <altitudeMode>absolute</altitudeMode>
                  <outerBoundaryIs>
                    <LinearRing>
                      <coordinates>7.742479898503331,46.97455984188882,555.407629940361 7.742479898503331,46.97455984188882,584.477629940361 7.742479898503331,46.975308485059976,584.477629940361 7.742479898503331,46.975308485059976,555.407629940361</coordinates>
                    </LinearRing>
                  </outerBoundaryIs>
                </Polygon>
                <Polygon>
                  <altitudeMode>absolute</altitudeMode>
                  <outerBoundaryIs>
                    <LinearRing>
                      <coordinates>7.742479898503331,46.975308485059976,555.407629940361 7.742479898503331,46.975308485059976,584.477629940361 7.743060669290376,46.975308485059976,584.477629940361 7.743060669290376,46.975308485059976,555.407629940361</coordinates>
                    </LinearRing>
                  </outerBoundaryIs>
                </Polygon>
                <Polygon>
                  <altitudeMode>absolute</altitudeMode>
                  <outerBoundaryIs>
                    <LinearRing>
                      <coordinates>7.743060669290376,46.975308485059976,555.407629940361 7.743060669290376,46.975308485059976,584.477629940361 7.743060669290376,46.97455984188882,584.477629940361 7.743060669290376,46.97455984188882,555.407629940361</coordinates>
                    </LinearRing>
                  </outerBoundaryIs>
                </Polygon>
                <Polygon>
                  <altitudeMode>absolute</altitudeMode>
                  <outerBoundaryIs>
                    <LinearRing>
                      <coordinates>7.743060669290376,46.97455984188882,555.407629940361 7.743060669290376,46.97455984188882,584.477629940361 7.742479898503331,46.97455984188882,584.477629940361 7.742479898503331,46.97455984188882,555.407629940361</coordinates>
                    </LinearRing>
                  </outerBoundaryIs>
                </Polygon>
              </MultiGeometry>
            </Placemark>
          </Folder>
          <Folder>
            <name>E141: uss1 astm.f3548.v21.dss.queryOperationalIntentReferences</name>
            <Placemark>
              <name>area_of_interest</name>
              <styleUrl>#QueryArea</styleUrl>
              <description><![CDATA[<ul><li>uss2's Activated 26ca4134-c319-40fb-b2d3-3d9d5fa51704[2]</li><li>uss2's Accepted 62c8308a-0a65-4020-b79e-a2b3f73e8480[1]</li></ul>]]></description>
              <TimeSpan>
                <begin>2026-10-07T03:45:02.274920+00:00</begin>
                <end>2026-10-07T04:30:03.274920+00:00</end>
              </TimeSpan>
              <MultiGeometry>
                <Polygon>
                  <altitudeMode>absolute</altitudeMode>
                  <outerBoundaryIs>
                    <LinearRing>
                      <coordinates>7.742479898503331,46.97455984188882,555.407629940361 7.742479898503331,46.975308485059976,555.407629940361 7.743060669290376,46.975308485059976,555.407629940361 7.743060669290376,46.97455984188882,555.407629940361</coordinates>
                    </LinearRing>
                  </outerBoundaryIs>
                </Polygon>
                <Polygon>
                  <altitudeMode>absolute</altitudeMode>
                  <outerBoundaryIs>
                    <LinearRing>
                      <coordinates>7.742479898503331,46.97455984188882,584.477629940361 7.742479898503331,46.975308485059976,584.477629940361 7.743060669290376,46.975308485059976,584.477629940361 7.743060669290376,46.97455984188882,584.477629940361</coordinates>
                    </LinearRing>
                  </outerBoundaryIs>
                </Polygon>
                <Polygon>
                  <altitudeMode>absolute</altitudeMode>
                  <outerBoundaryIs>
                    <LinearRing>
                      <coordinates>7.742479898503331,46.97455984188882,555.407629940361 7.742479898503331,46.97455984188882,584.477629940361 7.742479898503331,46.975308485059976,584.477629940361 7.742479898503331,46.975308485059976,555.407629940361</coordinates>
                    </LinearRing>
                  </outerBoundaryIs>
                </Polygon>
                <Polygon>
                  <altitudeMode>absolute</altitudeMode>
                  <outerBoundaryIs>
                    <LinearRing>
                      <coordinates>7.742479898503331,46.975308485059976,555.407629940361 7.742479898503331,46.975308485059976,584.477629940361 7.743060669290376,46.975308485059976,584.477629940361 7.743060669290376,46.975308485059976,555.407629940361</coordinates>
                    </LinearRing>
                  </outerBoundaryIs>
                </Polygon>
                <Polygon>
                  <altitudeMode>absolute</altitudeMode>
                  <outerBoundaryIs>
                    <LinearRing>
                      <coordinates>7.743060669290376,46.975308485059976,555.407629940361 7.743060669290376,46.975308485059976,584.477629940361 7.743060669290376,46.97455984188882,584.477629940361 7.743060669290376,46.97455984188882,555.407629940361</coordinates>
                    </LinearRing>
                  </outerBoundaryIs>
                </Polygon>
                <Polygon>
                  <altitudeMode>absolute</altitudeMode>
                  <outerBoundaryIs>
                    <LinearRing>
                      <coordinates>7.743060669290376,46.97455984188882,555.407629940361 7.743060669290376,46.97455984188882,584.477629940361 7.742479898503331,46.97455984188882,584.477629940361 7.742479898503331,46.97455984188882,555.407629940361</coordinates>
                    </LinearRing>
                  </outerBoundaryIs>
                </Polygon>
              </MultiGeometry>
            </Placemark>
          </Folder>
          <Folder>
            <name>E145: uss2 astm.f3548.v21.uss.getOperationalIntentDetails</name>
            <Folder>
              <name>uss2's P100 Accepted 62c8308a-0a65-4020-b79e-a2b3f73e8480[1] @ CYPQ1RDzDcPboZ4HXMI2AVclFIqVU86556w15bibgvA_</name>
              <Placemark>
                <name>Nominal volume 0</name>
                <styleUrl>#F3548v21Accepted</styleUrl>
                <TimeSpan>
                  <begin>2026-10-07T03:45:03.308363+00:00</begin>
                  <end>2026-10-07T04:30:03.274920+00:00</end>
                </TimeSpan>
                <MultiGeometry>
                  <Polygon>
                    <altitudeMode>absolute</altitudeMode>
                    <outerBoundaryIs>
                      <LinearRing>
                        <coordinates>7.742479898503331,46.97502105231019,555.4076913382216 7.742732834280618,46.97455984188882,555.4076913382216 7.743060669290376,46.97494709300333,555.4076913382216 7.7427989225939715,46.975308485059976,555.4076913382216</coordinates>
                      </LinearRing>
                    </outerBoundaryIs>
                  </Polygon>
                  <Polygon>
                    <altitudeMode>absolute</altitudeMode>
                    <outerBoundaryIs>
                      <LinearRing>
                        <coordinates>7.742479898503331,46.97502105231019,584.4776913382217 7.742732834280618,46.97455984188882,584.4776913382217 7.743060669290376,46.97494709300333,584.4776913382217 7.7427989225939715,46.975308485059976,584.4776913382217</coordinates>
                      </LinearRing>
                    </outerBoundaryIs>
                  </Polygon>
                  <Polygon>
                    <altitudeMode>absolute</altitudeMode>
                    <outerBoundaryIs>
                      <LinearRing>
                        <coordinates>7.742479898503331,46.97502105231019,555.4076913382216 7.742479898503331,46.97502105231019,584.4776913382217 7.742732834280618,46.97455984188882,584.4776913382217 7.742732834280618,46.97455984188882,555.4076913382216</coordinates>
                      </LinearRing>
                    </outerBoundaryIs>
                  </Polygon>
                  <Polygon>
                    <altitudeMode>absolute</altitudeMode>
                    <outerBoundaryIs>
                      <LinearRing>
                        <coordinates>7.742732834280618,46.97455984188882,555.4076913382216 7.742732834280618,46.97455984188882,584.4776913382217 7.743060669290376,46.97494709300333,584.4776913382217 7.743060669290376,46.97494709300333,555.4076913382216</coordinates>
                      </LinearRing>
                    </outerBoundaryIs>
                  </Polygon>
                  <Polygon>
                    <altitudeMode>absolute</altitudeMode>
                    <outerBoundaryIs>
                      <LinearRing>
                        <coordinates>7.743060669290376,46.97494709300333,555.4076913382216 7.743060669290376,46.97494709300333,584.4776913382217 7.7427989225939715,46.975308485059976,584.4776913382217 7.7427989225939715,46.975308485059976,555.4076913382216</coordinates>
                      </LinearRing>
                    </outerBoundaryIs>
                  </Polygon>
                  <Polygon>
                    <altitudeMode>absolute</altitudeMode>
                    <outerBoundaryIs>
                      <LinearRing>
                        <coordinates>7.7427989225939715,46.975308485059976,555.4076913382216 7.7427989225939715,46.975308485059976,584.4776913382217 7.742479898503331,46.97502105231019,584.4776913382217 7.742479898503331,46.97502105231019,555.4076913382216</coordinates>
                      </LinearRing>
                    </outerBoundaryIs>
                  </Polygon>
                </MultiGeometry>
              </Placemark>
            </Folder>
          </Folder>
        </Folder>
        <Folder>
          <name>Activate Flight 2</name>
          <Folder>
            <name>E158: uss1 astm.f3548.v21.dss.queryOperationalIntentReferences</name>
            <Placemark>
              <name>area_of_interest</name>
              <styleUrl>#QueryArea</styleUrl>
              <description><![CDATA[<ul><li>uss2's Activated 26ca4134-c319-40fb-b2d3-3d9d5fa51704[2]</li><li>uss2's Accepted 62c8308a-0a65-4020-b79e-a2b3f73e8480[1]</li></ul>]]></description>
              <TimeSpan>
                <begin>2026-10-07T03:45:02.550925+00:00</begin>
                <end>2026-10-07T04:30:03.550925+00:00</end>
              </TimeSpan>
              <MultiGeometry>
                <Polygon>
                  <altitudeMode>absolute</altitudeMode>
                  <outerBoundaryIs>
                    <LinearRing>
                      <coordinates>7.742479898503331,46.97455984188882,556.557629940361 7.742479898503331,46.975308485059976,556.557629940361 7.743060669290376,46.975308485059976,556.557629940361 7.743060669290376,46.97455984188882,556.557629940361</coordinates>
                    </LinearRing>
                  </outerBoundaryIs>
                </Polygon>
                <Polygon>
                  <altitudeMode>absolute</altitudeMode>
                  <outerBoundaryIs>
                    <LinearRing>
                      <coordinates>7.742479898503331,46.97455984188882,584.477629940361 7.742479898503331,46.975308485059976,584.477629940361 7.743060669290376,46.975308485059976,584.477629940361 7.743060669290376,46.97455984188882,584.477629940361</coordinates>
                    </LinearRing>
                  </outerBoundaryIs>
                </Polygon>
                <Polygon>
                  <altitudeMode>absolute</altitudeMode>
                  <outerBoundaryIs>
                    <LinearRing>
                      <coordinates>7.742479898503331,46.97455984188882,556.557629940361 7.742479898503331,46.97455984188882,584.477629940361 7.742479898503331,46.975308485059976,584.477629940361 7.742479898503331,46.975308485059976,556.557629940361</coordinates>
                    </LinearRing>
                  </outerBoundaryIs>
                </Polygon>
                <Polygon>
                  <altitudeMode>absolute</altitudeMode>
                  <outerBoundaryIs>
                    <LinearRing>
                      <coordinates>7.742479898503331,46.975308485059976,556.557629940361 7.742479898503331,46.975308485059976,584.477629940361 7.743060669290376,46.975308485059976,584.477629940361 7.743060669290376,46.975308485059976,556.557629940361</coordinates>
                    </LinearRing>
                  </outerBoundaryIs>
                </Polygon>
                <Polygon>
                  <altitudeMode>absolute</altitudeMode>
                  <outerBoundaryIs>
                    <LinearRing>
                      <coordinates>7.743060669290376,46.975308485059976,556.557629940361 7.743060669290376,46.975308485059976,584.477629940361 7.743060669290376,46.97455984188882,584.477629940361 7.743060669290376,46.97455984188882,556.557629940361</coordinates>
                    </LinearRing>
                  </outerBoundaryIs>
                </Polygon>
                <Polygon>
                  <altitudeMode>absolute</altitudeMode>
                  <outerBoundaryIs>
                    <LinearRing>
                      <coordinates>7.743060669290376,46.97455984188882,556.557629940361 7.743060669290376,46.97455984188882,584.477629940361 7.742479898503331,46.97455984188882,584.477629940361 7.742479898503331,46.97455984188882,556.557629940361</coordinates>
                    </LinearRing>
                  </outerBoundaryIs>
                </Polygon>
              </MultiGeometry>
            </Placemark>
          </Folder>
          <Folder>
            <name>E164: uss1 astm.f3548.v21.dss.queryOperationalIntentReferences</name>
            <Placemark>
              <name>area_of_interest</name>
              <styleUrl>#QueryArea</styleUrl>
              <description><![CDATA[<ul><li>uss2's Activated 26ca4134-c319-40fb-b2d3-3d9d5fa51704[2]</li><li>uss2's Activated 62c8308a-0a65-4020-b79e-a2b3f73e8480[2]</li></ul>]]></description>
              <TimeSpan>
                <begin>2026-10-07T03:45:02.550925+00:00</begin>
                <end>2026-10-07T04:30:03.550925+00:00</end>
              </TimeSpan>
              <MultiGeometry>
                <Polygon>
                  <altitudeMode>absolute</altitudeMode>
                  <outerBoundaryIs>
                    <LinearRing>
                      <coordinates>7.742479898503331,46.97455984188882,556.557629940361 7.742479898503331,46.975308485059976,556.557629940361 7.743060669290376,46.975308485059976,556.557629940361 7.743060669290376,46.97455984188882,556.557629940361</coordinates>
                    </LinearRing>
                  </outerBoundaryIs>
                </Polygon>
                <Polygon>
                  <altitudeMode>absolute</altitudeMode>
                  <outerBoundaryIs>
                    <LinearRing>
                      <coordinates>7.742479898503331,46.97455984188882,584.477629940361 7.742479898503331,46.975308485059976,584.477629940361 7.743060669290376,46.975308485059976,584.477629940361 7.743060669290376,46.97455984188882,584.477629940361</coordinates>
                    </LinearRing>
                  </outerBoundaryIs>
                </Polygon>
                <Polygon>
                  <altitudeMode>absolute</altitudeMode>
                  <outerBoundaryIs>
                    <LinearRing>
                      <coordinates>7.742479898503331,46.97455984188882,556.557629940361 7.742479898503331,46.97455984188882,584.477629940361 7.742479898503331,46.975308485059976,584.477629940361 7.742479898503331,46.975308485059976,556.557629940361</coordinates>
                    </LinearRing>
                  </outerBoundaryIs>
                </Polygon>
                <Polygon>
                  <altitudeMode>absolute</altitudeMode>
                  <outerBoundaryIs>
                    <LinearRing>
                      <coordinates>7.742479898503331,46.975308485059976,556.557629940361 7.742479898503331,46.975308485059976,584.477629940361 7.743060669290376,46.975308485059976,584.477629940361 7.743060669290376,46.975308485059976,556.557629940361</coordinates>
                    </LinearRing>
                  </outerBoundaryIs>
                </Polygon>
                <Polygon>
                  <altitudeMode>absolute</altitudeMode>
                  <outerBoundaryIs>
                    <LinearRing>
                      <coordinates>7.743060669290376,46.975308485059976,556.557629940361 7.743060669290376,46.975308485059976,584.477629940361 7.743060669290376,46.97455984188882,584.477629940361 7.743060669290376,46.97455984188882,556.557629940361</coordinates>
                    </LinearRing>
                  </outerBoundaryIs>
                </Polygon>
                <Polygon>
                  <altitudeMode>absolute</altitudeMode>
                  <outerBoundaryIs>
                    <LinearRing>
                      <coordinates>7.743060669290376,46.97455984188882,556.557629940361 7.743060669290376,46.97455984188882,584.477629940361 7.742479898503331,46.97455984188882,584.477629940361 7.742479898503331,46.97455984188882,556.557629940361</coordinates>
                    </LinearRing>
                  </outerBoundaryIs>
                </Polygon>
              </MultiGeometry>
            </Placemark>
          </Folder>
          <Folder>
            <name>E169: uss2 astm.f3548.v21.uss.getOperationalIntentDetails</name>
            <Folder>
              <name>uss2's P100 Activated 62c8308a-0a65-4020-b79e-a2b3f73e8480[2] @ 3zv0M8DHpFPmgjl26WzKY7IIOD4eaC-ajQ-xhsIHqmM_</name>
              <Placemark>
                <name>Nominal volume 0</name>
                <styleUrl>#F3548v21Activated</styleUrl>
                <TimeSpan>
                  <begin>2026-10-07T03:45:03.594943+00:00</begin>
                  <end>2026-10-07T04:30:03.550925+00:00</end>
                </TimeSpan>
                <MultiGeometry>
                  <Polygon>
                    <altitudeMode>absolute</altitudeMode>
                    <outerBoundaryIs>
                      <LinearRing>
                        <coordinates>7.742479898503331,46.97502105231019,556.5576913382217 7.742732834280618,46.97455984188882,556.5576913382217 7.743060669290376,46.97494709300333,556.5576913382217 7.7427989225939715,46.975308485059976,556.5576913382217</coordinates>
                      </LinearRing>
                    </outerBoundaryIs>
                  </Polygon>
                  <Polygon>
                    <altitudeMode>absolute</altitudeMode>
                    <outerBoundaryIs>
                      <LinearRing>
                        <coordinates>7.742479898503331,46.97502105231019,584.4776913382217 7.742732834280618,46.97455984188882,584.4776913382217 7.743060669290376,46.97494709300333,584.4776913382217 7.7427989225939715,46.975308485059976,584.4776913382217</coordinates>
                      </LinearRing>
                    </outerBoundaryIs>
                  </Polygon>
                  <Polygon>
                    <altitudeMode>absolute</altitudeMode>
                    <outerBoundaryIs>
                      <LinearRing>
                        <coordinates>7.742479898503331,46.97502105231019,556.5576913382217 7.742479898503331,46.97502105231019,584.4776913382217 7.742732834280618,46.97455984188882,584.4776913382217 7.742732834280618,46.97455984188882,556.5576913382217</coordinates>
                      </LinearRing>
                    </outerBoundaryIs>
                  </Polygon>
                  <Polygon>
                    <altitudeMode>absolute</altitudeMode>
                    <outerBoundaryIs>
                      <LinearRing>
                        <coordinates>7.742732834280618,46.97455984188882,556.5576913382217 7.742732834280618,46.97455984188882,584.4776913382217 7.743060669290376,46.97494709300333,584.4776913382217 7.743060669290376,46.97494709300333,556.5576913382217</coordinates>
                      </LinearRing>
                    </outerBoundaryIs>
                  </Polygon>
                  <Polygon>
                    <altitudeMode>absolute</altitudeMode>
                    <outerBoundaryIs>
                      <LinearRing>
                        <coordinates>7.743060669290376,46.97494709300333,556.5576913382217 7.743060669290376,46.97494709300333,584.4776913382217 7.7427989225939715,46.975308485059976,584.4776913382217 7.7427989225939715,46.975308485059976,556.5576913382217</coordinates>
                      </LinearRing>
                    </outerBoundaryIs>
                  </Polygon>
                  <Polygon>
                    <altitudeMode>absolute</altitudeMode>
                    <outerBoundaryIs>
                      <LinearRing>
                        <coordinates>7.7427989225939715,46.975308485059976,556.5576913382217 7.7427989225939715,46.975308485059976,584.4776913382217 7.742479898503331,46.97502105231019,584.4776913382217 7.742479898503331,46.97502105231019,556.5576913382217</coordinates>
                      </LinearRing>
                    </outerBoundaryIs>
                  </Polygon>
                </MultiGeometry>
              </Placemark>
            </Folder>
          </Folder>
        </Folder>
        <Folder>
          <name>Check for conflict notifications</name>
        </Folder>
        <Folder>
          <name>Modify activated Flight 1 in conflict with activated Flight 2</name>
          <Folder>
            <name>E178: uss1 astm.f3548.v21.dss.queryOperationalIntentReferences</name>
            <Placemark>
              <name>area_of_interest</name>
              <styleUrl>#QueryArea</styleUrl>
              <description><![CDATA[<ul><li>uss2's Activated 26ca4134-c319-40fb-b2d3-3d9d5fa51704[2]</li><li>uss2's Activated 62c8308a-0a65-4020-b79e-a2b3f73e8480[2]</li></ul>]]></description>
              <TimeSpan>
                <begin>2026-10-07T03:45:02.804918+00:00</begin>
                <end>2026-10-07T04:30:03.804918+00:00</end>
              </TimeSpan>
              <MultiGeometry>
                <Polygon>
                  <altitudeMode>absolute</altitudeMode>
                  <outerBoundaryIs>
                    <LinearRing>
                      <coordinates>7.742517800347998,46.9745267709099,526.4271866198955 7.742517800347998,46.97491822714537,526.4271866198955 7.743537445362028,46.97491822714537,526.4271866198955 7.743537445362028,46.9745267709099,526.4271866198955</coordinates>
                    </LinearRing>
                  </outerBoundaryIs>
                </Polygon>
                <Polygon>
                  <altitudeMode>absolute</altitudeMode>
                  <outerBoundaryIs>
                    <LinearRing>
                      <coordinates>7.742517800347998,46.9745267709099,586.4771866198954 7.742517800347998,46.97491822714537,586.4771866198954 7.743537445362028,46.97491822714537,586.4771866198954 7.743537445362028,46.9745267709099,586.4771866198954</coordinates>
                    </LinearRing>
                  </outerBoundaryIs>
                </Polygon>
                <Polygon>
                  <altitudeMode>absolute</altitudeMode>
                  <outerBoundaryIs>
                    <LinearRing>
                      <coordinates>7.742517800347998,46.9745267709099,526.4271866198955 7.742517800347998,46.9745267709099,586.4771866198954 7.742517800347998,46.97491822714537,586.4771866198954 7.742517800347998,46.97491822714537,526.4271866198955</coordinates>
                    </LinearRing>
                  </outerBoundaryIs>
                </Polygon>
                <Polygon>
                  <altitudeMode>absolute</altitudeMode>
                  <outerBoundaryIs>
                    <LinearRing>
                      <coordinates>7.742517800347998,46.97491822714537,526.4271866198955 7.742517800347998,46.97491822714537,586.4771866198954 7.743537445362028,46.97491822714537,586.4771866198954 7.743537445362028,46.97491822714537,526.4271866198955</coordinates>
                    </LinearRing>
                  </outerBoundaryIs>
                </Polygon>
                <Polygon>
                  <altitudeMode>absolute</altitudeMode>
                  <outerBoundaryIs>
                    <LinearRing>
                      <coordinates>7.743537445362028,46.97491822714537,526.4271866198955 7.743537445362028,46.97491822714537,586.4771866198954 7.743537445362028,46.9745267709099,586.4771866198954 7.743537445362028,46.9745267709099,526.4271866198955</coordinates>
                    </LinearRing>
                  </outerBoundaryIs>
                </Polygon>
                <Polygon>
                  <altitudeMode>absolute</altitudeMode>
                  <outerBoundaryIs>
                    <LinearRing>
                      <coordinates>7.743537445362028,46.9745267709099,526.4271866198955 7.743537445362028,46.9745267709099,586.4771866198954 7.742517800347998,46.9745267709099,586.4771866198954 7.742517800347998,46.9745267709099,526.4271866198955</coordinates>
                    </LinearRing>
                  </outerBoundaryIs>
                </Polygon>
              </MultiGeometry>
            </Placemark>
          </Folder>
          <Folder>
            <name>E185: uss1 astm.f3548.v21.dss.queryOperationalIntentReferences</name>
            <Placemark>
              <name>area_of_interest</name>
              <styleUrl>#QueryArea</styleUrl>
              <description><![CDATA[<ul><li>uss2's Activated 26ca4134-c319-40fb-b2d3-3d9d5fa51704[3]</li><li>uss2's Activated 62c8308a-0a65-4020-b79e-a2b3f73e8480[2]</li></ul>]]></description>
              <TimeSpan>
                <begin>2026-10-07T03:45:02.804918+00:00</begin>
                <end>2026-10-07T04:30:03.804918+00:00</end>
              </TimeSpan>
              <MultiGeometry>
                <Polygon>
                  <altitudeMode>absolute</altitudeMode>
                  <outerBoundaryIs>
                    <LinearRing>
                      <coordinates>7.742517800347998,46.9745267709099,526.4271866198955 7.742517800347998,46.97491822714537,526.4271866198955 7.743537445362028,46.97491822714537,526.4271866198955 7.743537445362028,46.9745267709099,526.4271866198955</coordinates>
                    </LinearRing>
                  </outerBoundaryIs>
                </Polygon>
                <Polygon>
                  <altitudeMode>absolute</altitudeMode>
                  <outerBoundaryIs>
                    <LinearRing>
                      <coordinates>7.742517800347998,46.9745267709099,586.4771866198954 7.742517800347998,46.97491822714537,586.4771866198954 7.743537445362028,46.97491822714537,586.4771866198954 7.743537445362028,46.9745267709099,586.4771866198954</coordinates>
                    </LinearRing>
                  </outerBoundaryIs>
                </Polygon>
                <Polygon>
                  <altitudeMode>absolute</altitudeMode>
                  <outerBoundaryIs>
                    <LinearRing>
                      <coordinates>7.742517800347998,46.9745267709099,526.4271866198955 7.742517800347998,46.9745267709099,586.4771866198954 7.742517800347998,46.97491822714537,586.4771866198954 7.742517800347998,46.97491822714537,526.4271866198955</coordinates>
                    </LinearRing>
                  </outerBoundaryIs>
                </Polygon>
                <Polygon>
                  <altitudeMode>absolute</altitudeMode>
                  <outerBoundaryIs>
                    <LinearRing>
                      <coordinates>7.742517800347998,46.97491822714537,526.4271866198955 7.742517800347998,46.97491822714537,586.4771866198954 7.743537445362028,46.97491822714537,586.4771866198954 7.743537445362028,46.97491822714537,526.4271866198955</coordinates>
                    </LinearRing>
                  </outerBoundaryIs>
                </Polygon>
                <Polygon>
                  <altitudeMode>absolute</altitudeMode>
                  <outerBoundaryIs>
                    <LinearRing>
                      <coordinates>7.743537445362028,46.97491822714537,526.4271866198955 7.743537445362028,46.97491822714537,586.4771866198954 7.743537445362028,46.9745267709099,586.4771866198954 7.743537445362028,46.9745267709099,526.4271866198955</coordinates>
                    </LinearRing>
                  </outerBoundaryIs>
                </Polygon>
                <Polygon>
                  <altitudeMode>absolute</altitudeMode>
                  <outerBoundaryIs>
                    <LinearRing>
                      <coordinates>7.743537445362028,46.9745267709099,526.4271866198955 7.743537445362028,46.9745267709099,586.4771866198954 7.742517800347998,46.9745267709099,586.4771866198954 7.742517800347998,46.9745267709099,526.4271866198955</coordinates>
                    </LinearRing>
                  </outerBoundaryIs>
                </Polygon>
              </MultiGeometry>
            </Placemark>
          </Folder>
          <Folder>
            <name>E190: uss2 astm.f3548.v21.uss.getOperationalIntentDetails</name>
            <Folder>
              <name>uss2's P0 Activated 26ca4134-c319-40fb-b2d3-3d9d5fa51704[3] @ IqP12foW2jkmOQfLcaWnc5yTI3Ll.1TMeUo0KNkkVyg_</name>
              <Placemark>
                <name>Nominal volume 0</name>
                <styleUrl>#F3548v21Activated</styleUrl>
                <TimeSpan>
                  <begin>2026-10-07T03:45:03.857175+00:00</begin>
                  <end>2026-10-07T04:30:03.804918+00:00</end>
                </TimeSpan>
                <MultiGeometry>
                  <Polygon>
                    <altitudeMode>absolute</altitudeMode>
                    <outerBoundaryIs>
                      <LinearRing>
                        <coordinates>7.742883533244558,46.9746037389431,526.4272590737958 7.742909969213438,46.97490319618144,526.4272590737958 7.743495144685236,46.97487914421695,526.4272590737958 7.743537445362028,46.9745267709099,526.4272590737958</coordinates>
                      </LinearRing>
                    </outerBoundaryIs>
                  </Polygon>
                  <Polygon>
                    <altitudeMode>absolute</altitudeMode>
                    <outerBoundaryIs>
                      <LinearRing>
                        <coordinates>7.742883533244558,46.9746037389431,586.4772590737957 7.742909969213438,46.97490319618144,586.4772590737957 7.743495144685236,46.97487914421695,586.4772590737957 7.743537445362028,46.9745267709099,586.4772590737957</coordinates>
                      </LinearRing>
                    </outerBoundaryIs>
                  </Polygon>
                  <Polygon>
                    <altitudeMode>absolute</altitudeMode>
                    <outerBoundaryIs>
                      <LinearRing>
                        <coordinates>7.742883533244558,46.9746037389431,526.4272590737958 7.742883533244558,46.9746037389431,586.4772590737957 7.742909969213438,46.97490319618144,586.4772590737957 7.742909969213438,46.97490319618144,526.4272590737958</coordinates>
                      </LinearRing>
                    </outerBoundaryIs>
                  </Polygon>
                  <Polygon>
                    <altitudeMode>absolute</altitudeMode>
                    <outerBoundaryIs>
                      <LinearRing>
                        <coordinates>7.742909969213438,46.97490319618144,526.4272590737958 7.742909969213438,46.97490319618144,586.4772590737957 7.743495144685236,46.97487914421695,586.4772590737957 7.743495144685236,46.97487914421695,526.4272590737958</coordinates>
                      </LinearRing>
                    </outerBoundaryIs>
                  </Polygon>
                  <Polygon>
                    <altitudeMode>absolute</altitudeMode>
                    <outerBoundaryIs>
                      <LinearRing>
                        <coordinates>7.743495144685236,46.97487914421695,526.4272590737958 7.743495144685236,46.97487914421695,586.4772590737957 7.743537445362028,46.9745267709099,586.4772590737957 7.743537445362028,46.9745267709099,526.4272590737958</coordinates>
                      </LinearRing>
                    </outerBoundaryIs>
                  </Polygon>
                  <Polygon>
                    <altitudeMode>absolute</altitudeMode>
                    <outerBoundaryIs>
                      <LinearRing>
                        <coordinates>7.743537445362028,46.9745267709099,526.4272590737958 7.743537445362028,46.9745267709099,586.4772590737957 7.742883533244558,46.9746037389431,586.4772590737957 7.742883533244558,46.9746037389431,526.4272590737958</coordinates>
                      </LinearRing>
                    </outerBoundaryIs>
                  </Polygon>
                </MultiGeometry>
              </Placemark>
            </Folder>
          </Folder>
        </Folder>
      </Folder>
      <Folder>
        <name>Attempt to modify activated flight into conflict</name>
        <Folder>
          <name>Modify activated Flight 2 to not conflict with activated Flight 1</name>
          <Folder>
            <name>E199: uss1 astm.f3548.v21.dss.queryOperationalIntentReferences</name>
            <Placemark>
              <name>area_of_interest</name>
              <styleUrl>#QueryArea</styleUrl>
              <description><![CDATA[<ul><li>uss2's Activated 26ca4134-c319-40fb-b2d3-3d9d5fa51704[3]</li><li>uss2's Activated 62c8308a-0a65-4020-b79e-a2b3f73e8480[2]</li></ul>]]></description>
              <TimeSpan>
                <begin>2026-10-07T03:45:03.048815+00:00</begin>
                <end>2026-10-07T04:30:04.048815+00:00</end>
              </TimeSpan>
              <MultiGeometry>
                <Polygon>
                  <altitudeMode>absolute</altitudeMode>
                  <outerBoundaryIs>
                    <LinearRing>
                      <coordinates>7.742479898503331,46.97493506700985,553.3881447565619 7.742479898503331,46.975308485059976,553.3881447565619 7.743353257298359,46.975308485059976,553.3881447565619 7.743353257298359,46.97493506700985,553.3881447565619</coordinates>
                    </LinearRing>
                  </outerBoundaryIs>
                </Polygon>
                <Polygon>
                  <altitudeMode>absolute</altitudeMode>
                  <outerBoundaryIs>
                    <LinearRing>
                      <coordinates>7.742479898503331,46.97493506700985,606.478144756562 7.742479898503331,46.975308485059976,606.478144756562 7.743353257298359,46.975308485059976,606.478144756562 7.743353257298359,46.97493506700985,606.478144756562</coordinates>
                    </LinearRing>
                  </outerBoundaryIs>
                </Polygon>
                <Polygon>
                  <altitudeMode>absolute</altitudeMode>
                  <outerBoundaryIs>
                    <LinearRing>
                      <coordinates>7.742479898503331,46.97493506700985,553.3881447565619 7.742479898503331,46.97493506700985,606.478144756562 7.742479898503331,46.975308485059976,606.478144756562 7.742479898503331,46.975308485059976,553.3881447565619</coordinates>
                    </LinearRing>
                  </outerBoundaryIs>
                </Polygon>
                <Polygon>
                  <altitudeMode>absolute</altitudeMode>
                  <outerBoundaryIs>
                    <LinearRing>
                      <coordinates>7.742479898503331,46.975308485059976,553.3881447565619 7.742479898503331,46.975308485059976,606.478144756562 7.743353257298359,46.975308485059976,606.478144756562 7.743353257298359,46.975308485059976,553.3881447565619</coordinates>
                    </LinearRing>
                  </outerBoundaryIs>
                </Polygon>
                <Polygon>
                  <altitudeMode>absolute</altitudeMode>
                  <outerBoundaryIs>
                    <LinearRing>
                      <coordinates>7.743353257298359,46.975308485059976,553.3881447565619 7.743353257298359,46.975308485059976,606.478144756562 7.743353257298359,46.97493506700985,606.478144756562 7.743353257298359,46.97493506700985,553.3881447565619</coordinates>
                    </LinearRing>
                  </outerBoundaryIs>
                </Polygon>
                <Polygon>
                  <altitudeMode>absolute</altitudeMode>
                  <outerBoundaryIs>
                    <LinearRing>
                      <coordinates>7.743353257298359,46.97493506700985,553.3881447565619 7.743353257298359,46.97493506700985,606.478144756562 7.742479898503331,46.97493506700985,606.478144756562 7.742479898503331,46.97493506700985,553.3881447565619</coordinates>
                    </LinearRing>
                  </outerBoundaryIs>
                </Polygon>
              </MultiGeometry>
            </Placemark>
          </Folder>
          <Folder>
            <name>E205: uss1 astm.f3548.v21.dss.queryOperationalIntentReferences</name>
            <Placemark>
              <name>area_of_interest</name>
              <styleUrl>#QueryArea</styleUrl>
              <description><![CDATA[<ul><li>uss2's Activated 26ca4134-c319-40fb-b2d3-3d9d5fa51704[3]</li><li>uss2's Activated 62c8308a-0a65-4020-b79e-a2b3f73e8480[3]</li></ul>]]></description>
              <TimeSpan>
                <begin>2026-10-07T03:45:03.048815+00:00</begin>
                <end>2026-10-07T04:30:04.048815+00:00</end>
              </TimeSpan>
              <MultiGeometry>
                <Polygon>
                  <altitudeMode>absolute</altitudeMode>
                  <outerBoundaryIs>
                    <LinearRing>
                      <coordinates>7.742479898503331,46.97493506700985,553.3881447565619 7.742479898503331,46.975308485059976,553.3881447565619 7.743353257298359,46.975308485059976,553.3881447565619 7.743353257298359,46.97493506700985,553.3881447565619</coordinates>
                    </LinearRing>
                  </outerBoundaryIs>
                </Polygon>
                <Polygon>
                  <altitudeMode>absolute</altitudeMode>
                  <outerBoundaryIs>
                    <LinearRing>
                      <coordinates>7.742479898503331,46.97493506700985,606.478144756562 7.742479898503331,46.975308485059976,606.478144756562 7.743353257298359,46.975308485059976,606.478144756562 7.743353257298359,46.97493506700985,606.478144756562</coordinates>
                    </LinearRing>
                  </outerBoundaryIs>
                </Polygon>
                <Polygon>
                  <altitudeMode>absolute</altitudeMode>
                  <outerBoundaryIs>
                    <LinearRing>
                      <coordinates>7.742479898503331,46.97493506700985,553.3881447565619 7.742479898503331,46.97493506700985,606.478144756562 7.742479898503331,46.975308485059976,606.478144756562 7.742479898503331,46.975308485059976,553.3881447565619</coordinates>
                    </LinearRing>
                  </outerBoundaryIs>
                </Polygon>
                <Polygon>
                  <altitudeMode>absolute</altitudeMode>
                  <outerBoundaryIs>
                    <LinearRing>
                      <coordinates>7.742479898503331,46.975308485059976,553.3881447565619 7.742479898503331,46.975308485059976,606.478144756562 7.743353257298359,46.975308485059976,606.478144756562 7.743353257298359,46.975308485059976,553.3881447565619</coordinates>
                    </LinearRing>
                  </outerBoundaryIs>
                </Polygon>
                <Polygon>
                  <altitudeMode>absolute</altitudeMode>
                  <outerBoundaryIs>
                    <LinearRing>
                      <coordinates>7.743353257298359,46.975308485059976,553.3881447565619 7.743353257298359,46.975308485059976,606.478144756562 7.743353257298359,46.97493506700985,606.478144756562 7.743353257298359,46.97493506700985,553.3881447565619</coordinates>
                    </LinearRing>
                  </outerBoundaryIs>
                </Polygon>
                <Polygon>
                  <altitudeMode>absolute</altitudeMode>
                  <outerBoundaryIs>
                    <LinearRing>
                      <coordinates>7.743353257298359,46.97493506700985,553.3881447565619 7.743353257298359,46.97493506700985,606.478144756562 7.742479898503331,46.97493506700985,606.478144756562 7.742479898503331,46.97493506700985,553.3881447565619</coordinates>
                    </LinearRing>
                  </outerBoundaryIs>
                </Polygon>
              </MultiGeometry>
            </Placemark>
          </Folder>
          <Folder>
            <name>E210: uss2 astm.f3548.v21.uss.getOperationalIntentDetails</name>
            <Folder>
              <name>uss2's P100 Activated 62c8308a-0a65-4020-b79e-a2b3f73e8480[3] @ nftUXgyjC6Sk5nfszBVopsrcW0z5O130fNxr5WU2ZJc_</name>
              <Placemark>
                <name>Nominal volume 0</name>
                <styleUrl>#F3548v21Activated</styleUrl>
                <TimeSpan>
                  <begin>2026-10-07T03:45:04.088930+00:00</begin>
                  <end>2026-10-07T04:30:04.048815+00:00</end>
                </TimeSpan>
                <MultiGeometry>
                  <Polygon>
                    <altitudeMode>absolute</altitudeMode>
                    <outerBoundaryIs>
                      <LinearRing>
                        <coordinates>7.742479898503331,46.97502105231019,553.3880483645892 7.743353257298359,46.97493506700985,553.3880483645892 7.7427989225939715,46.975308485059976,553.3880483645892</coordinates>
                      </LinearRing>
                    </outerBoundaryIs>
                  </Polygon>
                  <Polygon>
                    <altitudeMode>absolute</altitudeMode>
                    <outerBoundaryIs>
                      <LinearRing>
                        <coordinates>7.742479898503331,46.97502105231019,606.4780483645892 7.743353257298359,46.97493506700985,606.4780483645892 7.7427989225939715,46.975308485059976,606.4780483645892</coordinates>
                      </LinearRing>
                    </outerBoundaryIs>
                  </Polygon>
                  <Polygon>
                    <altitudeMode>absolute</altitudeMode>
                    <outerBoundaryIs>
                      <LinearRing>
                        <coordinates>7.742479898503331,46.97502105231019,553.3880483645892 7.742479898503331,46.97502105231019,606.4780483645892 7.743353257298359,46.97493506700985,606.4780483645892 7.743353257298359,46.97493506700985,553.3880483645892</coordinates>
                      </LinearRing>
                    </outerBoundaryIs>
                  </Polygon>
                  <Polygon>
                    <altitudeMode>absolute</altitudeMode>
                    <outerBoundaryIs>
                      <LinearRing>
                        <coordinates>7.743353257298359,46.97493506700985,553.3880483645892 7.743353257298359,46.97493506700985,606.4780483645892 7.7427989225939715,46.975308485059976,606.4780483645892 7.7427989225939715,46.975308485059976,553.3880483645892</coordinates>
                      </LinearRing>
                    </outerBoundaryIs>
                  </Polygon>
                  <Polygon>
                    <altitudeMode>absolute</altitudeMode>
                    <outerBoundaryIs>
                      <LinearRing>
                        <coordinates>7.7427989225939715,46.975308485059976,553.3880483645892 7.7427989225939715,46.975308485059976,606.4780483645892 7.742479898503331,46.97502105231019,606.4780483645892 7.742479898503331,46.97502105231019,553.3880483645892</coordinates>
                      </LinearRing>
                    </outerBoundaryIs>
                  </Polygon>
                </MultiGeometry>
              </Placemark>
            </Folder>
          </Folder>
        </Folder>
        <Folder>
          <name>Attempt to modify activated Flight 1 into conflict</name>
          <Folder>
            <name>E219: uss1 astm.f3548.v21.dss.queryOperationalIntentReferences</name>
            <Placemark>
              <name>area_of_interest</name>
              <styleUrl>#QueryArea</styleUrl>
              <description><![CDATA[<ul><li>uss2's Activated 26ca4134-c319-40fb-b2d3-3d9d5fa51704[3]</li><li>uss2's Activated 62c8308a-0a65-4020-b79e-a2b3f73e8480[3]</li></ul>]]></description>
              <TimeSpan>
                <begin>2026-10-07T03:45:03.262214+00:00</begin>
                <end>2026-10-07T04:30:04.262214+00:00</end>
              </TimeSpan>
              <MultiGeometry>
                <Polygon>
                  <altitudeMode>absolute</altitudeMode>
                  <outerBoundaryIs>
                    <LinearRing>
                      <coordinates>7.742883533244558,46.9745267709099,526.4277100454847 7.742883533244558,46.975290446790375,526.4277100454847 7.743537445362028,46.975290446790375,526.4277100454847 7.743537445362028,46.9745267709099,526.4277100454847</coordinates>
                    </LinearRing>
                  </outerBoundaryIs>
                </Polygon>
                <Polygon>
                  <altitudeMode>absolute</altitudeMode>
                  <outerBoundaryIs>
                    <LinearRing>
                      <coordinates>7.742883533244558,46.9745267709099,591.4777100454846 7.742883533244558,46.975290446790375,591.4777100454846 7.743537445362028,46.975290446790375,591.4777100454846 7.743537445362028,46.9745267709099,591.4777100454846</coordinates>
                    </LinearRing>
                  </outerBoundaryIs>
                </Polygon>
                <Polygon>
                  <altitudeMode>absolute</altitudeMode>
                  <outerBoundaryIs>
                    <LinearRing>
                      <coordinates>7.742883533244558,46.9745267709099,526.4277100454847 7.742883533244558,46.9745267709099,591.4777100454846 7.742883533244558,46.975290446790375,591.4777100454846 7.742883533244558,46.975290446790375,526.4277100454847</coordinates>
                    </LinearRing>
                  </outerBoundaryIs>
                </Polygon>
                <Polygon>
                  <altitudeMode>absolute</altitudeMode>
                  <outerBoundaryIs>
                    <LinearRing>
                      <coordinates>7.742883533244558,46.975290446790375,526.4277100454847 7.742883533244558,46.975290446790375,591.4777100454846 7.743537445362028,46.975290446790375,591.4777100454846 7.743537445362028,46.975290446790375,526.4277100454847</coordinates>
                    </LinearRing>
                  </outerBoundaryIs>
                </Polygon>
                <Polygon>
                  <altitudeMode>absolute</altitudeMode>
                  <outerBoundaryIs>
                    <LinearRing>
                      <coordinates>7.743537445362028,46.975290446790375,526.4277100454847 7.743537445362028,46.975290446790375,591.4777100454846 7.743537445362028,46.9745267709099,591.4777100454846 7.743537445362028,46.9745267709099,526.4277100454847</coordinates>
                    </LinearRing>
                  </outerBoundaryIs>
                </Polygon>
                <Polygon>
                  <altitudeMode>absolute</altitudeMode>
                  <outerBoundaryIs>
                    <LinearRing>
                      <coordinates>7.743537445362028,46.9745267709099,526.4277100454847 7.743537445362028,46.9745267709099,591.4777100454846 7.742883533244558,46.9745267709099,591.4777100454846 7.742883533244558,46.9745267709099,526.4277100454847</coordinates>
                    </LinearRing>
                  </outerBoundaryIs>
                </Polygon>
              </MultiGeometry>
            </Placemark>
          </Folder>
          <Folder>
            <name>E224: uss1 astm.f3548.v21.dss.queryOperationalIntentReferences</name>
            <Placemark>
              <name>area_of_interest</name>
              <styleUrl>#QueryArea</styleUrl>
              <description><![CDATA[<ul><li>uss2's Activated 26ca4134-c319-40fb-b2d3-3d9d5fa51704[3]</li><li>uss2's Activated 62c8308a-0a65-4020-b79e-a2b3f73e8480[3]</li></ul>]]></description>
              <TimeSpan>
                <begin>2026-10-07T03:45:03.262214+00:00</begin>
                <end>2026-10-07T04:30:04.262214+00:00</end>
              </TimeSpan>
              <MultiGeometry>
                <Polygon>
                  <altitudeMode>absolute</altitudeMode>
                  <outerBoundaryIs>
                    <LinearRing>
                      <coordinates>7.742883533244558,46.9745267709099,526.4277100454847 7.742883533244558,46.975290446790375,526.4277100454847 7.743537445362028,46.975290446790375,526.4277100454847 7.743537445362028,46.9745267709099,526.4277100454847</coordinates>
                    </LinearRing>
                  </outerBoundaryIs>
                </Polygon>
                <Polygon>
                  <altitudeMode>absolute</altitudeMode>
                  <outerBoundaryIs>
                    <LinearRing>
                      <coordinates>7.742883533244558,46.9745267709099,591.4777100454846 7.742883533244558,46.975290446790375,591.4777100454846 7.743537445362028,46.975290446790375,591.4777100454846 7.743537445362028,46.9745267709099,591.4777100454846</coordinates>
                    </LinearRing>
                  </outerBoundaryIs>
                </Polygon>
                <Polygon>
                  <altitudeMode>absolute</altitudeMode>
                  <outerBoundaryIs>
                    <LinearRing>
                      <coordinates>7.742883533244558,46.9745267709099,526.4277100454847 7.742883533244558,46.9745267709099,591.4777100454846 7.742883533244558,46.975290446790375,591.4777100454846 7.742883533244558,46.975290446790375,526.4277100454847</coordinates>
                    </LinearRing>
                  </outerBoundaryIs>
                </Polygon>
                <Polygon>
                  <altitudeMode>absolute</altitudeMode>
                  <outerBoundaryIs>
                    <LinearRing>
                      <coordinates>7.742883533244558,46.975290446790375,526.4277100454847 7.742883533244558,46.975290446790375,591.4777100454846 7.743537445362028,46.975290446790375,591.4777100454846 7.743537445362028,46.975290446790375,526.4277100454847</coordinates>
                    </LinearRing>
                  </outerBoundaryIs>
                </Polygon>
                <Polygon>
                  <altitudeMode>absolute</altitudeMode>
                  <outerBoundaryIs>
                    <LinearRing>
                      <coordinates>7.743537445362028,46.975290446790375,526.4277100454847 7.743537445362028,46.975290446790375,591.4777100454846 7.743537445362028,46.9745267709099,591.4777100454846 7.743537445362028,46.9745267709099,526.4277100454847</coordinates>
                    </LinearRing>
                  </outerBoundaryIs>
                </Polygon>
                <Polygon>
                  <altitudeMode>absolute</altitudeMode>
                  <outerBoundaryIs>
                    <LinearRing>
                      <coordinates>7.743537445362028,46.9745267709099,526.4277100454847 7.743537445362028,46.9745267709099,591.4777100454846 7.742883533244558,46.9745267709099,591.4777100454846 7.742883533244558,46.9745267709099,526.4277100454847</coordinates>
                    </LinearRing>
                  </outerBoundaryIs>
                </Polygon>
              </MultiGeometry>
            </Placemark>
          </Folder>
        </Folder>
      </Folder>
      <Folder>
        <name/>
        <Folder>
          <name>Cleanup</name>
        </Folder>
      </Folder>
    </Folder>
  </Document>
</kml>
