<kml xmlns="http://www.opengis.net/kml/2.2" xmlns:atom="http://www.w3.org/2005/Atom" xmlns:gx="http://www.google.com/kml/ext/2.2">
  <Document>
    <Style id="QueryArea">
      <LineStyle>
        <color>ffc0c000</color>
        <width>3</width>
      </LineStyle>
      <PolyStyle>
        <color>80ffffaa</color>
      </PolyStyle>
    </Style>
    <Style id="F3548v21Accepted">
      <LineStyle>
        <color>ff00c000</color>
        <width>3</width>
      </LineStyle>
      <PolyStyle>
        <color>80c0c0c0</color>
      </PolyStyle>
    </Style>
    <Style id="F3548v21Activated">
      <LineStyle>
        <color>ff00c000</color>
        <width>3</width>
      </LineStyle>
      <PolyStyle>
        <color>8000ff00</color>
      </PolyStyle>
    </Style>
    <Style id="F3548v21Nonconforming">
      <LineStyle>
        <color>ff00ffff</color>
        <width>5</width>
      </LineStyle>
      <PolyStyle>
        <color>8000ffff</color>
      </PolyStyle>
    </Style>
    <Style id="F3548v21Contingent">
      <LineStyle>
        <color>ff0000ff</color>
        <width>5</width>
      </LineStyle>
      <PolyStyle>
        <color>80ff0000ff</color>
      </PolyStyle>
    </Style>
    <Style id="F3548v21AcceptedFuture">
      <LineStyle>
        <color>80c0c0c0</color>
        <width>1</width>
      </LineStyle>
      <PolyStyle>
        <color>00000000</color>
      </PolyStyle>
    </Style>
    <Style id="F3548v21ActivatedFuture">
      <LineStyle>
        <color>8040c040</color>
        <width>1</width>
      </LineStyle>
      <PolyStyle>
        <color>00000000</color>
      </PolyStyle>
    </Style>
    <Style id="F3548v21NonconformingFuture">
      <LineStyle>
        <color>8000ffff</color>
        <width>1</width>
      </LineStyle>
      <PolyStyle>
        <color>00000000</color>
      </PolyStyle>
    </Style>
    <Style id="F3548v21ContingentFuture">
      <LineStyle>
        <color>80ff0000ff</color>
        <width>1</width>
      </LineStyle>
      <PolyStyle>
        <color>00000000</color>
      </PolyStyle>
    </Style>
    <Style id="Planned_Nominal">
      <LineStyle>
        <color>ff00c000</color>
        <width>3</width>
      </LineStyle>
      <PolyStyle>
        <color>80808080</color>
      </PolyStyle>
    </Style>
    <Style id="InUse_Nominal">
      <LineStyle>
        <color>ff00c000</color>
        <width>3</width>
      </LineStyle>
      <PolyStyle>
        <color>8000ff00</color>
      </PolyStyle>
    </Style>
    <Style id="InUse_OffNominal">
      <LineStyle>
        <color>ff00ffff</color>
        <width>5</width>
      </LineStyle>
      <PolyStyle>
        <color>8000ff00</color>
      </PolyStyle>
    </Style>
    <Style id="InUse_Contingent">
      <LineStyle>
        <color>ff0000ff</color>
        <width>5</width>
      </LineStyle>
      <PolyStyle>
        <color>8000ff00</color>
      </PolyStyle>
    </Style>
    <Style id="unmodifiedtelemetry">
      <IconStyle>
        <scale>1.4</scale>
        <Icon>
          <href>http://maps.google.com/mapfiles/kml/shapes/placemark_circle.png</href>
        </Icon>
      </IconStyle>
    </Style>
    <Style id="modifiedtelemetry">
      <IconStyle>
        <scale>1.4</scale>
        <Icon>
          <href>http://maps.google.com/mapfiles/kml/shapes/placemark_square.png</href>
        </Icon>
      </IconStyle>
    </Style>
    <Style id="aircraft">
      <IconStyle>
        <scale>1.4</scale>
        <Icon>
          <href>http://maps.google.com/mapfiles/kml/shapes/airports.png</href>
        </Icon>
      </IconStyle>
    </Style>
    <Folder>
      <name>Nominal planning: not permitted conflict with equal priority</name>
      <Folder>
        <name>Prerequisites check</name>
        <Folder>
          <name>Verify area is clear</name>
          <Folder>
            <name>E3: uss1 astm.f3548.v21.dss.queryOperationalIntentReferences</name>
            <Placemark>
              <name>area_of_interest</name>
              <styleUrl>#QueryArea</styleUrl>
              <description><![CDATA[(no operational intent references found)]]></description>
              <TimeSpan>
                <begin>2026-09-26T18:19:22.432935+00:00</begin>
                <end>2026-09-26T19:49:23.432935+00:00</end>
              </TimeSpan>
              <MultiGeometry>
                <Polygon>
                  <altitudeMode>absolute</altitudeMode>
                  <outerBoundaryIs>
                    <LinearRing>
                      <coordinates>7.477046661060006,46.974528046030414,526.2715922017426 7.477046661060006,46.97530804909576,526.2715922017426 7.47810665524113,46.97530804909576,526.2715922017426 7.47810665524113,46.974528046030414,526.2715922017426</coordinates>
                    </LinearRing>
                  </outerBoundaryIs>
                </Polygon>
                <Polygon>
                  <altitudeMode>absolute</altitudeMode>
                  <outerBoundaryIs>
                    <LinearRing>
                      <coordinates>7.477046661060006,46.974528046030414,606.3215922017425 7.477046661060006,46.97530804909576,606.3215922017425 7.47810665524113,46.97530804909576,606.3215922017425 7.47810665524113,46.974528046030414,606.3215922017425</coordinates>
                    </LinearRing>
                  </outerBoundaryIs>
                </Polygon>
                <Polygon>
                  <altitudeMode>absolute</altitudeMode>
                  <outerBoundaryIs>
                    <LinearRing>
                      <coordinates>7.477046661060006,46.974528046030414,526.2715922017426 7.477046661060006,46.974528046030414,606.3215922017425 7.477046661060006,46.97530804909576,606.3215922017425 7.477046661060006,46.97530804909576,526.2715922017426</coordinates>
                    </LinearRing>
                  </outerBoundaryIs>
                </Polygon>
                <Polygon>
                  <altitudeMode>absolute</altitudeMode>
                  <outerBoundaryIs>
                    <LinearRing>
                      <coordinates>7.477046661060006,46.97530804909576,526.2715922017426 7.477046661060006,46.97530804909576,606.3215922017425 7.47810665524113,46.97530804909576,606.3215922017425 7.47810665524113,46.97530804909576,526.2715922017426</coordinates>
                    </LinearRing>
                  </outerBoundaryIs>
                </Polygon>
                <Polygon>
                  <altitudeMode>absolute</altitudeMode>
                  <outerBoundaryIs>
                    <LinearRing>
                      <coordinates>7.47810665524113,46.97530804909576,526.2715922017426 7.47810665524113,46.97530804909576,606.3215922017425 7.47810665524113,46.974528046030414,606.3215922017425 7.47810665524113,46.974528046030414,526.2715922017426</coordinates>
                    </LinearRing>
                  </outerBoundaryIs>
                </Polygon>
                <Polygon>
                  <altitudeMode>absolute</altitudeMode>
                  <outerBoundaryIs>
                    <LinearRing>
                      <coordinates>7.47810665524113,46.974528046030414,526.2715922017426 7.47810665524113,46.974528046030414,606.3215922017425 7.477046661060006,46.974528046030414,606.3215922017425 7.477046661060006,46.974528046030414,526.2715922017426</coordinates>
                    </LinearRing>
                  </outerBoundaryIs>
                </Polygon>
              </MultiGeometry>
            </Placemark>
          </Folder>
        </Folder>
      </Folder>
      <Folder>
        <name>Attempt to plan flight into conflict</name>
        <Folder>
          <name>Plan Flight 2</name>
          <Folder>
            <name>E6: uss1 astm.f3548.v21.dss.queryOperationalIntentReferences</name>
            <Placemark>
              <name>area_of_interest</name>
              <styleUrl>#QueryArea</styleUrl>
              <description><![CDATA[(no operational intent references found)]]></description>
              <TimeSpan>
                <begin>2026-09-26T18:19:22.521863+00:00</begin>
                <end>2026-09-26T19:04:23.521863+00:00</end>
              </TimeSpan>
              <MultiGeometry>
                <Polygon>
                  <altitudeMode>absolute</altitudeMode>
                  <outerBoundaryIs>
                    <LinearRing>
                      <coordinates>7.477046661060006,46.97455925749912,556.4213975997227 7.477046661060006,46.97530804909576,556.4213975997227 7.477627795613881,46.97530804909576,556.4213975997227 7.477627795613881,46.97455925749912,556.4213975997227</coordinates>
                    </LinearRing>
                  </outerBoundaryIs>
                </Polygon>
                <Polygon>
                  <altitudeMode>absolute</altitudeMode>
                  <outerBoundaryIs>
                    <LinearRing>
                      <coordinates>7.477046661060006,46.97455925749912,584.3213975997227 7.477046661060006,46.97530804909576,584.3213975997227 7.477627795613881,46.97530804909576,584.3213975997227 7.477627795613881,46.97455925749912,584.3213975997227</coordinates>
                    </LinearRing>
                  </outerBoundaryIs>
                </Polygon>
                <Polygon>
                  <altitudeMode>absolute</altitudeMode>
                  <outerBoundaryIs>
                    <LinearRing>
                      <coordinates>7.477046661060006,46.97455925749912,556.4213975997227 7.477046661060006,46.97455925749912,584.3213975997227 7.477046661060006,46.97530804909576,584.3213975997227 7.477046661060006,46.97530804909576,556.4213975997227</coordinates>
                    </LinearRing>
                  </outerBoundaryIs>
                </Polygon>
                <Polygon>
                  <altitudeMode>absolute</altitudeMode>
                  <outerBoundaryIs>
                    <LinearRing>
                      <coordinates>7.477046661060006,46.97530804909576,556.4213975997227 7.477046661060006,46.97530804909576,584.3213975997227 7.477627795613881,46.97530804909576,584.3213975997227 7.477627795613881,46.97530804909576,556.4213975997227</coordinates>
                    </LinearRing>
                  </outerBoundaryIs>
                </Polygon>
                <Polygon>
                  <altitudeMode>absolute</altitudeMode>
                  <outerBoundaryIs>
                    <LinearRing>
                      <coordinates>7.477627795613881,46.97530804909576,556.4213975997227 7.477627795613881,46.97530804909576,584.3213975997227 7.477627795613881,46.97455925749912,584.3213975997227 7.477627795613881,46.97455925749912,556.4213975997227</coordinates>
                    </LinearRing>
                  </outerBoundaryIs>
                </Polygon>
                <Polygon>
                  <altitudeMode>absolute</altitudeMode>
                  <outerBoundaryIs>
                    <LinearRing>
                      <coordinates>7.477627795613881,46.97455925749912,556.4213975997227 7.477627795613881,46.97455925749912,584.3213975997227 7.477046661060006,46.97455925749912,584.3213975997227 7.477046661060006,46.97455925749912,556.4213975997227</coordinates>
                    </LinearRing>
                  </outerBoundaryIs>
                </Polygon>
              </MultiGeometry>
            </Placemark>
          </Folder>
          <Folder>
            <name>E8: uss1 interuss.automated_testing.flight_planning.v1.UpsertFlightPlan</name>
            <Folder>
              <name>Activity Completed, flight Planned</name>
              <Placemark>
                <name>Volume 0</name>
                <styleUrl>#Planned_Nominal</styleUrl>
                <TimeSpan>
                  <begin>2026-09-26T18:19:22.521863+00:00</begin>
                  <end>2026-09-26T19:04:23.521863+00:00</end>
                </TimeSpan>
                <MultiGeometry>
                  <Polygon>
                    <altitudeMode>absolute</altitudeMode>
                    <outerBoundaryIs>
                      <LinearRing>
                        <coordinates>7.477046661060006,46.97501988078352,556.4214246078915 7.477301884621132,46.97455925749912,556.4214246078915 7.477627795613881,46.97494726396419,556.4214246078915 7.477364256610934,46.97530804909575,556.4214246078915</coordinates>
                      </LinearRing>
                    </outerBoundaryIs>
                  </Polygon>
                  <Polygon>
                    <altitudeMode>absolute</altitudeMode>
                    <outerBoundaryIs>
                      <LinearRing>
                        <coordinates>7.477046661060006,46.97501988078352,584.3214246078915 7.477301884621132,46.97455925749912,584.3214246078915 7.477627795613881,46.97494726396419,584.3214246078915 7.477364256610934,46.97530804909575,584.3214246078915</coordinates>
                      </LinearRing>
                    </outerBoundaryIs>
                  </Polygon>
                  <Polygon>
                    <altitudeMode>absolute</altitudeMode>
                    <outerBoundaryIs>
                      <LinearRing>
                        <coordinates>7.477046661060006,46.97501988078352,556.4214246078915 7.477046661060006,46.97501988078352,584.3214246078915 7.477301884621132,46.97455925749912,584.3214246078915 7.477301884621132,46.97455925749912,556.4214246078915</coordinates>
                      </LinearRing>
                    </outerBoundaryIs>
                  </Polygon>
                  <Polygon>
                    <altitudeMode>absolute</altitudeMode>
                    <outerBoundaryIs>
                      <LinearRing>
                        <coordinates>7.477301884621132,46.97455925749912,556.4214246078915 7.477301884621132,46.97455925749912,584.3214246078915 7.477627795613881,46.97494726396419,584.3214246078915 7.477627795613881,46.97494726396419,556.4214246078915</coordinates>
                      </LinearRing>
                    </outerBoundaryIs>
                  </Polygon>
                  <Polygon>
                    <altitudeMode>absolute</altitudeMode>
                    <outerBoundaryIs>
                      <LinearRing>
                        <coordinates>7.477627795613881,46.97494726396419,556.4214246078915 7.477627795613881,46.97494726396419,584.3214246078915 7.477364256610934,46.97530804909575,584.3214246078915 7.477364256610934,46.97530804909575,556.4214246078915</coordinates>
                      </LinearRing>
                    </outerBoundaryIs>
                  </Polygon>
                  <Polygon>
                    <altitudeMode>absolute</altitudeMode>
                    <outerBoundaryIs>
                      <LinearRing>
                        <coordinates>7.477364256610934,46.97530804909575,556.4214246078915 7.477364256610934,46.97530804909575,584.3214246078915 7.477046661060006,46.97501988078352,584.3214246078915 7.477046661060006,46.97501988078352,556.4214246078915</coordinates>
                      </LinearRing>
                    </outerBoundaryIs>
                  </Polygon>
                </MultiGeometry>
              </Placemark>
            </Folder>
          </Folder>
          <Folder>
            <name>E12: uss1 astm.f3548.v21.dss.queryOperationalIntentReferences</name>
            <Placemark>
              <name>area_of_interest</name>
              <styleUrl>#QueryArea</styleUrl>
              <description><![CDATA[<ul><li>uss1's Accepted e4e4321e-6328-4d9c-8123-a07d4f6be149[1]</li></ul>]]></description>
              <TimeSpan>
                <begin>2026-09-26T18:19:22.521863+00:00</begin>
                <end>2026-09-26T19:04:23.521863+00:00</end>
              </TimeSpan>
              <MultiGeometry>
                <Polygon>
                  <altitudeMode>absolute</altitudeMode>
                  <outerBoundaryIs>
                    <LinearRing>
                      <coordinates>7.477046661060006,46.97455925749912,556.4213975997227 7.477046661060006,46.97530804909576,556.4213975997227 7.477627795613881,46.97530804909576,556.4213975997227 7.477627795613881,46.97455925749912,556.4213975997227</coordinates>
                    </LinearRing>
                  </outerBoundaryIs>
                </Polygon>
                <Polygon>
                  <altitudeMode>absolute</altitudeMode>
                  <outerBoundaryIs>
                    <LinearRing>
                      <coordinates>7.477046661060006,46.97455925749912,584.3213975997227 7.477046661060006,46.97530804909576,584.3213975997227 7.477627795613881,46.97530804909576,584.3213975997227 7.477627795613881,46.97455925749912,584.3213975997227</coordinates>
                    </LinearRing>
                  </outerBoundaryIs>
                </Polygon>
                <Polygon>
                  <altitudeMode>absolute</altitudeMode>
                  <outerBoundaryIs>
                    <LinearRing>
                      <coordinates>7.477046661060006,46.97455925749912,556.4213975997227 7.477046661060006,46.97455925749912,584.3213975997227 7.477046661060006,46.97530804909576,584.3213975997227 7.477046661060006,46.97530804909576,556.4213975997227</coordinates>
                    </LinearRing>
                  </outerBoundaryIs>
                </Polygon>
                <Polygon>
                  <altitudeMode>absolute</altitudeMode>
                  <outerBoundaryIs>
                    <LinearRing>
                      <coordinates>7.477046661060006,46.97530804909576,556.4213975997227 7.477046661060006,46.97530804909576,584.3213975997227 7.477627795613881,46.97530804909576,584.3213975997227 7.477627795613881,46.97530804909576,556.4213975997227</coordinates>
                    </LinearRing>
                  </outerBoundaryIs>
                </Polygon>
                <Polygon>
                  <altitudeMode>absolute</altitudeMode>
                  <outerBoundaryIs>
                    <LinearRing>
                      <coordinates>7.477627795613881,46.97530804909576,556.4213975997227 7.477627795613881,46.97530804909576,584.3213975997227 7.477627795613881,46.97455925749912,584.3213975997227 7.477627795613881,46.97455925749912,556.4213975997227</coordinates>
                    </LinearRing>
                  </outerBoundaryIs>
                </Polygon>
                <Polygon>
                  <altitudeMode>absolute</altitudeMode>
                  <outerBoundaryIs>
                    <LinearRing>
                      <coordinates>7.477627795613881,46.97455925749912,556.4213975997227 7.477627795613881,46.97455925749912,584.3213975997227 7.477046661060006,46.97455925749912,584.3213975997227 7.477046661060006,46.97455925749912,556.4213975997227</coordinates>
                    </LinearRing>
                  </outerBoundaryIs>
                </Polygon>
              </MultiGeometry>
            </Placemark>
          </Folder>
          <Folder>
            <name>E16: uss1 astm.f3548.v21.uss.getOperationalIntentDetails</name>
            <Folder>
              <name>uss1's P0 Accepted e4e4321e-6328-4d9c-8123-a07d4f6be149[1] @ SRNWerI9IJqmab.00JYyQH3u6c3FAMKmfITIiPkX4yY_</name>
              <Placemark>
                <name>Nominal volume 0</name>
                <styleUrl>#F3548v21Accepted</styleUrl>
                <TimeSpan>
                  <begin>2026-09-26T18:19:23.551779+00:00</begin>
                  <end>2026-09-26T19:04:23.521863+00:00</end>
                </TimeSpan>
                <MultiGeometry>
                  <Polygon>
                    <altitudeMode>absolute</altitudeMode>
                    <outerBoundaryIs>
                      <LinearRing>
                        <coordinates>7.477046661060006,46.97501988078352,556.4214246078915 7.477301884621132,46.97455925749912,556.4214246078915 7.477627795613881,46.97494726396419,556.4214246078915 7.477364256610934,46.97530804909575,556.4214246078915</coordinates>
                      </LinearRing>
                    </outerBoundaryIs>
                  </Polygon>
                  <Polygon>
                    <altitudeMode>absolute</altitudeMode>
                    <outerBoundaryIs>
                      <LinearRing>
                        <coordinates>7.477046661060006,46.97501988078352,584.3214246078915 7.477301884621132,46.97455925749912,584.3214246078915 7.477627795613881,46.97494726396419,584.3214246078915 7.477364256610934,46.97530804909575,584.3214246078915</coordinates>
                      </LinearRing>
                    </outerBoundaryIs>
                  </Polygon>
                  <Polygon>
                    <altitudeMode>absolute</altitudeMode>
                    <outerBoundaryIs>
                      <LinearRing>
                        <coordinates>7.477046661060006,46.97501988078352,556.4214246078915 7.477046661060006,46.97501988078352,584.3214246078915 7.477301884621132,46.97455925749912,584.3214246078915 7.477301884621132,46.97455925749912,556.4214246078915</coordinates>
                      </LinearRing>
                    </outerBoundaryIs>
                  </Polygon>
                  <Polygon>
                    <altitudeMode>absolute</altitudeMode>
                    <outerBoundaryIs>
                      <LinearRing>
                        <coordinates>7.477301884621132,46.97455925749912,556.4214246078915 7.477301884621132,46.97455925749912,584.3214246078915 7.477627795613881,46.97494726396419,584.3214246078915 7.477627795613881,46.97494726396419,556.4214246078915</coordinates>
                      </LinearRing>
                    </outerBoundaryIs>
                  </Polygon>
                  <Polygon>
                    <altitudeMode>absolute</altitudeMode>
                    <outerBoundaryIs>
                      <LinearRing>
                        <coordinates>7.477627795613881,46.97494726396419,556.4214246078915 7.477627795613881,46.97494726396419,584.3214246078915 7.477364256610934,46.97530804909575,584.3214246078915 7.477364256610934,46.97530804909575,556.4214246078915</coordinates>
                      </LinearRing>
                    </outerBoundaryIs>
                  </Polygon>
                  <Polygon>
                    <altitudeMode>absolute</altitudeMode>
                    <outerBoundaryIs>
                      <LinearRing>
                        <coordinates>7.477364256610934,46.97530804909575,556.4214246078915 7.477364256610934,46.97530804909575,584.3214246078915 7.477046661060006,46.97501988078352,584.3214246078915 7.477046661060006,46.97501988078352,556.4214246078915</coordinates>
                      </LinearRing>
                    </outerBoundaryIs>
                  </Polygon>
                </MultiGeometry>
              </Placemark>
            </Folder>
          </Folder>
        </Folder>
        <Folder>
          <name>Activate Flight 2</name>
          <Folder>
            <name>E25: uss1 astm.f3548.v21.dss.queryOperationalIntentReferences</name>
            <Placemark>
              <name>area_of_interest</name>
              <styleUrl>#QueryArea</styleUrl>
              <description><![CDATA[<ul><li>uss1's Accepted e4e4321e-6328-4d9c-8123-a07d4f6be149[1]</li></ul>]]></description>
              <TimeSpan>
                <begin>2026-09-26T18:19:22.696268+00:00</begin>
                <end>2026-09-26T19:04:23.696268+00:00</end>
              </TimeSpan>
              <MultiGeometry>
                <Polygon>
                  <altitudeMode>absolute</altitudeMode>
                  <outerBoundaryIs>
                    <LinearRing>
                      <coordinates>7.477046661060006,46.97455925749912,556.4313975997227 7.477046661060006,46.97530804909576,556.4313975997227 7.477627795613881,46.97530804909576,556.4313975997227 7.477627795613881,46.97455925749912,556.4313975997227</coordinates>
                    </LinearRing>
                  </outerBoundaryIs>
                </Polygon>
                <Polygon>
                  <altitudeMode>absolute</altitudeMode>
                  <outerBoundaryIs>
                    <LinearRing>
                      <coordinates>7.477046661060006,46.97455925749912,584.3213975997227 7.477046661060006,46.97530804909576,584.3213975997227 7.477627795613881,46.97530804909576,584.3213975997227 7.477627795613881,46.97455925749912,584.3213975997227</coordinates>
                    </LinearRing>
                  </outerBoundaryIs>
                </Polygon>
                <Polygon>
                  <altitudeMode>absolute</altitudeMode>
                  <outerBoundaryIs>
                    <LinearRing>
                      <coordinates>7.477046661060006,46.97455925749912,556.4313975997227 7.477046661060006,46.97455925749912,584.3213975997227 7.477046661060006,46.97530804909576,584.3213975997227 7.477046661060006,46.97530804909576,556.4313975997227</coordinates>
                    </LinearRing>
                  </outerBoundaryIs>
                </Polygon>
                <Polygon>
                  <altitudeMode>absolute</altitudeMode>
                  <outerBoundaryIs>
                    <LinearRing>
                      <coordinates>7.477046661060006,46.97530804909576,556.4313975997227 7.477046661060006,46.97530804909576,584.3213975997227 7.477627795613881,46.97530804909576,584.3213975997227 7.477627795613881,46.97530804909576,556.4313975997227</coordinates>
                    </LinearRing>
                  </outerBoundaryIs>
                </Polygon>
                <Polygon>
                  <altitudeMode>absolute</altitudeMode>
                  <outerBoundaryIs>
                    <LinearRing>
                      <coordinates>7.477627795613881,46.97530804909576,556.4313975997227 7.477627795613881,46.97530804909576,584.3213975997227 7.477627795613881,46.97455925749912,584.3213975997227 7.477627795613881,46.97455925749912,556.4313975997227</coordinates>
                    </LinearRing>
                  </outerBoundaryIs>
                </Polygon>
                <Polygon>
                  <altitudeMode>absolute</altitudeMode>
                  <outerBoundaryIs>
                    <LinearRing>
                      <coordinates>7.477627795613881,46.97455925749912,556.4313975997227 7.477627795613881,46.97455925749912,584.3213975997227 7.477046661060006,46.97455925749912,584.3213975997227 7.477046661060006,46.97455925749912,556.4313975997227</coordinates>
                    </LinearRing>
                  </outerBoundaryIs>
                </Polygon>
              </MultiGeometry>
            </Placemark>
          </Folder>
          <Folder>
            <name>E27: uss1 interuss.automated_testing.flight_planning.v1.UpsertFlightPlan</name>
            <Folder>
              <name>Activity Completed, flight OkToFly</name>
              <Placemark>
                <name>Volume 0</name>
                <styleUrl>#InUse_Nominal</styleUrl>
                <TimeSpan>
                  <begin>2026-09-26T18:19:22.696268+00:00</begin>
                  <end>2026-09-26T19:04:23.696268+00:00</end>
                </TimeSpan>
                <MultiGeometry>
                  <Polygon>
                    <altitudeMode>absolute</altitudeMode>
                    <outerBoundaryIs>
                      <LinearRing>
                        <coordinates>7.477046661060006,46.97501988078352,556.4314246078915 7.477301884621132,46.97455925749912,556.4314246078915 7.477627795613881,46.97494726396419,556.4314246078915 7.477364256610934,46.97530804909575,556.4314246078915</coordinates>
                      </LinearRing>
                    </outerBoundaryIs>
                  </Polygon>
                  <Polygon>
                    <altitudeMode>absolute</altitudeMode>
                    <outerBoundaryIs>
                      <LinearRing>
                        <coordinates>7.477046661060006,46.97501988078352,584.3214246078915 7.477301884621132,46.97455925749912,584.3214246078915 7.477627795613881,46.97494726396419,584.3214246078915 7.477364256610934,46.97530804909575,584.3214246078915</coordinates>
                      </LinearRing>
                    </outerBoundaryIs>
                  </Polygon>
                  <Polygon>
                    <altitudeMode>absolute</altitudeMode>
                    <outerBoundaryIs>
                      <LinearRing>
                        <coordinates>7.477046661060006,46.97501988078352,556.4314246078915 7.477046661060006,46.97501988078352,584.3214246078915 7.477301884621132,46.97455925749912,584.3214246078915 7.477301884621132,46.97455925749912,556.4314246078915</coordinates>
                      </LinearRing>
                    </outerBoundaryIs>
                  </Polygon>
                  <Polygon>
                    <altitudeMode>absolute</altitudeMode>
                    <outerBoundaryIs>
                      <LinearRing>
                        <coordinates>7.477301884621132,46.97455925749912,556.4314246078915 7.477301884621132,46.97455925749912,584.3214246078915 7.477627795613881,46.97494726396419,584.3214246078915 7.477627795613881,46.97494726396419,556.4314246078915</coordinates>
                      </LinearRing>
                    </outerBoundaryIs>
                  </Polygon>
                  <Polygon>
                    <altitudeMode>absolute</altitudeMode>
                    <outerBoundaryIs>
                      <LinearRing>
                        <coordinates>7.477627795613881,46.97494726396419,556.4314246078915 7.477627795613881,46.97494726396419,584.3214246078915 7.477364256610934,46.97530804909575,584.3214246078915 7.477364256610934,46.97530804909575,556.4314246078915</coordinates>
                      </LinearRing>
                    </outerBoundaryIs>
                  </Polygon>
                  <Polygon>
                    <altitudeMode>absolute</altitudeMode>
                    <outerBoundaryIs>
                      <LinearRing>
                        <coordinates>7.477364256610934,46.97530804909575,556.4314246078915 7.477364256610934,46.97530804909575,584.3214246078915 7.477046661060006,46.97501988078352,584.3214246078915 7.477046661060006,46.97501988078352,556.4314246078915</coordinates>
                      </LinearRing>
                    </outerBoundaryIs>
                  </Polygon>
                </MultiGeometry>
              </Placemark>
            </Folder>
          </Folder>
          <Folder>
            <name>E31: uss1 astm.f3548.v21.dss.queryOperationalIntentReferences</name>
            <Placemark>
              <name>area_of_interest</name>
              <styleUrl>#QueryArea</styleUrl>
              <description><![CDATA[<ul><li>uss1's Activated e4e4321e-6328-4d9c-8123-a07d4f6be149[2]</li></ul>]]></description>
              <TimeSpan>
                <begin>2026-09-26T18:19:22.696268+00:00</begin>
                <end>2026-09-26T19:04:23.696268+00:00</end>
              </TimeSpan>
              <MultiGeometry>
                <Polygon>
                  <altitudeMode>absolute</altitudeMode>
                  <outerBoundaryIs>
                    <LinearRing>
                      <coordinates>7.477046661060006,46.97455925749912,556.4313975997227 7.477046661060006,46.97530804909576,556.4313975997227 7.477627795613881,46.97530804909576,556.4313975997227 7.477627795613881,46.97455925749912,556.4313975997227</coordinates>
                    </LinearRing>
                  </outerBoundaryIs>
                </Polygon>
                <Polygon>
                  <altitudeMode>absolute</altitudeMode>
                  <outerBoundaryIs>
                    <LinearRing>
                      <coordinates>7.477046661060006,46.97455925749912,584.3213975997227 7.477046661060006,46.97530804909576,584.3213975997227 7.477627795613881,46.97530804909576,584.3213975997227 7.477627795613881,46.97455925749912,584.3213975997227</coordinates>
                    </LinearRing>
                  </outerBoundaryIs>
                </Polygon>
                <Polygon>
                  <altitudeMode>absolute</altitudeMode>
                  <outerBoundaryIs>
                    <LinearRing>
                      <coordinates>7.477046661060006,46.97455925749912,556.4313975997227 7.477046661060006,46.97455925749912,584.3213975997227 7.477046661060006,46.97530804909576,584.3213975997227 7.477046661060006,46.97530804909576,556.4313975997227</coordinates>
                    </LinearRing>
                  </outerBoundaryIs>
                </Polygon>
                <Polygon>
                  <altitudeMode>absolute</altitudeMode>
                  <outerBoundaryIs>
                    <LinearRing>
                      <coordinates>7.477046661060006,46.97530804909576,556.4313975997227 7.477046661060006,46.97530804909576,584.3213975997227 7.477627795613881,46.97530804909576,584.3213975997227 7.477627795613881,46.97530804909576,556.4313975997227</coordinates>
                    </LinearRing>
                  </outerBoundaryIs>
                </Polygon>
                <Polygon>
                  <altitudeMode>absolute</altitudeMode>
                  <outerBoundaryIs>
                    <LinearRing>
                      <coordinates>7.477627795613881,46.97530804909576,556.4313975997227 7.477627795613881,46.97530804909576,584.3213975997227 7.477627795613881,46.97455925749912,584.3213975997227 7.477627795613881,46.97455925749912,556.4313975997227</coordinates>
                    </LinearRing>
                  </outerBoundaryIs>
                </Polygon>
                <Polygon>
                  <altitudeMode>absolute</altitudeMode>
                  <outerBoundaryIs>
                    <LinearRing>
                      <coordinates>7.477627795613881,46.97455925749912,556.4313975997227 7.477627795613881,46.97455925749912,584.3213975997227 7.477046661060006,46.97455925749912,584.3213975997227 7.477046661060006,46.97455925749912,556.4313975997227</coordinates>
                    </LinearRing>
                  </outerBoundaryIs>
                </Polygon>
              </MultiGeometry>
            </Placemark>
          </Folder>
          <Folder>
            <name>E36: uss1 astm.f3548.v21.uss.getOperationalIntentDetails</name>
            <Folder>
              <name>uss1's P0 Activated e4e4321e-6328-4d9c-8123-a07d4f6be149[2] @ dDTCFwEBRdP8ItmJQt13dhq0-cmYFjSGXeaWjeBIn1M_</name>
              <Placemark>
                <name>Nominal volume 0</name>
                <styleUrl>#F3548v21Activated</styleUrl>
                <TimeSpan>
                  <begin>2026-09-26T18:19:23.728205+00:00</begin>
                  <end>2026-09-26T19:04:23.696268+00:00</end>
                </TimeSpan>
                <MultiGeometry>
                  <Polygon>
                    <altitudeMode>absolute</altitudeMode>
                    <outerBoundaryIs>
                      <LinearRing>
                        <coordinates>7.477046661060006,46.97501988078352,556.4314246078915 7.477301884621132,46.97455925749912,556.4314246078915 7.477627795613881,46.97494726396419,556.4314246078915 7.477364256610934,46.97530804909575,556.4314246078915</coordinates>
                      </LinearRing>
                    </outerBoundaryIs>
                  </Polygon>
                  <Polygon>
                    <altitudeMode>absolute</altitudeMode>
                    <outerBoundaryIs>
                      <LinearRing>
                        <coordinates>7.477046661060006,46.97501988078352,584.3214246078915 7.477301884621132,46.97455925749912,584.3214246078915 7.477627795613881,46.97494726396419,584.3214246078915 7.477364256610934,46.97530804909575,584.3214246078915</coordinates>
                      </LinearRing>
                    </outerBoundaryIs>
                  </Polygon>
                  <Polygon>
                    <altitudeMode>absolute</altitudeMode>
                    <outerBoundaryIs>
                      <LinearRing>
                        <coordinates>7.477046661060006,46.97501988078352,556.4314246078915 7.477046661060006,46.97501988078352,584.3214246078915 7.477301884621132,46.97455925749912,584.3214246078915 7.477301884621132,46.97455925749912,556.4314246078915</coordinates>
                      </LinearRing>
                    </outerBoundaryIs>
                  </Polygon>
                  <Polygon>
                    <altitudeMode>absolute</altitudeMode>
                    <outerBoundaryIs>
                      <LinearRing>
                        <coordinates>7.477301884621132,46.97455925749912,556.4314246078915 7.477301884621132,46.97455925749912,584.3214246078915 7.477627795613881,46.97494726396419,584.3214246078915 7.477627795613881,46.97494726396419,556.4314246078915</coordinates>
                      </LinearRing>
                    </outerBoundaryIs>
                  </Polygon>
                  <Polygon>
                    <altitudeMode>absolute</altitudeMode>
                    <outerBoundaryIs>
                      <LinearRing>
                        <coordinates>7.477627795613881,46.97494726396419,556.4314246078915 7.477627795613881,46.97494726396419,584.3214246078915 7.477364256610934,46.97530804909575,584.3214246078915 7.477364256610934,46.97530804909575,556.4314246078915</coordinates>
                      </LinearRing>
                    </outerBoundaryIs>
                  </Polygon>
                  <Polygon>
                    <altitudeMode>absolute</altitudeMode>
                    <outerBoundaryIs>
                      <LinearRing>
                        <coordinates>7.477364256610934,46.97530804909575,556.4314246078915 7.477364256610934,46.97530804909575,584.3214246078915 7.477046661060006,46.97501988078352,584.3214246078915 7.477046661060006,46.97501988078352,556.4314246078915</coordinates>
                      </LinearRing>
                    </outerBoundaryIs>
                  </Polygon>
                </MultiGeometry>
              </Placemark>
            </Folder>
          </Folder>
        </Folder>
        <Folder>
          <name>Attempt to plan Flight 1</name>
          <Folder>
            <name>E45: uss1 astm.f3548.v21.dss.queryOperationalIntentReferences</name>
            <Placemark>
              <name>area_of_interest</name>
              <styleUrl>#QueryArea</styleUrl>
              <description><![CDATA[<ul><li>uss1's Activated e4e4321e-6328-4d9c-8123-a07d4f6be149[2]</li></ul>]]></description>
              <TimeSpan>
                <begin>2026-09-26T18:19:22.879334+00:00</begin>
                <end>2026-09-26T19:04:23.879334+00:00</end>
              </TimeSpan>
              <MultiGeometry>
                <Polygon>
                  <altitudeMode>absolute</altitudeMode>
                  <outerBoundaryIs>
                    <LinearRing>
                      <coordinates>7.477086559435827,46.974528046030414,556.3313835555317 7.477086559435827,46.97491720487753,556.3313835555317 7.47810665524113,46.97491720487753,556.3313835555317 7.47810665524113,46.974528046030414,556.3313835555317</coordinates>
                    </LinearRing>
                  </outerBoundaryIs>
                </Polygon>
                <Polygon>
                  <altitudeMode>absolute</altitudeMode>
                  <outerBoundaryIs>
                    <LinearRing>
                      <coordinates>7.477086559435827,46.974528046030414,586.3213835555317 7.477086559435827,46.97491720487753,586.3213835555317 7.47810665524113,46.97491720487753,586.3213835555317 7.47810665524113,46.974528046030414,586.3213835555317</coordinates>
                    </LinearRing>
                  </outerBoundaryIs>
                </Polygon>
                <Polygon>
                  <altitudeMode>absolute</altitudeMode>
                  <outerBoundaryIs>
                    <LinearRing>
                      <coordinates>7.477086559435827,46.974528046030414,556.3313835555317 7.477086559435827,46.974528046030414,586.3213835555317 7.477086559435827,46.97491720487753,586.3213835555317 7.477086559435827,46.97491720487753,556.3313835555317</coordinates>
                    </LinearRing>
                  </outerBoundaryIs>
                </Polygon>
                <Polygon>
                  <altitudeMode>absolute</altitudeMode>
                  <outerBoundaryIs>
                    <LinearRing>
                      <coordinates>7.477086559435827,46.97491720487753,556.3313835555317 7.477086559435827,46.97491720487753,586.3213835555317 7.47810665524113,46.97491720487753,586.3213835555317 7.47810665524113,46.97491720487753,556.3313835555317</coordinates>
                    </LinearRing>
                  </outerBoundaryIs>
                </Polygon>
                <Polygon>
                  <altitudeMode>absolute</altitudeMode>
                  <outerBoundaryIs>
                    <LinearRing>
                      <coordinates>7.47810665524113,46.97491720487753,556.3313835555317 7.47810665524113,46.97491720487753,586.3213835555317 7.47810665524113,46.974528046030414,586.3213835555317 7.47810665524113,46.974528046030414,556.3313835555317</coordinates>
                    </LinearRing>
                  </outerBoundaryIs>
                </Polygon>
                <Polygon>
                  <altitudeMode>absolute</altitudeMode>
                  <outerBoundaryIs>
                    <LinearRing>
                      <coordinates>7.47810665524113,46.974528046030414,556.3313835555317 7.47810665524113,46.974528046030414,586.3213835555317 7.477086559435827,46.974528046030414,586.3213835555317 7.477086559435827,46.974528046030414,556.3313835555317</coordinates>
                    </LinearRing>
                  </outerBoundaryIs>
                </Polygon>
              </MultiGeometry>
            </Placemark>
          </Folder>
          <Folder>
            <name>E47: uss1 interuss.automated_testing.flight_planning.v1.UpsertFlightPlan</name>
            <Folder>
              <name>Activity Rejected, flight NotPlanned</name>
              <Placemark>
                <name>Volume 0</name>
                <styleUrl>#Planned_Nominal</styleUrl>
                <TimeSpan>
                  <begin>2026-09-26T18:19:22.879334+00:00</begin>
                  <end>2026-09-26T19:04:23.879334+00:00</end>
                </TimeSpan>
                <MultiGeometry>
                  <Polygon>
                    <altitudeMode>absolute</altitudeMode>
                    <outerBoundaryIs>
                      <LinearRing>
                        <coordinates>7.477086559435827,46.97461768818806,556.3313946064567 7.4771115068433796,46.97491720487753,556.3313946064567 7.478062605790899,46.974880319566886,556.3313946064567 7.47810665524113,46.974528046030414,556.3313946064567</coordinates>
                      </LinearRing>
                    </outerBoundaryIs>
                  </Polygon>
                  <Polygon>
                    <altitudeMode>absolute</altitudeMode>
                    <outerBoundaryIs>
                      <LinearRing>
                        <coordinates>7.477086559435827,46.97461768818806,586.3213946064567 7.4771115068433796,46.97491720487753,586.3213946064567 7.478062605790899,46.974880319566886,586.3213946064567 7.47810665524113,46.974528046030414,586.3213946064567</coordinates>
                      </LinearRing>
                    </outerBoundaryIs>
                  </Polygon>
                  <Polygon>
                    <altitudeMode>absolute</altitudeMode>
                    <outerBoundaryIs>
                      <LinearRing>
                        <coordinates>7.477086559435827,46.97461768818806,556.3313946064567 7.477086559435827,46.97461768818806,586.3213946064567 7.4771115068433796,46.97491720487753,586.3213946064567 7.4771115068433796,46.97491720487753,556.3313946064567</coordinates>
                      </LinearRing>
                    </outerBoundaryIs>
                  </Polygon>
                  <Polygon>
                    <altitudeMode>absolute</altitudeMode>
                    <outerBoundaryIs>
                      <LinearRing>
                        <coordinates>7.4771115068433796,46.97491720487753,556.3313946064567 7.4771115068433796,46.97491720487753,586.3213946064567 7.478062605790899,46.974880319566886,586.3213946064567 7.478062605790899,46.974880319566886,556.3313946064567</coordinates>
                      </LinearRing>
                    </outerBoundaryIs>
                  </Polygon>
                  <Polygon>
                    <altitudeMode>absolute</altitudeMode>
                    <outerBoundaryIs>
                      <LinearRing>
                        <coordinates>7.478062605790899,46.974880319566886,556.3313946064567 7.478062605790899,46.974880319566886,586.3213946064567 7.47810665524113,46.974528046030414,586.3213946064567 7.47810665524113,46.974528046030414,556.3313946064567</coordinates>
                      </LinearRing>
                    </outerBoundaryIs>
                  </Polygon>
                  <Polygon>
                    <altitudeMode>absolute</altitudeMode>
                    <outerBoundaryIs>
                      <LinearRing>
                        <coordinates>7.47810665524113,46.974528046030414,556.3313946064567 7.47810665524113,46.974528046030414,586.3213946064567 7.477086559435827,46.97461768818806,586.3213946064567 7.477086559435827,46.97461768818806,556.3313946064567</coordinates>
                      </LinearRing>
                    </outerBoundaryIs>
                  </Polygon>
                </MultiGeometry>
              </Placemark>
            </Folder>
          </Folder>
          <Folder>
            <name>E50: uss1 astm.f3548.v21.dss.queryOperationalIntentReferences</name>
            <Placemark>
              <name>area_of_interest</name>
              <styleUrl>#QueryArea</styleUrl>
              <description><![CDATA[<ul><li>uss1's Activated e4e4321e-6328-4d9c-8123-a07d4f6be149[2]</li></ul>]]></description>
              <TimeSpan>
                <begin>2026-09-26T18:19:22.879334+00:00</begin>
                <end>2026-09-26T19:04:23.879334+00:00</end>
              </TimeSpan>
              <MultiGeometry>
                <Polygon>
                  <altitudeMode>absolute</altitudeMode>
                  <outerBoundaryIs>
                    <LinearRing>
                      <coordinates>7.477086559435827,46.974528046030414,556.3313835555317 7.477086559435827,46.97491720487753,556.3313835555317 7.47810665524113,46.97491720487753,556.3313835555317 7.47810665524113,46.974528046030414,556.3313835555317</coordinates>
                    </LinearRing>
                  </outerBoundaryIs>
                </Polygon>
                <Polygon>
                  <altitudeMode>absolute</altitudeMode>
                  <outerBoundaryIs>
                    <LinearRing>
                      <coordinates>7.477086559435827,46.974528046030414,586.3213835555317 7.477086559435827,46.97491720487753,586.3213835555317 7.47810665524113,46.97491720487753,586.3213835555317 7.47810665524113,46.974528046030414,586.3213835555317</coordinates>
                    </LinearRing>
                  </outerBoundaryIs>
                </Polygon>
                <Polygon>
                  <altitudeMode>absolute</altitudeMode>
                  <outerBoundaryIs>
                    <LinearRing>
                      <coordinates>7.477086559435827,46.974528046030414,556.3313835555317 7.477086559435827,46.974528046030414,586.3213835555317 7.477086559435827,46.97491720487753,586.3213835555317 7.477086559435827,46.97491720487753,556.3313835555317</coordinates>
                    </LinearRing>
                  </outerBoundaryIs>
                </Polygon>
                <Polygon>
                  <altitudeMode>absolute</altitudeMode>
                  <outerBoundaryIs>
                    <LinearRing>
                      <coordinates>7.477086559435827,46.97491720487753,556.3313835555317 7.477086559435827,46.97491720487753,586.3213835555317 7.47810665524113,46.97491720487753,586.3213835555317 7.47810665524113,46.97491720487753,556.3313835555317</coordinates>
                    </LinearRing>
                  </outerBoundaryIs>
                </Polygon>
                <Polygon>
                  <altitudeMode>absolute</altitudeMode>
                  <outerBoundaryIs>
                    <LinearRing>
                      <coordinates>7.47810665524113,46.97491720487753,556.3313835555317 7.47810665524113,46.97491720487753,586.3213835555317 7.47810665524113,46.974528046030414,586.3213835555317 7.47810665524113,46.974528046030414,556.3313835555317</coordinates>
                    </LinearRing>
                  </outerBoundaryIs>
                </Polygon>
                <Polygon>
                  <altitudeMode>absolute</altitudeMode>
                  <outerBoundaryIs>
                    <LinearRing>
                      <coordinates>7.47810665524113,46.974528046030414,556.3313835555317 7.47810665524113,46.974528046030414,586.3213835555317 7.477086559435827,46.974528046030414,586.3213835555317 7.477086559435827,46.974528046030414,556.3313835555317</coordinates>
                    </LinearRing>
                  </outerBoundaryIs>
                </Polygon>
              </MultiGeometry>
            </Placemark>
          </Folder>
        </Folder>
      </Folder>
      <Folder>
        <name>Attempt to activate flight into conflict</name>
        <Folder>
          <name>Attempt to directly activate conflicting Flight 1</name>
          <Folder>
            <name>E53: uss1 astm.f3548.v21.dss.queryOperationalIntentReferences</name>
            <Placemark>
              <name>area_of_interest</name>
              <styleUrl>#QueryArea</styleUrl>
              <description><![CDATA[<ul><li>uss1's Activated e4e4321e-6328-4d9c-8123-a07d4f6be149[2]</li></ul>]]></description>
              <TimeSpan>
                <begin>2026-09-26T18:19:22.980330+00:00</begin>
                <end>2026-09-26T19:04:23.980330+00:00</end>
              </TimeSpan>
              <MultiGeometry>
                <Polygon>
                  <altitudeMode>absolute</altitudeMode>
                  <outerBoundaryIs>
                    <LinearRing>
                      <coordinates>7.477086559435827,46.974528046030414,556.3413835555317 7.477086559435827,46.97491720487753,556.3413835555317 7.47810665524113,46.97491720487753,556.3413835555317 7.47810665524113,46.974528046030414,556.3413835555317</coordinates>
                    </LinearRing>
                  </outerBoundaryIs>
                </Polygon>
                <Polygon>
                  <altitudeMode>absolute</altitudeMode>
                  <outerBoundaryIs>
                    <LinearRing>
                      <coordinates>7.477086559435827,46.974528046030414,586.3213835555317 7.477086559435827,46.97491720487753,586.3213835555317 7.47810665524113,46.97491720487753,586.3213835555317 7.47810665524113,46.974528046030414,586.3213835555317</coordinates>
                    </LinearRing>
                  </outerBoundaryIs>
                </Polygon>
                <Polygon>
                  <altitudeMode>absolute</altitudeMode>
                  <outerBoundaryIs>
                    <LinearRing>
                      <coordinates>7.477086559435827,46.974528046030414,556.3413835555317 7.477086559435827,46.974528046030414,586.3213835555317 7.477086559435827,46.97491720487753,586.3213835555317 7.477086559435827,46.97491720487753,556.3413835555317</coordinates>
                    </LinearRing>
                  </outerBoundaryIs>
                </Polygon>
                <Polygon>
                  <altitudeMode>absolute</altitudeMode>
                  <outerBoundaryIs>
                    <LinearRing>
                      <coordinates>7.477086559435827,46.97491720487753,556.3413835555317 7.477086559435827,46.97491720487753,586.3213835555317 7.47810665524113,46.97491720487753,586.3213835555317 7.47810665524113,46.97491720487753,556.3413835555317</coordinates>
                    </LinearRing>
                  </outerBoundaryIs>
                </Polygon>
                <Polygon>
                  <altitudeMode>absolute</altitudeMode>
                  <outerBoundaryIs>
                    <LinearRing>
                      <coordinates>7.47810665524113,46.97491720487753,556.3413835555317 7.47810665524113,46.97491720487753,586.3213835555317 7.47810665524113,46.974528046030414,586.3213835555317 7.47810665524113,46.974528046030414,556.3413835555317</coordinates>
                    </LinearRing>
                  </outerBoundaryIs>
                </Polygon>
                <Polygon>
                  <altitudeMode>absolute</altitudeMode>
                  <outerBoundaryIs>
                    <LinearRing>
                      <coordinates>7.47810665524113,46.974528046030414,556.3413835555317 7.47810665524113,46.974528046030414,586.3213835555317 7.477086559435827,46.974528046030414,586.3213835555317 7.477086559435827,46.974528046030414,556.3413835555317</coordinates>
                    </LinearRing>
                  </outerBoundaryIs>
                </Polygon>
              </MultiGeometry>
            </Placemark>
          </Folder>
          <Folder>
            <name>E55: uss1 interuss.automated_testing.flight_planning.v1.UpsertFlightPlan</name>
            <Folder>
              <name>Activity Rejected, flight NotPlanned</name>
              <Placemark>
                <name>Volume 0</name>
                <styleUrl>#InUse_Nominal</styleUrl>
                <TimeSpan>
                  <begin>2026-09-26T18:19:22.980330+00:00</begin>
                  <end>2026-09-26T19:04:23.980330+00:00</end>
                </TimeSpan>
                <MultiGeometry>
                  <Polygon>
                    <altitudeMode>absolute</altitudeMode>
                    <outerBoundaryIs>
                      <LinearRing>
                        <coordinates>7.477086559435827,46.97461768818806,556.3413946064567 7.4771115068433796,46.97491720487753,556.3413946064567 7.478062605790899,46.974880319566886,556.3413946064567 7.47810665524113,46.974528046030414,556.3413946064567</coordinates>
                      </LinearRing>
                    </outerBoundaryIs>
                  </Polygon>
                  <Polygon>
                    <altitudeMode>absolute</altitudeMode>
                    <outerBoundaryIs>
                      <LinearRing>
                        <coordinates>7.477086559435827,46.97461768818806,586.3213946064567 7.4771115068433796,46.97491720487753,586.3213946064567 7.478062605790899,46.974880319566886,586.3213946064567 7.47810665524113,46.974528046030414,586.3213946064567</coordinates>
                      </LinearRing>
                    </outerBoundaryIs>
                  </Polygon>
                  <Polygon>
                    <altitudeMode>absolute</altitudeMode>
                    <outerBoundaryIs>
                      <LinearRing>
                        <coordinates>7.477086559435827,46.97461768818806,556.3413946064567 7.477086559435827,46.97461768818806,586.3213946064567 7.4771115068433796,46.97491720487753,586.3213946064567 7.4771115068433796,46.97491720487753,556.3413946064567</coordinates>
                      </LinearRing>
                    </outerBoundaryIs>
                  </Polygon>
                  <Polygon>
                    <altitudeMode>absolute</altitudeMode>
                    <outerBoundaryIs>
                      <LinearRing>
                        <coordinates>7.4771115068433796,46.97491720487753,556.3413946064567 7.4771115068433796,46.97491720487753,586.3213946064567 7.478062605790899,46.974880319566886,586.3213946064567 7.478062605790899,46.974880319566886,556.3413946064567</coordinates>
                      </LinearRing>
                    </outerBoundaryIs>
                  </Polygon>
                  <Polygon>
                    <altitudeMode>absolute</altitudeMode>
                    <outerBoundaryIs>
                      <LinearRing>
                        <coordinates>7.478062605790899,46.974880319566886,556.3413946064567 7.478062605790899,46.974880319566886,586.3213946064567 7.47810665524113,46.974528046030414,586.3213946064567 7.47810665524113,46.974528046030414,556.3413946064567</coordinates>
                      </LinearRing>
                    </outerBoundaryIs>
                  </Polygon>
                  <Polygon>
                    <altitudeMode>absolute</altitudeMode>
                    <outerBoundaryIs>
                      <LinearRing>
                        <coordinates>7.47810665524113,46.974528046030414,556.3413946064567 7.47810665524113,46.974528046030414,586.3213946064567 7.477086559435827,46.97461768818806,586.3213946064567 7.477086559435827,46.97461768818806,556.3413946064567</coordinates>
                      </LinearRing>
                    </outerBoundaryIs>
                  </Polygon>
                </MultiGeometry>
              </Placemark>
            </Folder>
          </Folder>
          <Folder>
            <name>E58: uss1 astm.f3548.v21.dss.queryOperationalIntentReferences</name>
            <Placemark>
              <name>area_of_interest</name>
              <styleUrl>#QueryArea</styleUrl>
              <description><![CDATA[<ul><li>uss1's Activated e4e4321e-6328-4d9c-8123-a07d4f6be149[2]</li></ul>]]></description>
              <TimeSpan>
                <begin>2026-09-26T18:19:22.980330+00:00</begin>
                <end>2026-09-26T19:04:23.980330+00:00</end>
              </TimeSpan>
              <MultiGeometry>
                <Polygon>
                  <altitudeMode>absolute</altitudeMode>
                  <outerBoundaryIs>
                    <LinearRing>
                      <coordinates>7.477086559435827,46.974528046030414,556.3413835555317 7.477086559435827,46.97491720487753,556.3413835555317 7.47810665524113,46.97491720487753,556.3413835555317 7.47810665524113,46.974528046030414,556.3413835555317</coordinates>
                    </LinearRing>
                  </outerBoundaryIs>
                </Polygon>
                <Polygon>
                  <altitudeMode>absolute</altitudeMode>
                  <outerBoundaryIs>
                    <LinearRing>
                      <coordinates>7.477086559435827,46.974528046030414,586.3213835555317 7.477086559435827,46.97491720487753,586.3213835555317 7.47810665524113,46.97491720487753,586.3213835555317 7.47810665524113,46.974528046030414,586.3213835555317</coordinates>
                    </LinearRing>
                  </outerBoundaryIs>
                </Polygon>
                <Polygon>
                  <altitudeMode>absolute</altitudeMode>
                  <outerBoundaryIs>
                    <LinearRing>
                      <coordinates>7.477086559435827,46.974528046030414,556.3413835555317 7.477086559435827,46.974528046030414,586.3213835555317 7.477086559435827,46.97491720487753,586.3213835555317 7.477086559435827,46.97491720487753,556.3413835555317</coordinates>
                    </LinearRing>
                  </outerBoundaryIs>
                </Polygon>
                <Polygon>
                  <altitudeMode>absolute</altitudeMode>
                  <outerBoundaryIs>
                    <LinearRing>
                      <coordinates>7.477086559435827,46.97491720487753,556.3413835555317 7.477086559435827,46.97491720487753,586.3213835555317 7.47810665524113,46.97491720487753,586.3213835555317 7.47810665524113,46.97491720487753,556.3413835555317</coordinates>
                    </LinearRing>
                  </outerBoundaryIs>
                </Polygon>
                <Polygon>
                  <altitudeMode>absolute</altitudeMode>
                  <outerBoundaryIs>
                    <LinearRing>
                      <coordinates>7.47810665524113,46.97491720487753,556.3413835555317 7.47810665524113,46.97491720487753,586.3213835555317 7.47810665524113,46.974528046030414,586.3213835555317 7.47810665524113,46.974528046030414,556.3413835555317</coordinates>
                    </LinearRing>
                  </outerBoundaryIs>
                </Polygon>
                <Polygon>
                  <altitudeMode>absolute</altitudeMode>
                  <outerBoundaryIs>
                    <LinearRing>
                      <coordinates>7.47810665524113,46.974528046030414,556.3413835555317 7.47810665524113,46.974528046030414,586.3213835555317 7.477086559435827,46.974528046030414,586.3213835555317 7.477086559435827,46.974528046030414,556.3413835555317</coordinates>
                    </LinearRing>
                  </outerBoundaryIs>
                </Polygon>
              </MultiGeometry>
            </Placemark>
          </Folder>
        </Folder>
      </Folder>
      <Folder>
        <name>Attempt to modify planned flight into conflict</name>
        <Folder>
          <name>Plan Flight 1c</name>
          <Folder>
            <name>E61: uss1 astm.f3548.v21.dss.queryOperationalIntentReferences</name>
            <Placemark>
              <name>area_of_interest</name>
              <styleUrl>#QueryArea</styleUrl>
              <description><![CDATA[<ul><li>uss1's Activated e4e4321e-6328-4d9c-8123-a07d4f6be149[2]</li></ul>]]></description>
              <TimeSpan>
                <begin>2026-09-26T18:19:23.068945+00:00</begin>
                <end>2026-09-26T19:04:24.068945+00:00</end>
              </TimeSpan>
              <MultiGeometry>
                <Polygon>
                  <altitudeMode>absolute</altitudeMode>
                  <outerBoundaryIs>
                    <LinearRing>
                      <coordinates>7.477745009017069,46.974528046030414,551.2816605890484 7.477745009017069,46.974891669732024,551.2816605890484 7.47810665524113,46.974891669732024,551.2816605890484 7.47810665524113,46.974528046030414,551.2816605890484</coordinates>
                    </LinearRing>
                  </outerBoundaryIs>
                </Polygon>
                <Polygon>
                  <altitudeMode>absolute</altitudeMode>
                  <outerBoundaryIs>
                    <LinearRing>
                      <coordinates>7.477745009017069,46.974528046030414,591.3216605890484 7.477745009017069,46.974891669732024,591.3216605890484 7.47810665524113,46.974891669732024,591.3216605890484 7.47810665524113,46.974528046030414,591.3216605890484</coordinates>
                    </LinearRing>
                  </outerBoundaryIs>
                </Polygon>
                <Polygon>
                  <altitudeMode>absolute</altitudeMode>
                  <outerBoundaryIs>
                    <LinearRing>
                      <coordinates>7.477745009017069,46.974528046030414,551.2816605890484 7.477745009017069,46.974528046030414,591.3216605890484 7.477745009017069,46.974891669732024,591.3216605890484 7.477745009017069,46.974891669732024,551.2816605890484</coordinates>
                    </LinearRing>
                  </outerBoundaryIs>
                </Polygon>
                <Polygon>
                  <altitudeMode>absolute</altitudeMode>
                  <outerBoundaryIs>
                    <LinearRing>
                      <coordinates>7.477745009017069,46.974891669732024,551.2816605890484 7.477745009017069,46.974891669732024,591.3216605890484 7.47810665524113,46.974891669732024,591.3216605890484 7.47810665524113,46.974891669732024,551.2816605890484</coordinates>
                    </LinearRing>
                  </outerBoundaryIs>
                </Polygon>
                <Polygon>
                  <altitudeMode>absolute</altitudeMode>
                  <outerBoundaryIs>
                    <LinearRing>
                      <coordinates>7.47810665524113,46.974891669732024,551.2816605890484 7.47810665524113,46.974891669732024,591.3216605890484 7.47810665524113,46.974528046030414,591.3216605890484 7.47810665524113,46.974528046030414,551.2816605890484</coordinates>
                    </LinearRing>
                  </outerBoundaryIs>
                </Polygon>
                <Polygon>
                  <altitudeMode>absolute</altitudeMode>
                  <outerBoundaryIs>
                    <LinearRing>
                      <coordinates>7.47810665524113,46.974528046030414,551.2816605890484 7.47810665524113,46.974528046030414,591.3216605890484 7.477745009017069,46.974528046030414,591.3216605890484 7.477745009017069,46.974528046030414,551.2816605890484</coordinates>
                    </LinearRing>
                  </outerBoundaryIs>
                </Polygon>
              </MultiGeometry>
            </Placemark>
          </Folder>
          <Folder>
            <name>E63: uss1 interuss.automated_testing.flight_planning.v1.UpsertFlightPlan</name>
            <Folder>
              <name>Activity Completed, flight Planned</name>
              <Placemark>
                <name>Volume 0</name>
                <styleUrl>#Planned_Nominal</styleUrl>
                <TimeSpan>
                  <begin>2026-09-26T18:19:23.068945+00:00</begin>
                  <end>2026-09-26T19:04:24.068945+00:00</end>
                </TimeSpan>
                <MultiGeometry>
                  <Polygon>
                    <altitudeMode>absolute</altitudeMode>
                    <outerBoundaryIs>
                      <LinearRing>
                        <coordinates>7.477745009017069,46.97459215318556,551.2816716666391 7.477769960100641,46.974891669732024,551.2816716666391 7.478062605790899,46.974880319566886,551.2816716666391 7.47810665524113,46.974528046030414,551.2816716666391</coordinates>
                      </LinearRing>
                    </outerBoundaryIs>
                  </Polygon>
                  <Polygon>
                    <altitudeMode>absolute</altitudeMode>
                    <outerBoundaryIs>
                      <LinearRing>
                        <coordinates>7.477745009017069,46.97459215318556,591.3216716666391 7.477769960100641,46.974891669732024,591.3216716666391 7.478062605790899,46.974880319566886,591.3216716666391 7.47810665524113,46.974528046030414,591.3216716666391</coordinates>
                      </LinearRing>
                    </outerBoundaryIs>
                  </Polygon>
                  <Polygon>
                    <altitudeMode>absolute</altitudeMode>
                    <outerBoundaryIs>
                      <LinearRing>
                        <coordinates>7.477745009017069,46.97459215318556,551.2816716666391 7.477745009017069,46.97459215318556,591.3216716666391 7.477769960100641,46.974891669732024,591.3216716666391 7.477769960100641,46.974891669732024,551.2816716666391</coordinates>
                      </LinearRing>
                    </outerBoundaryIs>
                  </Polygon>
                  <Polygon>
                    <altitudeMode>absolute</altitudeMode>
                    <outerBoundaryIs>
                      <LinearRing>
                        <coordinates>7.477769960100641,46.974891669732024,551.2816716666391 7.477769960100641,46.974891669732024,591.3216716666391 7.478062605790899,46.974880319566886,591.3216716666391 7.478062605790899,46.974880319566886,551.2816716666391</coordinates>
                      </LinearRing>
                    </outerBoundaryIs>
                  </Polygon>
                  <Polygon>
                    <altitudeMode>absolute</altitudeMode>
                    <outerBoundaryIs>
                      <LinearRing>
                        <coordinates>7.478062605790899,46.974880319566886,551.2816716666391 7.478062605790899,46.974880319566886,591.3216716666391 7.47810665524113,46.974528046030414,591.3216716666391 7.47810665524113,46.974528046030414,551.2816716666391</coordinates>
                      </LinearRing>
                    </outerBoundaryIs>
                  </Polygon>
                  <Polygon>
                    <altitudeMode>absolute</altitudeMode>
                    <outerBoundaryIs>
                      <LinearRing>
                        <coordinates>7.47810665524113,46.974528046030414,551.2816716666391 7.47810665524113,46.974528046030414,591.3216716666391 7.477745009017069,46.97459215318556,591.3216716666391 7.477745009017069,46.97459215318556,551.2816716666391</coordinates>
                      </LinearRing>
                    </outerBoundaryIs>
                  </Polygon>
                </MultiGeometry>
              </Placemark>
            </Folder>
          </Folder>
          <Folder>
            <name>E68: uss1 astm.f3548.v21.dss.queryOperationalIntentReferences</name>
            <Placemark>
              <name>area_of_interest</name>
              <styleUrl>#QueryArea</styleUrl>
              <description><![CDATA[<ul><li>uss1's Accepted 79da356e-f7ab-42de-b310-156322aa6916[1]</li><li>uss1's Activated e4e4321e-6328-4d9c-8123-a07d4f6be149[2]</li></ul>]]></description>
              <TimeSpan>
                <begin>2026-09-26T18:19:23.068945+00:00</begin>
                <end>2026-09-26T19:04:24.068945+00:00</end>
              </TimeSpan>
              <MultiGeometry>
                <Polygon>
                  <altitudeMode>absolute</altitudeMode>
                  <outerBoundaryIs>
                    <LinearRing>
                      <coordinates>7.477745009017069,46.974528046030414,551.2816605890484 7.477745009017069,46.974891669732024,551.2816605890484 7.47810665524113,46.974891669732024,551.2816605890484 7.47810665524113,46.974528046030414,551.2816605890484</coordinates>
                    </LinearRing>
                  </outerBoundaryIs>
                </Polygon>
                <Polygon>
                  <altitudeMode>absolute</altitudeMode>
                  <outerBoundaryIs>
                    <LinearRing>
                      <coordinates>7.477745009017069,46.974528046030414,591.3216605890484 7.477745009017069,46.974891669732024,591.3216605890484 7.47810665524113,46.974891669732024,591.3216605890484 7.47810665524113,46.974528046030414,591.3216605890484</coordinates>
                    </LinearRing>
                  </outerBoundaryIs>
                </Polygon>
                <Polygon>
                  <altitudeMode>absolute</altitudeMode>
                  <outerBoundaryIs>
                    <LinearRing>
                      <coordinates>7.477745009017069,46.974528046030414,551.2816605890484 7.477745009017069,46.974528046030414,591.3216605890484 7.477745009017069,46.974891669732024,591.3216605890484 7.477745009017069,46.974891669732024,551.2816605890484</coordinates>
                    </LinearRing>
                  </outerBoundaryIs>
                </Polygon>
                <Polygon>
                  <altitudeMode>absolute</altitudeMode>
                  <outerBoundaryIs>
                    <LinearRing>
                      <coordinates>7.477745009017069,46.974891669732024,551.2816605890484 7.477745009017069,46.974891669732024,591.3216605890484 7.47810665524113,46.974891669732024,591.3216605890484 7.47810665524113,46.974891669732024,551.2816605890484</coordinates>
                    </LinearRing>
                  </outerBoundaryIs>
                </Polygon>
                <Polygon>
                  <altitudeMode>absolute</altitudeMode>
                  <outerBoundaryIs>
                    <LinearRing>
                      <coordinates>7.47810665524113,46.974891669732024,551.2816605890484 7.47810665524113,46.974891669732024,591.3216605890484 7.47810665524113,46.974528046030414,591.3216605890484 7.47810665524113,46.974528046030414,551.2816605890484</coordinates>
                    </LinearRing>
                  </outerBoundaryIs>
                </Polygon>
                <Polygon>
                  <altitudeMode>absolute</altitudeMode>
                  <outerBoundaryIs>
                    <LinearRing>
                      <coordinates>7.47810665524113,46.974528046030414,551.2816605890484 7.47810665524113,46.974528046030414,591.3216605890484 7.477745009017069,46.974528046030414,591.3216605890484 7.477745009017069,46.974528046030414,551.2816605890484</coordinates>
                    </LinearRing>
                  </outerBoundaryIs>
                </Polygon>
              </MultiGeometry>
            </Placemark>
          </Folder>
          <Folder>
            <name>E72: uss1 astm.f3548.v21.uss.getOperationalIntentDetails</name>
            <Folder>
              <name>uss1's P0 Accepted 79da356e-f7ab-42de-b310-156322aa6916[1] @ NfejJgEvygczuiLP2BGIBCHOdALk7PoF71pnYRXqN1Q_</name>
              <Placemark>
                <name>Nominal volume 0</name>
                <styleUrl>#F3548v21Accepted</styleUrl>
                <TimeSpan>
                  <begin>2026-09-26T18:19:24.101585+00:00</begin>
                  <end>2026-09-26T19:04:24.068945+00:00</end>
                </TimeSpan>
                <MultiGeometry>
                  <Polygon>
                    <altitudeMode>absolute</altitudeMode>
                    <outerBoundaryIs>
                      <LinearRing>
                        <coordinates>7.477745009017069,46.97459215318556,551.2816716666391 7.477769960100641,46.974891669732024,551.2816716666391 7.478062605790899,46.974880319566886,551.2816716666391 7.47810665524113,46.974528046030414,551.2816716666391</coordinates>
                      </LinearRing>
                    </outerBoundaryIs>
                  </Polygon>
                  <Polygon>
                    <altitudeMode>absolute</altitudeMode>
                    <outerBoundaryIs>
                      <LinearRing>
                        <coordinates>7.477745009017069,46.97459215318556,591.3216716666391 7.477769960100641,46.974891669732024,591.3216716666391 7.478062605790899,46.974880319566886,591.3216716666391 7.47810665524113,46.974528046030414,591.3216716666391</coordinates>
                      </LinearRing>
                    </outerBoundaryIs>
                  </Polygon>
                  <Polygon>
                    <altitudeMode>absolute</altitudeMode>
                    <outerBoundaryIs>
                      <LinearRing>
                        <coordinates>7.477745009017069,46.97459215318556,551.2816716666391 7.477745009017069,46.97459215318556,591.3216716666391 7.477769960100641,46.974891669732024,591.3216716666391 7.477769960100641,46.974891669732024,551.2816716666391</coordinates>
                      </LinearRing>
                    </outerBoundaryIs>
                  </Polygon>
                  <Polygon>
                    <altitudeMode>absolute</altitudeMode>
                    <outerBoundaryIs>
                      <LinearRing>
                        <coordinates>7.477769960100641,46.974891669732024,551.2816716666391 7.477769960100641,46.974891669732024,591.3216716666391 7.478062605790899,46.974880319566886,591.3216716666391 7.478062605790899,46.974880319566886,551.2816716666391</coordinates>
                      </LinearRing>
                    </outerBoundaryIs>
                  </Polygon>
                  <Polygon>
                    <altitudeMode>absolute</altitudeMode>
                    <outerBoundaryIs>
                      <LinearRing>
                        <coordinates>7.478062605790899,46.974880319566886,551.2816716666391 7.478062605790899,46.974880319566886,591.3216716666391 7.47810665524113,46.974528046030414,591.3216716666391 7.47810665524113,46.974528046030414,551.2816716666391</coordinates>
                      </LinearRing>
                    </outerBoundaryIs>
                  </Polygon>
                  <Polygon>
                    <altitudeMode>absolute</altitudeMode>
                    <outerBoundaryIs>
                      <LinearRing>
                        <coordinates>7.47810665524113,46.974528046030414,551.2816716666391 7.47810665524113,46.974528046030414,591.3216716666391 7.477745009017069,46.97459215318556,591.3216716666391 7.477745009017069,46.97459215318556,551.2816716666391</coordinates>
                      </LinearRing>
                    </outerBoundaryIs>
                  </Polygon>
                </MultiGeometry>
              </Placemark>
            </Folder>
          </Folder>
        </Folder>
        <Folder>
          <name>Attempt to modify planned Flight 1c into conflict</name>
          <Folder>
            <name>E81: uss1 astm.f3548.v21.dss.queryOperationalIntentReferences</name>
            <Placemark>
              <name>area_of_interest</name>
              <styleUrl>#QueryArea</styleUrl>
              <description><![CDATA[<ul><li>uss1's Accepted 79da356e-f7ab-42de-b310-156322aa6916[1]</li><li>uss1's Activated e4e4321e-6328-4d9c-8123-a07d4f6be149[2]</li></ul>]]></description>
              <TimeSpan>
                <begin>2026-09-26T18:19:23.253814+00:00</begin>
                <end>2026-09-26T19:04:24.253814+00:00</end>
              </TimeSpan>
              <MultiGeometry>
                <Polygon>
                  <altitudeMode>absolute</altitudeMode>
                  <outerBoundaryIs>
                    <LinearRing>
                      <coordinates>7.477086559435827,46.974528046030414,551.2813835555318 7.477086559435827,46.97491720487753,551.2813835555318 7.47810665524113,46.97491720487753,551.2813835555318 7.47810665524113,46.974528046030414,551.2813835555318</coordinates>
                    </LinearRing>
                  </outerBoundaryIs>
                </Polygon>
                <Polygon>
                  <altitudeMode>absolute</altitudeMode>
                  <outerBoundaryIs>
                    <LinearRing>
                      <coordinates>7.477086559435827,46.974528046030414,591.3213835555317 7.477086559435827,46.97491720487753,591.3213835555317 7.47810665524113,46.97491720487753,591.3213835555317 7.47810665524113,46.974528046030414,591.3213835555317</coordinates>
                    </LinearRing>
                  </outerBoundaryIs>
                </Polygon>
                <Polygon>
                  <altitudeMode>absolute</altitudeMode>
                  <outerBoundaryIs>
                    <LinearRing>
                      <coordinates>7.477086559435827,46.974528046030414,551.2813835555318 7.477086559435827,46.974528046030414,591.3213835555317 7.477086559435827,46.97491720487753,591.3213835555317 7.477086559435827,46.97491720487753,551.2813835555318</coordinates>
                    </LinearRing>
                  </outerBoundaryIs>
                </Polygon>
                <Polygon>
                  <altitudeMode>absolute</altitudeMode>
                  <outerBoundaryIs>
                    <LinearRing>
                      <coordinates>7.477086559435827,46.97491720487753,551.2813835555318 7.477086559435827,46.97491720487753,591.3213835555317 7.47810665524113,46.97491720487753,591.3213835555317 7.47810665524113,46.97491720487753,551.2813835555318</coordinates>
                    </LinearRing>
                  </outerBoundaryIs>
                </Polygon>
                <Polygon>
                  <altitudeMode>absolute</altitudeMode>
                  <outerBoundaryIs>
                    <LinearRing>
                      <coordinates>7.47810665524113,46.97491720487753,551.2813835555318 7.47810665524113,46.97491720487753,591.3213835555317 7.47810665524113,46.974528046030414,591.3213835555317 7.47810665524113,46.974528046030414,551.2813835555318</coordinates>
                    </LinearRing>
                  </outerBoundaryIs>
                </Polygon>
                <Polygon>
                  <altitudeMode>absolute</altitudeMode>
                  <outerBoundaryIs>
                    <LinearRing>
                      <coordinates>7.47810665524113,46.974528046030414,551.2813835555318 7.47810665524113,46.974528046030414,591.3213835555317 7.477086559435827,46.974528046030414,591.3213835555317 7.477086559435827,46.974528046030414,551.2813835555318</coordinates>
                    </LinearRing>
                  </outerBoundaryIs>
                </Polygon>
              </MultiGeometry>
            </Placemark>
          </Folder>
          <Folder>
            <name>E83: uss1 interuss.automated_testing.flight_planning.v1.UpsertFlightPlan</name>
            <Folder>
              <name>Activity Rejected, flight Planned</name>
              <Placemark>
                <name>Volume 0</name>
                <styleUrl>#Planned_Nominal</styleUrl>
                <TimeSpan>
                  <begin>2026-09-26T18:19:23.253814+00:00</begin>
                  <end>2026-09-26T19:04:24.253814+00:00</end>
                </TimeSpan>
                <MultiGeometry>
                  <Polygon>
                    <altitudeMode>absolute</altitudeMode>
                    <outerBoundaryIs>
                      <LinearRing>
                        <coordinates>7.477086559435827,46.97461768818806,556.3313946064567 7.4771115068433796,46.97491720487753,556.3313946064567 7.478062605790899,46.974880319566886,556.3313946064567 7.47810665524113,46.974528046030414,556.3313946064567</coordinates>
                      </LinearRing>
                    </outerBoundaryIs>
                  </Polygon>
                  <Polygon>
                    <altitudeMode>absolute</altitudeMode>
                    <outerBoundaryIs>
                      <LinearRing>
                        <coordinates>7.477086559435827,46.97461768818806,586.3213946064567 7.4771115068433796,46.97491720487753,586.3213946064567 7.478062605790899,46.974880319566886,586.3213946064567 7.47810665524113,46.974528046030414,586.3213946064567</coordinates>
                      </LinearRing>
                    </outerBoundaryIs>
                  </Polygon>
                  <Polygon>
                    <altitudeMode>absolute</altitudeMode>
                    <outerBoundaryIs>
                      <LinearRing>
                        <coordinates>7.477086559435827,46.97461768818806,556.3313946064567 7.477086559435827,46.97461768818806,586.3213946064567 7.4771115068433796,46.97491720487753,586.3213946064567 7.4771115068433796,46.97491720487753,556.3313946064567</coordinates>
                      </LinearRing>
                    </outerBoundaryIs>
                  </Polygon>
                  <Polygon>
                    <altitudeMode>absolute</altitudeMode>
                    <outerBoundaryIs>
                      <LinearRing>
                        <coordinates>7.4771115068433796,46.97491720487753,556.3313946064567 7.4771115068433796,46.97491720487753,586.3213946064567 7.478062605790899,46.974880319566886,586.3213946064567 7.478062605790899,46.974880319566886,556.3313946064567</coordinates>
                      </LinearRing>
                    </outerBoundaryIs>
                  </Polygon>
                  <Polygon>
                    <altitudeMode>absolute</altitudeMode>
                    <outerBoundaryIs>
                      <LinearRing>
                        <coordinates>7.478062605790899,46.974880319566886,556.3313946064567 7.478062605790899,46.974880319566886,586.3213946064567 7.47810665524113,46.974528046030414,586.3213946064567 7.47810665524113,46.974528046030414,556.3313946064567</coordinates>
                      </LinearRing>
                    </outerBoundaryIs>
                  </Polygon>
                  <Polygon>
                    <altitudeMode>absolute</altitudeMode>
                    <outerBoundaryIs>
                      <LinearRing>
                        <coordinates>7.47810665524113,46.974528046030414,556.3313946064567 7.47810665524113,46.974528046030414,586.3213946064567 7.477086559435827,46.97461768818806,586.3213946064567 7.477086559435827,46.97461768818806,556.3313946064567</coordinates>
                      </LinearRing>
                    </outerBoundaryIs>
                  </Polygon>
                </MultiGeometry>
              </Placemark>
            </Folder>
          </Folder>
          <Folder>
            <name>E86: uss1 astm.f3548.v21.dss.queryOperationalIntentReferences</name>
            <Placemark>
              <name>area_of_interest</name>
              <styleUrl>#QueryArea</styleUrl>
              <description><![CDATA[<ul><li>uss1's Accepted 79da356e-f7ab-42de-b310-156322aa6916[1]</li><li>uss1's Activated e4e4321e-6328-4d9c-8123-a07d4f6be149[2]</li></ul>]]></description>
              <TimeSpan>
                <begin>2026-09-26T18:19:23.253814+00:00</begin>
                <end>2026-09-26T19:04:24.253814+00:00</end>
              </TimeSpan>
              <MultiGeometry>
                <Polygon>
                  <altitudeMode>absolute</altitudeMode>
                  <outerBoundaryIs>
                    <LinearRing>
                      <coordinates>7.477086559435827,46.974528046030414,551.2813835555318 7.477086559435827,46.97491720487753,551.2813835555318 7.47810665524113,46.97491720487753,551.2813835555318 7.47810665524113,46.974528046030414,551.2813835555318</coordinates>
                    </LinearRing>
                  </outerBoundaryIs>
                </Polygon>
                <Polygon>
                  <altitudeMode>absolute</altitudeMode>
                  <outerBoundaryIs>
                    <LinearRing>
                      <coordinates>7.477086559435827,46.974528046030414,591.3213835555317 7.477086559435827,46.97491720487753,591.3213835555317 7.47810665524113,46.97491720487753,591.3213835555317 7.47810665524113,46.974528046030414,591.3213835555317</coordinates>
                    </LinearRing>
                  </outerBoundaryIs>
                </Polygon>
                <Polygon>
                  <altitudeMode>absolute</altitudeMode>
                  <outerBoundaryIs>
                    <LinearRing>
                      <coordinates>7.477086559435827,46.974528046030414,551.2813835555318 7.477086559435827,46.974528046030414,591.3213835555317 7.477086559435827,46.97491720487753,591.3213835555317 7.477086559435827,46.97491720487753,551.2813835555318</coordinates>
                    </LinearRing>
                  </outerBoundaryIs>
                </Polygon>
                <Polygon>
                  <altitudeMode>absolute</altitudeMode>
                  <outerBoundaryIs>
                    <LinearRing>
                      <coordinates>7.477086559435827,46.97491720487753,551.2813835555318 7.477086559435827,46.97491720487753,591.3213835555317 7.47810665524113,46.97491720487753,591.3213835555317 7.47810665524113,46.97491720487753,551.2813835555318</coordinates>
                    </LinearRing>
                  </outerBoundaryIs>
                </Polygon>
                <Polygon>
                  <altitudeMode>absolute</altitudeMode>
                  <outerBoundaryIs>
                    <LinearRing>
                      <coordinates>7.47810665524113,46.97491720487753,551.2813835555318 7.47810665524113,46.97491720487753,591.3213835555317 7.47810665524113,46.974528046030414,591.3213835555317 7.47810665524113,46.974528046030414,551.2813835555318</coordinates>
                    </LinearRing>
                  </outerBoundaryIs>
                </Polygon>
                <Polygon>
                  <altitudeMode>absolute</altitudeMode>
                  <outerBoundaryIs>
                    <LinearRing>
                      <coordinates>7.47810665524113,46.974528046030414,551.2813835555318 7.47810665524113,46.974528046030414,591.3213835555317 7.477086559435827,46.974528046030414,591.3213835555317 7.477086559435827,46.974528046030414,551.2813835555318</coordinates>
                    </LinearRing>
                  </outerBoundaryIs>
                </Polygon>
              </MultiGeometry>
            </Placemark>
          </Folder>
          <Folder>
            <name>E90: uss1 astm.f3548.v21.uss.getOperationalIntentDetails</name>
            <Folder>
              <name>uss1's P0 Accepted 79da356e-f7ab-42de-b310-156322aa6916[1] @ NfejJgEvygczuiLP2BGIBCHOdALk7PoF71pnYRXqN1Q_</name>
              <Placemark>
                <name>Nominal volume 0</name>
                <styleUrl>#F3548v21Accepted</styleUrl>
                <TimeSpan>
                  <begin>2026-09-26T18:19:24.101585+00:00</begin>
                  <end>2026-09-26T19:04:24.068945+00:00</end>
                </TimeSpan>
                <MultiGeometry>
                  <Polygon>
                    <altitudeMode>absolute</altitudeMode>
                    <outerBoundaryIs>
                      <LinearRing>
                        <coordinates>7.477745009017069,46.97459215318556,551.2816716666391 7.477769960100641,46.974891669732024,551.2816716666391 7.478062605790899,46.974880319566886,551.2816716666391 7.47810665524113,46.974528046030414,551.2816716666391</coordinates>
                      </LinearRing>
                    </outerBoundaryIs>
                  </Polygon>
                  <Polygon>
                    <altitudeMode>absolute</altitudeMode>
                    <outerBoundaryIs>
                      <LinearRing>
                        <coordinates>7.477745009017069,46.97459215318556,591.3216716666391 7.477769960100641,46.974891669732024,591.3216716666391 7.478062605790899,46.974880319566886,591.3216716666391 7.47810665524113,46.974528046030414,591.3216716666391</coordinates>
                      </LinearRing>
                    </outerBoundaryIs>
                  </Polygon>
                  <Polygon>
                    <altitudeMode>absolute</altitudeMode>
                    <outerBoundaryIs>
                      <LinearRing>
                        <coordinates>7.477745009017069,46.97459215318556,551.2816716666391 7.477745009017069,46.97459215318556,591.3216716666391 7.477769960100641,46.974891669732024,591.3216716666391 7.477769960100641,46.974891669732024,551.2816716666391</coordinates>
                      </LinearRing>
                    </outerBoundaryIs>
                  </Polygon>
                  <Polygon>
                    <altitudeMode>absolute</altitudeMode>
                    <outerBoundaryIs>
                      <LinearRing>
                        <coordinates>7.477769960100641,46.974891669732024,551.2816716666391 7.477769960100641,46.974891669732024,591.3216716666391 7.478062605790899,46.974880319566886,591.3216716666391 7.478062605790899,46.974880319566886,551.2816716666391</coordinates>
                      </LinearRing>
                    </outerBoundaryIs>
                  </Polygon>
                  <Polygon>
                    <altitudeMode>absolute</altitudeMode>
                    <outerBoundaryIs>
                      <LinearRing>
                        <coordinates>7.478062605790899,46.974880319566886,551.2816716666391 7.478062605790899,46.974880319566886,591.3216716666391 7.47810665524113,46.974528046030414,591.3216716666391 7.47810665524113,46.974528046030414,551.2816716666391</coordinates>
                      </LinearRing>
                    </outerBoundaryIs>
                  </Polygon>
                  <Polygon>
                    <altitudeMode>absolute</altitudeMode>
                    <outerBoundaryIs>
                      <LinearRing>
                        <coordinates>7.47810665524113,46.974528046030414,551.2816716666391 7.47810665524113,46.974528046030414,591.3216716666391 7.477745009017069,46.97459215318556,591.3216716666391 7.477745009017069,46.97459215318556,551.2816716666391</coordinates>
                      </LinearRing>
                    </outerBoundaryIs>
                  </Polygon>
                </MultiGeometry>
              </Placemark>
            </Folder>
          </Folder>
        </Folder>
      </Folder>
      <Folder>
        <name>Attempt to modify activated flight into conflict</name>
        <Folder>
          <name>Activate Flight 1c</name>
          <Folder>
            <name>E99: uss1 astm.f3548.v21.dss.queryOperationalIntentReferences</name>
            <Placemark>
              <name>area_of_interest</name>
              <styleUrl>#QueryArea</styleUrl>
              <description><![CDATA[<ul><li>uss1's Accepted 79da356e-f7ab-42de-b310-156322aa6916[1]</li><li>uss1's Activated e4e4321e-6328-4d9c-8123-a07d4f6be149[2]</li></ul>]]></description>
              <TimeSpan>
                <begin>2026-09-26T18:19:23.387525+00:00</begin>
                <end>2026-09-26T19:04:24.387525+00:00</end>
              </TimeSpan>
              <MultiGeometry>
                <Polygon>
                  <altitudeMode>absolute</altitudeMode>
                  <outerBoundaryIs>
                    <LinearRing>
                      <coordinates>7.477745009017069,46.974528046030414,556.3818922013637 7.477745009017069,46.97529102511888,556.3818922013637 7.47810665524113,46.97529102511888,556.3818922013637 7.47810665524113,46.974528046030414,556.3818922013637</coordinates>
                    </LinearRing>
                  </outerBoundaryIs>
                </Polygon>
                <Polygon>
                  <altitudeMode>absolute</altitudeMode>
                  <outerBoundaryIs>
                    <LinearRing>
                      <coordinates>7.477745009017069,46.974528046030414,591.3218922013638 7.477745009017069,46.97529102511888,591.3218922013638 7.47810665524113,46.97529102511888,591.3218922013638 7.47810665524113,46.974528046030414,591.3218922013638</coordinates>
                    </LinearRing>
                  </outerBoundaryIs>
                </Polygon>
                <Polygon>
                  <altitudeMode>absolute</altitudeMode>
                  <outerBoundaryIs>
                    <LinearRing>
                      <coordinates>7.477745009017069,46.974528046030414,556.3818922013637 7.477745009017069,46.974528046030414,591.3218922013638 7.477745009017069,46.97529102511888,591.3218922013638 7.477745009017069,46.97529102511888,556.3818922013637</coordinates>
                    </LinearRing>
                  </outerBoundaryIs>
                </Polygon>
                <Polygon>
                  <altitudeMode>absolute</altitudeMode>
                  <outerBoundaryIs>
                    <LinearRing>
                      <coordinates>7.477745009017069,46.97529102511888,556.3818922013637 7.477745009017069,46.97529102511888,591.3218922013638 7.47810665524113,46.97529102511888,591.3218922013638 7.47810665524113,46.97529102511888,556.3818922013637</coordinates>
                    </LinearRing>
                  </outerBoundaryIs>
                </Polygon>
                <Polygon>
                  <altitudeMode>absolute</altitudeMode>
                  <outerBoundaryIs>
                    <LinearRing>
                      <coordinates>7.47810665524113,46.97529102511888,556.3818922013637 7.47810665524113,46.97529102511888,591.3218922013638 7.47810665524113,46.974528046030414,591.3218922013638 7.47810665524113,46.974528046030414,556.3818922013637</coordinates>
                    </LinearRing>
                  </outerBoundaryIs>
                </Polygon>
                <Polygon>
                  <altitudeMode>absolute</altitudeMode>
                  <outerBoundaryIs>
                    <LinearRing>
                      <coordinates>7.47810665524113,46.974528046030414,556.3818922013637 7.47810665524113,46.974528046030414,591.3218922013638 7.477745009017069,46.974528046030414,591.3218922013638 7.477745009017069,46.974528046030414,556.3818922013637</coordinates>
                    </LinearRing>
                  </outerBoundaryIs>
                </Polygon>
              </MultiGeometry>
            </Placemark>
          </Folder>
          <Folder>
            <name>E101: uss1 interuss.automated_testing.flight_planning.v1.UpsertFlightPlan</name>
            <Folder>
              <name>Activity Completed, flight OkToFly</name>
              <Placemark>
                <name>Volume 0</name>
                <styleUrl>#InUse_Nominal</styleUrl>
                <TimeSpan>
                  <begin>2026-09-26T18:19:23.387525+00:00</begin>
                  <end>2026-09-26T19:04:24.387525+00:00</end>
                </TimeSpan>
                <MultiGeometry>
                  <Polygon>
                    <altitudeMode>absolute</altitudeMode>
                    <outerBoundaryIs>
                      <LinearRing>
                        <coordinates>7.477745009017069,46.97459215318556,556.3817948731519 7.4778032286468505,46.97529102511888,556.3817948731519 7.478062605790899,46.974880319566886,556.3817948731519 7.47810665524113,46.974528046030414,556.3817948731519</coordinates>
                      </LinearRing>
                    </outerBoundaryIs>
                  </Polygon>
                  <Polygon>
                    <altitudeMode>absolute</altitudeMode>
                    <outerBoundaryIs>
                      <LinearRing>
                        <coordinates>7.477745009017069,46.97459215318556,591.3217948731519 7.4778032286468505,46.97529102511888,591.3217948731519 7.478062605790899,46.974880319566886,591.3217948731519 7.47810665524113,46.974528046030414,591.3217948731519</coordinates>
                      </LinearRing>
                    </outerBoundaryIs>
                  </Polygon>
                  <Polygon>
                    <altitudeMode>absolute</altitudeMode>
                    <outerBoundaryIs>
                      <LinearRing>
                        <coordinates>7.477745009017069,46.97459215318556,556.3817948731519 7.477745009017069,46.97459215318556,591.3217948731519 7.4778032286468505,46.97529102511888,591.3217948731519 7.4778032286468505,46.97529102511888,556.3817948731519</coordinates>
                      </LinearRing>
                    </outerBoundaryIs>
                  </Polygon>
                  <Polygon>
                    <altitudeMode>absolute</altitudeMode>
                    <outerBoundaryIs>
                      <LinearRing>
                        <coordinates>7.4778032286468505,46.97529102511888,556.3817948731519 7.4778032286468505,46.97529102511888,591.3217948731519 7.478062605790899,46.974880319566886,591.3217948731519 7.478062605790899,46.974880319566886,556.3817948731519</coordinates>
                      </LinearRing>
                    </outerBoundaryIs>
                  </Polygon>
                  <Polygon>
                    <altitudeMode>absolute</altitudeMode>
                    <outerBoundaryIs>
                      <LinearRing>
                        <coordinates>7.478062605790899,46.974880319566886,556.3817948731519 7.478062605790899,46.974880319566886,591.3217948731519 7.47810665524113,46.974528046030414,591.3217948731519 7.47810665524113,46.974528046030414,556.3817948731519</coordinates>
                      </LinearRing>
                    </outerBoundaryIs>
                  </Polygon>
                  <Polygon>
                    <altitudeMode>absolute</altitudeMode>
                    <outerBoundaryIs>
                      <LinearRing>
                        <coordinates>7.47810665524113,46.974528046030414,556.3817948731519 7.47810665524113,46.974528046030414,591.3217948731519 7.477745009017069,46.97459215318556,591.3217948731519 7.477745009017069,46.97459215318556,556.3817948731519</coordinates>
                      </LinearRing>
                    </outerBoundaryIs>
                  </Polygon>
                </MultiGeometry>
              </Placemark>
            </Folder>
          </Folder>
          <Folder>
            <name>E105: uss1 astm.f3548.v21.dss.queryOperationalIntentReferences</name>
            <Placemark>
              <name>area_of_interest</name>
              <styleUrl>#QueryArea</styleUrl>
              <description><![CDATA[<ul><li>uss1's Activated 79da356e-f7ab-42de-b310-156322aa6916[2]</li><li>uss1's Activated e4e4321e-6328-4d9c-8123-a07d4f6be149[2]</li></ul>]]></description>
              <TimeSpan>
                <begin>2026-09-26T18:19:23.387525+00:00</begin>
                <end>2026-09-26T19:04:24.387525+00:00</end>
              </TimeSpan>
              <MultiGeometry>
                <Polygon>
                  <altitudeMode>absolute</altitudeMode>
                  <outerBoundaryIs>
                    <LinearRing>
                      <coordinates>7.477745009017069,46.974528046030414,556.3818922013637 7.477745009017069,46.97529102511888,556.3818922013637 7.47810665524113,46.97529102511888,556.3818922013637 7.47810665524113,46.974528046030414,556.3818922013637</coordinates>
                    </LinearRing>
                  </outerBoundaryIs>
                </Polygon>
                <Polygon>
                  <altitudeMode>absolute</altitudeMode>
                  <outerBoundaryIs>
                    <LinearRing>
                      <coordinates>7.477745009017069,46.974528046030414,591.3218922013638 7.477745009017069,46.97529102511888,591.3218922013638 7.47810665524113,46.97529102511888,591.3218922013638 7.47810665524113,46.974528046030414,591.3218922013638</coordinates>
                    </LinearRing>
                  </outerBoundaryIs>
                </Polygon>
                <Polygon>
                  <altitudeMode>absolute</altitudeMode>
                  <outerBoundaryIs>
                    <LinearRing>
                      <coordinates>7.477745009017069,46.974528046030414,556.3818922013637 7.477745009017069,46.974528046030414,591.3218922013638 7.477745009017069,46.97529102511888,591.3218922013638 7.477745009017069,46.97529102511888,556.3818922013637</coordinates>
                    </LinearRing>
                  </outerBoundaryIs>
                </Polygon>
                <Polygon>
                  <altitudeMode>absolute</altitudeMode>
                  <outerBoundaryIs>
                    <LinearRing>
                      <coordinates>7.477745009017069,46.97529102511888,556.3818922013637 7.477745009017069,46.97529102511888,591.3218922013638 7.47810665524113,46.97529102511888,591.3218922013638 7.47810665524113,46.97529102511888,556.3818922013637</coordinates>
                    </LinearRing>
                  </outerBoundaryIs>
                </Polygon>
                <Polygon>
                  <altitudeMode>absolute</altitudeMode>
                  <outerBoundaryIs>
                    <LinearRing>
                      <coordinates>7.47810665524113,46.97529102511888,556.3818922013637 7.47810665524113,46.97529102511888,591.3218922013638 7.47810665524113,46.974528046030414,591.3218922013638 7.47810665524113,46.974528046030414,556.3818922013637</coordinates>
                    </LinearRing>
                  </outerBoundaryIs>
                </Polygon>
                <Polygon>
                  <altitudeMode>absolute</altitudeMode>
                  <outerBoundaryIs>
                    <LinearRing>
                      <coordinates>7.47810665524113,46.974528046030414,556.3818922013637 7.47810665524113,46.974528046030414,591.3218922013638 7.477745009017069,46.974528046030414,591.3218922013638 7.477745009017069,46.974528046030414,556.3818922013637</coordinates>
                    </LinearRing>
                  </outerBoundaryIs>
                </Polygon>
              </MultiGeometry>
            </Placemark>
          </Folder>
          <Folder>
            <name>E110: uss1 astm.f3548.v21.uss.getOperationalIntentDetails</name>
            <Folder>
              <name>uss1's P0 Activated 79da356e-f7ab-42de-b310-156322aa6916[2] @ avQOsrMm5W3.-vuhCGwmnMc0J9v36XFob0DmEkILG7g_</name>
              <Placemark>
                <name>Nominal volume 0</name>
                <styleUrl>#F3548v21Activated</styleUrl>
                <TimeSpan>
                  <begin>2026-09-26T18:19:24.422718+00:00</begin>
                  <end>2026-09-26T19:04:24.387525+00:00</end>
                </TimeSpan>
                <MultiGeometry>
                  <Polygon>
                    <altitudeMode>absolute</altitudeMode>
                    <outerBoundaryIs>
                      <LinearRing>
                        <coordinates>7.477745009017069,46.97459215318556,556.3817948731519 7.4778032286468505,46.97529102511888,556.3817948731519 7.478062605790899,46.974880319566886,556.3817948731519 7.47810665524113,46.974528046030414,556.3817948731519</coordinates>
                      </LinearRing>
                    </outerBoundaryIs>
                  </Polygon>
                  <Polygon>
                    <altitudeMode>absolute</altitudeMode>
                    <outerBoundaryIs>
                      <LinearRing>
                        <coordinates>7.477745009017069,46.97459215318556,591.3217948731519 7.4778032286468505,46.97529102511888,591.3217948731519 7.478062605790899,46.974880319566886,591.3217948731519 7.47810665524113,46.974528046030414,591.3217948731519</coordinates>
                      </LinearRing>
                    </outerBoundaryIs>
                  </Polygon>
                  <Polygon>
                    <altitudeMode>absolute</altitudeMode>
                    <outerBoundaryIs>
                      <LinearRing>
                        <coordinates>7.477745009017069,46.97459215318556,556.3817948731519 7.477745009017069,46.97459215318556,591.3217948731519 7.4778032286468505,46.97529102511888,591.3217948731519 7.4778032286468505,46.97529102511888,556.3817948731519</coordinates>
                      </LinearRing>
                    </outerBoundaryIs>
                  </Polygon>
                  <Polygon>
                    <altitudeMode>absolute</altitudeMode>
                    <outerBoundaryIs>
                      <LinearRing>
                        <coordinates>7.4778032286468505,46.97529102511888,556.3817948731519 7.4778032286468505,46.97529102511888,591.3217948731519 7.478062605790899,46.974880319566886,591.3217948731519 7.478062605790899,46.974880319566886,556.3817948731519</coordinates>
                      </LinearRing>
                    </outerBoundaryIs>
                  </Polygon>
                  <Polygon>
                    <altitudeMode>absolute</altitudeMode>
                    <outerBoundaryIs>
                      <LinearRing>
                        <coordinates>7.478062605790899,46.974880319566886,556.3817948731519 7.478062605790899,46.974880319566886,591.3217948731519 7.47810665524113,46.974528046030414,591.3217948731519 7.47810665524113,46.974528046030414,556.3817948731519</coordinates>
                      </LinearRing>
                    </outerBoundaryIs>
                  </Polygon>
                  <Polygon>
                    <altitudeMode>absolute</altitudeMode>
                    <outerBoundaryIs>
                      <LinearRing>
                        <coordinates>7.47810665524113,46.974528046030414,556.3817948731519 7.47810665524113,46.974528046030414,591.3217948731519 7.477745009017069,46.97459215318556,591.3217948731519 7.477745009017069,46.97459215318556,556.3817948731519</coordinates>
                      </LinearRing>
                    </outerBoundaryIs>
                  </Polygon>
                </MultiGeometry>
              </Placemark>
            </Folder>
          </Folder>
        </Folder>
        <Folder>
          <name>Attempt to modify activated Flight 1c into conflict</name>
          <Folder>
            <name>E119: uss1 astm.f3548.v21.dss.queryOperationalIntentReferences</name>
            <Placemark>
              <name>area_of_interest</name>
              <styleUrl>#QueryArea</styleUrl>
              <description><![CDATA[<ul><li>uss1's Activated 79da356e-f7ab-42de-b310-156322aa6916[2]</li><li>uss1's Activated e4e4321e-6328-4d9c-8123-a07d4f6be149[2]</li></ul>]]></description>
              <TimeSpan>
                <begin>2026-09-26T18:19:23.692383+00:00</begin>
                <end>2026-09-26T19:04:24.692383+00:00</end>
              </TimeSpan>
              <MultiGeometry>
                <Polygon>
                  <altitudeMode>absolute</altitudeMode>
                  <outerBoundaryIs>
                    <LinearRing>
                      <coordinates>7.477086559435827,46.974528046030414,556.3416000599248 7.477086559435827,46.97529102511888,556.3416000599248 7.47810665524113,46.97529102511888,556.3416000599248 7.47810665524113,46.974528046030414,556.3416000599248</coordinates>
                    </LinearRing>
                  </outerBoundaryIs>
                </Polygon>
                <Polygon>
                  <altitudeMode>absolute</altitudeMode>
                  <outerBoundaryIs>
                    <LinearRing>
                      <coordinates>7.477086559435827,46.974528046030414,591.3216000599248 7.477086559435827,46.97529102511888,591.3216000599248 7.47810665524113,46.97529102511888,591.3216000599248 7.47810665524113,46.974528046030414,591.3216000599248</coordinates>
                    </LinearRing>
                  </outerBoundaryIs>
                </Polygon>
                <Polygon>
                  <altitudeMode>absolute</altitudeMode>
                  <outerBoundaryIs>
                    <LinearRing>
                      <coordinates>7.477086559435827,46.974528046030414,556.3416000599248 7.477086559435827,46.974528046030414,591.3216000599248 7.477086559435827,46.97529102511888,591.3216000599248 7.477086559435827,46.97529102511888,556.3416000599248</coordinates>
                    </LinearRing>
                  </outerBoundaryIs>
                </Polygon>
                <Polygon>
                  <altitudeMode>absolute</altitudeMode>
                  <outerBoundaryIs>
                    <LinearRing>
                      <coordinates>7.477086559435827,46.97529102511888,556.3416000599248 7.477086559435827,46.97529102511888,591.3216000599248 7.47810665524113,46.97529102511888,591.3216000599248 7.47810665524113,46.97529102511888,556.3416000599248</coordinates>
                    </LinearRing>
                  </outerBoundaryIs>
                </Polygon>
                <Polygon>
                  <altitudeMode>absolute</altitudeMode>
                  <outerBoundaryIs>
                    <LinearRing>
                      <coordinates>7.47810665524113,46.97529102511888,556.3416000599248 7.47810665524113,46.97529102511888,591.3216000599248 7.47810665524113,46.974528046030414,591.3216000599248 7.47810665524113,46.974528046030414,556.3416000599248</coordinates>
                    </LinearRing>
                  </outerBoundaryIs>
                </Polygon>
                <Polygon>
                  <altitudeMode>absolute</altitudeMode>
                  <outerBoundaryIs>
                    <LinearRing>
                      <coordinates>7.47810665524113,46.974528046030414,556.3416000599248 7.47810665524113,46.974528046030414,591.3216000599248 7.477086559435827,46.974528046030414,591.3216000599248 7.477086559435827,46.974528046030414,556.3416000599248</coordinates>
                    </LinearRing>
                  </outerBoundaryIs>
                </Polygon>
              </MultiGeometry>
            </Placemark>
          </Folder>
          <Folder>
            <name>E121: uss1 interuss.automated_testing.flight_planning.v1.UpsertFlightPlan</name>
            <Folder>
              <name>Activity Rejected, flight OkToFly</name>
              <Placemark>
                <name>Volume 0</name>
                <styleUrl>#InUse_Nominal</styleUrl>
                <TimeSpan>
                  <begin>2026-09-26T18:19:23.692383+00:00</begin>
                  <end>2026-09-26T19:04:24.692383+00:00</end>
                </TimeSpan>
                <MultiGeometry>
                  <Polygon>
                    <altitudeMode>absolute</altitudeMode>
                    <outerBoundaryIs>
                      <LinearRing>
                        <coordinates>7.477086559435827,46.97461768818806,556.3413946064567 7.4771115068433796,46.97491720487753,556.3413946064567 7.478062605790899,46.974880319566886,556.3413946064567 7.47810665524113,46.974528046030414,556.3413946064567</coordinates>
                      </LinearRing>
                    </outerBoundaryIs>
                  </Polygon>
                  <Polygon>
                    <altitudeMode>absolute</altitudeMode>
                    <outerBoundaryIs>
                      <LinearRing>
                        <coordinates>7.477086559435827,46.97461768818806,586.3213946064567 7.4771115068433796,46.97491720487753,586.3213946064567 7.478062605790899,46.974880319566886,586.3213946064567 7.47810665524113,46.974528046030414,586.3213946064567</coordinates>
                      </LinearRing>
                    </outerBoundaryIs>
                  </Polygon>
                  <Polygon>
                    <altitudeMode>absolute</altitudeMode>
                    <outerBoundaryIs>
                      <LinearRing>
                        <coordinates>7.477086559435827,46.97461768818806,556.3413946064567 7.477086559435827,46.97461768818806,586.3213946064567 7.4771115068433796,46.97491720487753,586.3213946064567 7.4771115068433796,46.97491720487753,556.3413946064567</coordinates>
                      </LinearRing>
                    </outerBoundaryIs>
                  </Polygon>
                  <Polygon>
                    <altitudeMode>absolute</altitudeMode>
                    <outerBoundaryIs>
                      <LinearRing>
                        <coordinates>7.4771115068433796,46.97491720487753,556.3413946064567 7.4771115068433796,46.97491720487753,586.3213946064567 7.478062605790899,46.974880319566886,586.3213946064567 7.478062605790899,46.974880319566886,556.3413946064567</coordinates>
                      </LinearRing>
                    </outerBoundaryIs>
                  </Polygon>
                  <Polygon>
                    <altitudeMode>absolute</altitudeMode>
                    <outerBoundaryIs>
                      <LinearRing>
                        <coordinates>7.478062605790899,46.974880319566886,556.3413946064567 7.478062605790899,46.974880319566886,586.3213946064567 7.47810665524113,46.974528046030414,586.3213946064567 7.47810665524113,46.974528046030414,556.3413946064567</coordinates>
                      </LinearRing>
                    </outerBoundaryIs>
                  </Polygon>
                  <Polygon>
                    <altitudeMode>absolute</altitudeMode>
                    <outerBoundaryIs>
                      <LinearRing>
                        <coordinates>7.47810665524113,46.974528046030414,556.3413946064567 7.47810665524113,46.974528046030414,586.3213946064567 7.477086559435827,46.97461768818806,586.3213946064567 7.477086559435827,46.97461768818806,556.3413946064567</coordinates>
                      </LinearRing>
                    </outerBoundaryIs>
                  </Polygon>
                </MultiGeometry>
              </Placemark>
            </Folder>
          </Folder>
          <Folder>
            <name>E124: uss1 astm.f3548.v21.dss.queryOperationalIntentReferences</name>
            <Placemark>
              <name>area_of_interest</name>
              <styleUrl>#QueryArea</styleUrl>
              <description><![CDATA[<ul><li>uss1's Activated 79da356e-f7ab-42de-b310-156322aa6916[2]</li><li>uss1's Activated e4e4321e-6328-4d9c-8123-a07d4f6be149[2]</li></ul>]]></description>
              <TimeSpan>
                <begin>2026-09-26T18:19:23.692383+00:00</begin>
                <end>2026-09-26T19:04:24.692383+00:00</end>
              </TimeSpan>
              <MultiGeometry>
                <Polygon>
                  <altitudeMode>absolute</altitudeMode>
                  <outerBoundaryIs>
                    <LinearRing>
                      <coordinates>7.477086559435827,46.974528046030414,556.3416000599248 7.477086559435827,46.97529102511888,556.3416000599248 7.47810665524113,46.97529102511888,556.3416000599248 7.47810665524113,46.974528046030414,556.3416000599248</coordinates>
                    </LinearRing>
                  </outerBoundaryIs>
                </Polygon>
                <Polygon>
                  <altitudeMode>absolute</altitudeMode>
                  <outerBoundaryIs>
                    <LinearRing>
                      <coordinates>7.477086559435827,46.974528046030414,591.3216000599248 7.477086559435827,46.97529102511888,591.3216000599248 7.47810665524113,46.97529102511888,591.3216000599248 7.47810665524113,46.974528046030414,591.3216000599248</coordinates>
                    </LinearRing>
                  </outerBoundaryIs>
                </Polygon>
                <Polygon>
                  <altitudeMode>absolute</altitudeMode>
                  <outerBoundaryIs>
                    <LinearRing>
                      <coordinates>7.477086559435827,46.974528046030414,556.3416000599248 7.477086559435827,46.974528046030414,591.3216000599248 7.477086559435827,46.97529102511888,591.3216000599248 7.477086559435827,46.97529102511888,556.3416000599248</coordinates>
                    </LinearRing>
                  </outerBoundaryIs>
                </Polygon>
                <Polygon>
                  <altitudeMode>absolute</altitudeMode>
                  <outerBoundaryIs>
                    <LinearRing>
                      <coordinates>7.477086559435827,46.97529102511888,556.3416000599248 7.477086559435827,46.97529102511888,591.3216000599248 7.47810665524113,46.97529102511888,591.3216000599248 7.47810665524113,46.97529102511888,556.3416000599248</coordinates>
                    </LinearRing>
                  </outerBoundaryIs>
                </Polygon>
                <Polygon>
                  <altitudeMode>absolute</altitudeMode>
                  <outerBoundaryIs>
                    <LinearRing>
                      <coordinates>7.47810665524113,46.97529102511888,556.3416000599248 7.47810665524113,46.97529102511888,591.3216000599248 7.47810665524113,46.974528046030414,591.3216000599248 7.47810665524113,46.974528046030414,556.3416000599248</coordinates>
                    </LinearRing>
                  </outerBoundaryIs>
                </Polygon>
                <Polygon>
                  <altitudeMode>absolute</altitudeMode>
                  <outerBoundaryIs>
                    <LinearRing>
                      <coordinates>7.47810665524113,46.974528046030414,556.3416000599248 7.47810665524113,46.974528046030414,591.3216000599248 7.477086559435827,46.974528046030414,591.3216000599248 7.477086559435827,46.974528046030414,556.3416000599248</coordinates>
                    </LinearRing>
                  </outerBoundaryIs>
                </Polygon>
              </MultiGeometry>
            </Placemark>
          </Folder>
        </Folder>
        <Folder>
          <name>Delete Flight 2</name>
        </Folder>
      </Folder>
      <Folder>
        <name>Modify activated flight with pre-existing conflict</name>
        <Folder>
          <name>Activate Flight 1</name>
          <Folder>
            <name>E129: uss1 astm.f3548.v21.dss.queryOperationalIntentReferences</name>
            <Placemark>
              <name>area_of_interest</name>
              <styleUrl>#QueryArea</styleUrl>
              <description><![CDATA[<ul><li>uss1's Activated 79da356e-f7ab-42de-b310-156322aa6916[2]</li></ul>]]></description>
              <TimeSpan>
                <begin>2026-09-26T18:19:23.835773+00:00</begin>
                <end>2026-09-26T19:04:24.835773+00:00</end>
              </TimeSpan>
              <MultiGeometry>
                <Polygon>
                  <altitudeMode>absolute</altitudeMode>
                  <outerBoundaryIs>
                    <LinearRing>
                      <coordinates>7.477086559435827,46.974528046030414,556.3413835555317 7.477086559435827,46.97491720487753,556.3413835555317 7.47810665524113,46.97491720487753,556.3413835555317 7.47810665524113,46.974528046030414,556.3413835555317</coordinates>
                    </LinearRing>
                  </outerBoundaryIs>
                </Polygon>
                <Polygon>
                  <altitudeMode>absolute</altitudeMode>
                  <outerBoundaryIs>
                    <LinearRing>
                      <coordinates>7.477086559435827,46.974528046030414,586.3213835555317 7.477086559435827,46.97491720487753,586.3213835555317 7.47810665524113,46.97491720487753,586.3213835555317 7.47810665524113,46.974528046030414,586.3213835555317</coordinates>
                    </LinearRing>
                  </outerBoundaryIs>
                </Polygon>
                <Polygon>
                  <altitudeMode>absolute</altitudeMode>
                  <outerBoundaryIs>
                    <LinearRing>
                      <coordinates>7.477086559435827,46.974528046030414,556.3413835555317 7.477086559435827,46.974528046030414,586.3213835555317 7.477086559435827,46.97491720487753,586.3213835555317 7.477086559435827,46.97491720487753,556.3413835555317</coordinates>
                    </LinearRing>
                  </outerBoundaryIs>
                </Polygon>
                <Polygon>
                  <altitudeMode>absolute</altitudeMode>
                  <outerBoundaryIs>
                    <LinearRing>
                      <coordinates>7.477086559435827,46.97491720487753,556.3413835555317 7.477086559435827,46.97491720487753,586.3213835555317 7.47810665524113,46.97491720487753,586.3213835555317 7.47810665524113,46.97491720487753,556.3413835555317</coordinates>
                    </LinearRing>
                  </outerBoundaryIs>
                </Polygon>
                <Polygon>
                  <altitudeMode>absolute</altitudeMode>
                  <outerBoundaryIs>
                    <LinearRing>
                      <coordinates>7.47810665524113,46.97491720487753,556.3413835555317 7.47810665524113,46.97491720487753,586.3213835555317 7.47810665524113,46.974528046030414,586.3213835555317 7.47810665524113,46.974528046030414,556.3413835555317</coordinates>
                    </LinearRing>
                  </outerBoundaryIs>
                </Polygon>
                <Polygon>
                  <altitudeMode>absolute</altitudeMode>
                  <outerBoundaryIs>
                    <LinearRing>
                      <coordinates>7.47810665524113,46.974528046030414,556.3413835555317 7.47810665524113,46.974528046030414,586.3213835555317 7.477086559435827,46.974528046030414,586.3213835555317 7.477086559435827,46.974528046030414,556.3413835555317</coordinates>
                    </LinearRing>
                  </outerBoundaryIs>
                </Polygon>
              </MultiGeometry>
            </Placemark>
          </Folder>
          <Folder>
            <name>E131: uss1 interuss.automated_testing.flight_planning.v1.UpsertFlightPlan</name>
            <Folder>
              <name>Activity Completed, flight OkToFly</name>
              <Placemark>
                <name>Volume 0</name>
                <styleUrl>#InUse_Nominal</styleUrl>
                <TimeSpan>
                  <begin>2026-09-26T18:19:23.835773+00:00</begin>
                  <end>2026-09-26T19:04:24.835773+00:00</end>
                </TimeSpan>
                <MultiGeometry>
                  <Polygon>
                    <altitudeMode>absolute</altitudeMode>
                    <outerBoundaryIs>
                      <LinearRing>
                        <coordinates>7.477086559435827,46.97461768818806,556.3413946064567 7.4771115068433796,46.97491720487753,556.3413946064567 7.478062605790899,46.974880319566886,556.3413946064567 7.47810665524113,46.974528046030414,556.3413946064567</coordinates>
                      </LinearRing>
                    </outerBoundaryIs>
                  </Polygon>
                  <Polygon>
                    <altitudeMode>absolute</altitudeMode>
                    <outerBoundaryIs>
                      <LinearRing>
                        <coordinates>7.477086559435827,46.97461768818806,586.3213946064567 7.4771115068433796,46.97491720487753,586.3213946064567 7.478062605790899,46.974880319566886,586.3213946064567 7.47810665524113,46.974528046030414,586.3213946064567</coordinates>
                      </LinearRing>
                    </outerBoundaryIs>
                  </Polygon>
                  <Polygon>
                    <altitudeMode>absolute</altitudeMode>
                    <outerBoundaryIs>
                      <LinearRing>
                        <coordinates>7.477086559435827,46.97461768818806,556.3413946064567 7.477086559435827,46.97461768818806,586.3213946064567 7.4771115068433796,46.97491720487753,586.3213946064567 7.4771115068433796,46.97491720487753,556.3413946064567</coordinates>
                      </LinearRing>
                    </outerBoundaryIs>
                  </Polygon>
                  <Polygon>
                    <altitudeMode>absolute</altitudeMode>
                    <outerBoundaryIs>
                      <LinearRing>
                        <coordinates>7.4771115068433796,46.97491720487753,556.3413946064567 7.4771115068433796,46.97491720487753,586.3213946064567 7.478062605790899,46.974880319566886,586.3213946064567 7.478062605790899,46.974880319566886,556.3413946064567</coordinates>
                      </LinearRing>
                    </outerBoundaryIs>
                  </Polygon>
                  <Polygon>
                    <altitudeMode>absolute</altitudeMode>
                    <outerBoundaryIs>
                      <LinearRing>
                        <coordinates>7.478062605790899,46.974880319566886,556.3413946064567 7.478062605790899,46.974880319566886,586.3213946064567 7.47810665524113,46.974528046030414,586.3213946064567 7.47810665524113,46.974528046030414,556.3413946064567</coordinates>
                      </LinearRing>
                    </outerBoundaryIs>
                  </Polygon>
                  <Polygon>
                    <altitudeMode>absolute</altitudeMode>
                    <outerBoundaryIs>
                      <LinearRing>
                        <coordinates>7.47810665524113,46.974528046030414,556.3413946064567 7.47810665524113,46.974528046030414,586.3213946064567 7.477086559435827,46.97461768818806,586.3213946064567 7.477086559435827,46.97461768818806,556.3413946064567</coordinates>
                      </LinearRing>
                    </outerBoundaryIs>
                  </Polygon>
                </MultiGeometry>
              </Placemark>
            </Folder>
          </Folder>
          <Folder>
            <name>E135: uss1 astm.f3548.v21.dss.queryOperationalIntentReferences</name>
            <Placemark>
              <name>area_of_interest</name>
              <styleUrl>#QueryArea</styleUrl>
              <description><![CDATA[<ul><li>uss1's Activated 79da356e-f7ab-42de-b310-156322aa6916[3]</li></ul>]]></description>
              <TimeSpan>
                <begin>2026-09-26T18:19:23.835773+00:00</begin>
                <end>2026-09-26T19:04:24.835773+00:00</end>
              </TimeSpan>
              <MultiGeometry>
                <Polygon>
                  <altitudeMode>absolute</altitudeMode>
                  <outerBoundaryIs>
                    <LinearRing>
                      <coordinates>7.477086559435827,46.974528046030414,556.3413835555317 7.477086559435827,46.97491720487753,556.3413835555317 7.47810665524113,46.97491720487753,556.3413835555317 7.47810665524113,46.974528046030414,556.3413835555317</coordinates>
                    </LinearRing>
                  </outerBoundaryIs>
                </Polygon>
                <Polygon>
                  <altitudeMode>absolute</altitudeMode>
                  <outerBoundaryIs>
                    <LinearRing>
                      <coordinates>7.477086559435827,46.974528046030414,586.3213835555317 7.477086559435827,46.97491720487753,586.3213835555317 7.47810665524113,46.97491720487753,586.3213835555317 7.47810665524113,46.974528046030414,586.3213835555317</coordinates>
                    </LinearRing>
                  </outerBoundaryIs>
                </Polygon>
                <Polygon>
                  <altitudeMode>absolute</altitudeMode>
                  <outerBoundaryIs>
                    <LinearRing>
                      <coordinates>7.477086559435827,46.974528046030414,556.3413835555317 7.477086559435827,46.974528046030414,586.3213835555317 7.477086559435827,46.97491720487753,586.3213835555317 7.477086559435827,46.97491720487753,556.3413835555317</coordinates>
                    </LinearRing>
                  </outerBoundaryIs>
                </Polygon>
                <Polygon>
                  <altitudeMode>absolute</altitudeMode>
                  <outerBoundaryIs>
                    <LinearRing>
                      <coordinates>7.477086559435827,46.97491720487753,556.3413835555317 7.477086559435827,46.97491720487753,586.3213835555317 7.47810665524113,46.97491720487753,586.3213835555317 7.47810665524113,46.97491720487753,556.3413835555317</coordinates>
                    </LinearRing>
                  </outerBoundaryIs>
                </Polygon>
                <Polygon>
                  <altitudeMode>absolute</altitudeMode>
                  <outerBoundaryIs>
                    <LinearRing>
                      <coordinates>7.47810665524113,46.97491720487753,556.3413835555317 7.47810665524113,46.97491720487753,586.3213835555317 7.47810665524113,46.974528046030414,586.3213835555317 7.47810665524113,46.974528046030414,556.3413835555317</coordinates>
                    </LinearRing>
                  </outerBoundaryIs>
                </Polygon>
                <Polygon>
                  <altitudeMode>absolute</altitudeMode>
                  <outerBoundaryIs>
                    <LinearRing>
                      <coordinates>7.47810665524113,46.974528046030414,556.3413835555317 7.47810665524113,46.974528046030414,586.3213835555317 7.477086559435827,46.974528046030414,586.3213835555317 7.477086559435827,46.974528046030414,556.3413835555317</coordinates>
                    </LinearRing>
                  </outerBoundaryIs>
                </Polygon>
              </MultiGeometry>
            </Placemark>
          </Folder>
          <Folder>
            <name>E140: uss1 astm.f3548.v21.uss.getOperationalIntentDetails</name>
            <Folder>
              <name>uss1's P0 Activated 79da356e-f7ab-42de-b310-156322aa6916[3] @ 2Q48K5zQN-yqx9iO9MwLLLHfaMraV98PDUUwMu-0knw_</name>
              <Placemark>
                <name>Nominal volume 0</name>
                <styleUrl>#F3548v21Activated</styleUrl>
                <TimeSpan>
                  <begin>2026-09-26T18:19:24.867374+00:00</begin>
                  <end>2026-09-26T19:04:24.835773+00:00</end>
                </TimeSpan>
                <MultiGeometry>
                  <Polygon>
                    <altitudeMode>absolute</altitudeMode>
                    <outerBoundaryIs>
                      <LinearRing>
                        <coordinates>7.477086559435827,46.97461768818806,556.3413946064567 7.4771115068433796,46.97491720487753,556.3413946064567 7.478062605790899,46.974880319566886,556.3413946064567 7.47810665524113,46.974528046030414,556.3413946064567</coordinates>
                      </LinearRing>
                    </outerBoundaryIs>
                  </Polygon>
                  <Polygon>
                    <altitudeMode>absolute</altitudeMode>
                    <outerBoundaryIs>
                      <LinearRing>
                        <coordinates>7.477086559435827,46.97461768818806,586.3213946064567 7.4771115068433796,46.97491720487753,586.3213946064567 7.478062605790899,46.974880319566886,586.3213946064567 7.47810665524113,46.974528046030414,586.3213946064567</coordinates>
                      </LinearRing>
                    </outerBoundaryIs>
                  </Polygon>
                  <Polygon>
                    <altitudeMode>absolute</altitudeMode>
                    <outerBoundaryIs>
                      <LinearRing>
                        <coordinates>7.477086559435827,46.97461768818806,556.3413946064567 7.477086559435827,46.97461768818806,586.3213946064567 7.4771115068433796,46.97491720487753,586.3213946064567 7.4771115068433796,46.97491720487753,556.3413946064567</coordinates>
                      </LinearRing>
                    </outerBoundaryIs>
                  </Polygon>
                  <Polygon>
                    <altitudeMode>absolute</altitudeMode>
                    <outerBoundaryIs>
                      <LinearRing>
                        <coordinates>7.4771115068433796,46.97491720487753,556.3413946064567 7.4771115068433796,46.97491720487753,586.3213946064567 7.478062605790899,46.974880319566886,586.3213946064567 7.478062605790899,46.974880319566886,556.3413946064567</coordinates>
                      </LinearRing>
                    </outerBoundaryIs>
                  </Polygon>
                  <Polygon>
                    <altitudeMode>absolute</altitudeMode>
                    <outerBoundaryIs>
                      <LinearRing>
                        <coordinates>7.478062605790899,46.974880319566886,556.3413946064567 7.478062605790899,46.974880319566886,586.3213946064567 7.47810665524113,46.974528046030414,586.3213946064567 7.47810665524113,46.974528046030414,556.3413946064567</coordinates>
                      </LinearRing>
                    </outerBoundaryIs>
                  </Polygon>
                  <Polygon>
                    <altitudeMode>absolute</altitudeMode>
                    <outerBoundaryIs>
                      <LinearRing>
                        <coordinates>7.47810665524113,46.974528046030414,556.3413946064567 7.47810665524113,46.974528046030414,586.3213946064567 7.477086559435827,46.97461768818806,586.3213946064567 7.477086559435827,46.97461768818806,556.3413946064567</coordinates>
                      </LinearRing>
                    </outerBoundaryIs>
                  </Polygon>
                </MultiGeometry>
              </Placemark>
            </Folder>
          </Folder>
        </Folder>
        <Folder>
          <name>Plan Flight 2m</name>
          <Folder>
            <name>E149: uss1 astm.f3548.v21.dss.queryOperationalIntentReferences</name>
            <Placemark>
              <name>area_of_interest</name>
              <styleUrl>#QueryArea</styleUrl>
              <description><![CDATA[(no operational intent references found)]]></description>
              <TimeSpan>
                <begin>2026-09-26T18:19:24.028650+00:00</begin>
                <end>2026-09-26T19:04:25.028650+00:00</end>
              </TimeSpan>
              <MultiGeometry>
                <Polygon>
                  <altitudeMode>absolute</altitudeMode>
                  <outerBoundaryIs>
                    <LinearRing>
                      <coordinates>7.477046661060006,46.97493591416124,601.4517453140104 7.477046661060006,46.97530804909576,601.4517453140104 7.477920441638552,46.97530804909576,601.4517453140104 7.477920441638552,46.97493591416124,601.4517453140104</coordinates>
                    </LinearRing>
                  </outerBoundaryIs>
                </Polygon>
                <Polygon>
                  <altitudeMode>absolute</altitudeMode>
                  <outerBoundaryIs>
                    <LinearRing>
                      <coordinates>7.477046661060006,46.97493591416124,606.3217453140104 7.477046661060006,46.97530804909576,606.3217453140104 7.477920441638552,46.97530804909576,606.3217453140104 7.477920441638552,46.97493591416124,606.3217453140104</coordinates>
                    </LinearRing>
                  </outerBoundaryIs>
                </Polygon>
                <Polygon>
                  <altitudeMode>absolute</altitudeMode>
                  <outerBoundaryIs>
                    <LinearRing>
                      <coordinates>7.477046661060006,46.97493591416124,601.4517453140104 7.477046661060006,46.97493591416124,606.3217453140104 7.477046661060006,46.97530804909576,606.3217453140104 7.477046661060006,46.97530804909576,601.4517453140104</coordinates>
                    </LinearRing>
                  </outerBoundaryIs>
                </Polygon>
                <Polygon>
                  <altitudeMode>absolute</altitudeMode>
                  <outerBoundaryIs>
                    <LinearRing>
                      <coordinates>7.477046661060006,46.97530804909576,601.4517453140104 7.477046661060006,46.97530804909576,606.3217453140104 7.477920441638552,46.97530804909576,606.3217453140104 7.477920441638552,46.97530804909576,601.4517453140104</coordinates>
                    </LinearRing>
                  </outerBoundaryIs>
                </Polygon>
                <Polygon>
                  <altitudeMode>absolute</altitudeMode>
                  <outerBoundaryIs>
                    <LinearRing>
                      <coordinates>7.477920441638552,46.97530804909576,601.4517453140104 7.477920441638552,46.97530804909576,606.3217453140104 7.477920441638552,46.97493591416124,606.3217453140104 7.477920441638552,46.97493591416124,601.4517453140104</coordinates>
                    </LinearRing>
                  </outerBoundaryIs>
                </Polygon>
                <Polygon>
                  <altitudeMode>absolute</altitudeMode>
                  <outerBoundaryIs>
                    <LinearRing>
                      <coordinates>7.477920441638552,46.97493591416124,601.4517453140104 7.477920441638552,46.97493591416124,606.3217453140104 7.477046661060006,46.97493591416124,606.3217453140104 7.477046661060006,46.97493591416124,601.4517453140104</coordinates>
                    </LinearRing>
                  </outerBoundaryIs>
                </Polygon>
              </MultiGeometry>
            </Placemark>
          </Folder>
          <Folder>
            <name>E151: uss1 interuss.automated_testing.flight_planning.v1.UpsertFlightPlan</name>
            <Folder>
              <name>Activity Completed, flight Planned</name>
              <Placemark>
                <name>Volume 0</name>
                <styleUrl>#Planned_Nominal</styleUrl>
                <TimeSpan>
                  <begin>2026-09-26T18:19:24.028650+00:00</begin>
                  <end>2026-09-26T19:04:25.028650+00:00</end>
                </TimeSpan>
                <MultiGeometry>
                  <Polygon>
                    <altitudeMode>absolute</altitudeMode>
                    <outerBoundaryIs>
                      <LinearRing>
                        <coordinates>7.477046661060006,46.97501988078352,601.4516706396805 7.477920441638552,46.97493591416124,601.4516706396805 7.477364256610934,46.97530804909575,601.4516706396805</coordinates>
                      </LinearRing>
                    </outerBoundaryIs>
                  </Polygon>
                  <Polygon>
                    <altitudeMode>absolute</altitudeMode>
                    <outerBoundaryIs>
                      <LinearRing>
                        <coordinates>7.477046661060006,46.97501988078352,606.3216706396805 7.477920441638552,46.97493591416124,606.3216706396805 7.477364256610934,46.97530804909575,606.3216706396805</coordinates>
                      </LinearRing>
                    </outerBoundaryIs>
                  </Polygon>
                  <Polygon>
                    <altitudeMode>absolute</altitudeMode>
                    <outerBoundaryIs>
                      <LinearRing>
                        <coordinates>7.477046661060006,46.97501988078352,601.4516706396805 7.477046661060006,46.97501988078352,606.3216706396805 7.477920441638552,46.97493591416124,606.3216706396805 7.477920441638552,46.97493591416124,601.4516706396805</coordinates>
                      </LinearRing>
                    </outerBoundaryIs>
                  </Polygon>
                  <Polygon>
                    <altitudeMode>absolute</altitudeMode>
                    <outerBoundaryIs>
                      <LinearRing>
                        <coordinates>7.477920441638552,46.97493591416124,601.4516706396805 7.477920441638552,46.97493591416124,606.3216706396805 7.477364256610934,46.97530804909575,606.3216706396805 7.477364256610934,46.97530804909575,601.4516706396805</coordinates>
                      </LinearRing>
                    </outerBoundaryIs>
                  </Polygon>
                  <Polygon>
                    <altitudeMode>absolute</altitudeMode>
                    <outerBoundaryIs>
                      <LinearRing>
                        <coordinates>7.477364256610934,46.97530804909575,601.4516706396805 7.477364256610934,46.97530804909575,606.3216706396805 7.477046661060006,46.97501988078352,606.3216706396805 7.477046661060006,46.97501988078352,601.4516706396805</coordinates>
                      </LinearRing>
                    </outerBoundaryIs>
                  </Polygon>
                </MultiGeometry>
              </Placemark>
            </Folder>
          </Folder>
          <Folder>
            <name>E155: uss1 astm.f3548.v21.dss.queryOperationalIntentReferences</name>
            <Placemark>
              <name>area_of_interest</name>
              <styleUrl>#QueryArea</styleUrl>
              <description><![CDATA[<ul><li>uss1's Accepted 942c2b87-e31d-4474-92c8-b6c58ec735f2[1]</li></ul>]]></description>
              <TimeSpan>
                <begin>2026-09-26T18:19:24.028650+00:00</begin>
                <end>2026-09-26T19:04:25.028650+00:00</end>
              </TimeSpan>
              <MultiGeometry>
                <Polygon>
                  <altitudeMode>absolute</altitudeMode>
                  <outerBoundaryIs>
                    <LinearRing>
                      <coordinates>7.477046661060006,46.97493591416124,601.4517453140104 7.477046661060006,46.97530804909576,601.4517453140104 7.477920441638552,46.97530804909576,601.4517453140104 7.477920441638552,46.97493591416124,601.4517453140104</coordinates>
                    </LinearRing>
                  </outerBoundaryIs>
                </Polygon>
                <Polygon>
                  <altitudeMode>absolute</altitudeMode>
                  <outerBoundaryIs>
                    <LinearRing>
                      <coordinates>7.477046661060006,46.97493591416124,606.3217453140104 7.477046661060006,46.97530804909576,606.3217453140104 7.477920441638552,46.97530804909576,606.3217453140104 7.477920441638552,46.97493591416124,606.3217453140104</coordinates>
                    </LinearRing>
                  </outerBoundaryIs>
                </Polygon>
                <Polygon>
                  <altitudeMode>absolute</altitudeMode>
                  <outerBoundaryIs>
                    <LinearRing>
                      <coordinates>7.477046661060006,46.97493591416124,601.4517453140104 7.477046661060006,46.97493591416124,606.3217453140104 7.477046661060006,46.97530804909576,606.3217453140104 7.477046661060006,46.97530804909576,601.4517453140104</coordinates>
                    </LinearRing>
                  </outerBoundaryIs>
                </Polygon>
                <Polygon>
                  <altitudeMode>absolute</altitudeMode>
                  <outerBoundaryIs>
                    <LinearRing>
                      <coordinates>7.477046661060006,46.97530804909576,601.4517453140104 7.477046661060006,46.97530804909576,606.3217453140104 7.477920441638552,46.97530804909576,606.3217453140104 7.477920441638552,46.97530804909576,601.4517453140104</coordinates>
                    </LinearRing>
                  </outerBoundaryIs>
                </Polygon>
                <Polygon>
                  <altitudeMode>absolute</altitudeMode>
                  <outerBoundaryIs>
                    <LinearRing>
                      <coordinates>7.477920441638552,46.97530804909576,601.4517453140104 7.477920441638552,46.97530804909576,606.3217453140104 7.477920441638552,46.97493591416124,606.3217453140104 7.477920441638552,46.97493591416124,601.4517453140104</coordinates>
                    </LinearRing>
                  </outerBoundaryIs>
                </Polygon>
                <Polygon>
                  <altitudeMode>absolute</altitudeMode>
                  <outerBoundaryIs>
                    <LinearRing>
                      <coordinates>7.477920441638552,46.97493591416124,601.4517453140104 7.477920441638552,46.97493591416124,606.3217453140104 7.477046661060006,46.97493591416124,606.3217453140104 7.477046661060006,46.97493591416124,601.4517453140104</coordinates>
                    </LinearRing>
                  </outerBoundaryIs>
                </Polygon>
              </MultiGeometry>
            </Placemark>
          </Folder>
          <Folder>
            <name>E159: uss1 astm.f3548.v21.uss.getOperationalIntentDetails</name>
            <Folder>
              <name>uss1's P0 Accepted 942c2b87-e31d-4474-92c8-b6c58ec735f2[1] @ vZKUrcFrCBVT4T6bw6qDCYcihK74roJUj0LdlVP3-RQ_</name>
              <Placemark>
                <name>Nominal volume 0</name>
                <styleUrl>#F3548v21Accepted</styleUrl>
                <TimeSpan>
                  <begin>2026-09-26T18:19:25.064773+00:00</begin>
                  <end>2026-09-26T19:04:25.028650+00:00</end>
                </TimeSpan>
                <MultiGeometry>
                  <Polygon>
                    <altitudeMode>absolute</altitudeMode>
                    <outerBoundaryIs>
                      <LinearRing>
                        <coordinates>7.477046661060006,46.97501988078352,601.4516706396805 7.477920441638552,46.97493591416124,601.4516706396805 7.477364256610934,46.97530804909575,601.4516706396805</coordinates>
                      </LinearRing>
                    </outerBoundaryIs>
                  </Polygon>
                  <Polygon>
                    <altitudeMode>absolute</altitudeMode>
                    <outerBoundaryIs>
                      <LinearRing>
                        <coordinates>7.477046661060006,46.97501988078352,606.3216706396805 7.477920441638552,46.97493591416124,606.3216706396805 7.477364256610934,46.97530804909575,606.3216706396805</coordinates>
                      </LinearRing>
                    </outerBoundaryIs>
                  </Polygon>
                  <Polygon>
                    <altitudeMode>absolute</altitudeMode>
                    <outerBoundaryIs>
                      <LinearRing>
                        <coordinates>7.477046661060006,46.97501988078352,601.4516706396805 7.477046661060006,46.97501988078352,606.3216706396805 7.477920441638552,46.97493591416124,606.3216706396805 7.477920441638552,46.97493591416124,601.4516706396805</coordinates>
                      </LinearRing>
                    </outerBoundaryIs>
                  </Polygon>
                  <Polygon>
                    <altitudeMode>absolute</altitudeMode>
                    <outerBoundaryIs>
                      <LinearRing>
                        <coordinates>7.477920441638552,46.97493591416124,601.4516706396805 7.477920441638552,46.97493591416124,606.3216706396805 7.477364256610934,46.97530804909575,606.3216706396805 7.477364256610934,46.97530804909575,601.4516706396805</coordinates>
                      </LinearRing>
                    </outerBoundaryIs>
                  </Polygon>
                  <Polygon>
                    <altitudeMode>absolute</altitudeMode>
                    <outerBoundaryIs>
                      <LinearRing>
                        <coordinates>7.477364256610934,46.97530804909575,601.4516706396805 7.477364256610934,46.97530804909575,606.3216706396805 7.477046661060006,46.97501988078352,606.3216706396805 7.477046661060006,46.97501988078352,601.4516706396805</coordinates>
                      </LinearRing>
                    </outerBoundaryIs>
                  </Polygon>
                </MultiGeometry>
              </Placemark>
            </Folder>
          </Folder>
        </Folder>
        <Folder>
          <name>Declare Flight 2 non-conforming</name>
          <Folder>
            <name>E168: uss1 astm.f3548.v21.dss.queryOperationalIntentReferences</name>
            <Placemark>
              <name>area_of_interest</name>
              <styleUrl>#QueryArea</styleUrl>
              <description><![CDATA[<ul><li>uss1's Activated 79da356e-f7ab-42de-b310-156322aa6916[3]</li><li>uss1's Accepted 942c2b87-e31d-4474-92c8-b6c58ec735f2[1]</li></ul>]]></description>
              <TimeSpan>
                <begin>2026-09-26T18:19:24.215987+00:00</begin>
                <end>2026-09-26T19:04:25.215987+00:00</end>
              </TimeSpan>
              <MultiGeometry>
                <Polygon>
                  <altitudeMode>absolute</altitudeMode>
                  <outerBoundaryIs>
                    <LinearRing>
                      <coordinates>7.477046661060006,46.97455925749912,556.4415275815547 7.477046661060006,46.97530804909576,556.4415275815547 7.477920441638552,46.97530804909576,556.4415275815547 7.477920441638552,46.97455925749912,556.4415275815547</coordinates>
                    </LinearRing>
                  </outerBoundaryIs>
                </Polygon>
                <Polygon>
                  <altitudeMode>absolute</altitudeMode>
                  <outerBoundaryIs>
                    <LinearRing>
                      <coordinates>7.477046661060006,46.97455925749912,606.3215275815546 7.477046661060006,46.97530804909576,606.3215275815546 7.477920441638552,46.97530804909576,606.3215275815546 7.477920441638552,46.97455925749912,606.3215275815546</coordinates>
                    </LinearRing>
                  </outerBoundaryIs>
                </Polygon>
                <Polygon>
                  <altitudeMode>absolute</altitudeMode>
                  <outerBoundaryIs>
                    <LinearRing>
                      <coordinates>7.477046661060006,46.97455925749912,556.4415275815547 7.477046661060006,46.97455925749912,606.3215275815546 7.477046661060006,46.97530804909576,606.3215275815546 7.477046661060006,46.97530804909576,556.4415275815547</coordinates>
                    </LinearRing>
                  </outerBoundaryIs>
                </Polygon>
                <Polygon>
                  <altitudeMode>absolute</altitudeMode>
                  <outerBoundaryIs>
                    <LinearRing>
                      <coordinates>7.477046661060006,46.97530804909576,556.4415275815547 7.477046661060006,46.97530804909576,606.3215275815546 7.477920441638552,46.97530804909576,606.3215275815546 7.477920441638552,46.97530804909576,556.4415275815547</coordinates>
                    </LinearRing>
                  </outerBoundaryIs>
                </Polygon>
                <Polygon>
                  <altitudeMode>absolute</altitudeMode>
                  <outerBoundaryIs>
                    <LinearRing>
                      <coordinates>7.477920441638552,46.97530804909576,556.4415275815547 7.477920441638552,46.97530804909576,606.3215275815546 7.477920441638552,46.97455925749912,606.3215275815546 7.477920441638552,46.97455925749912,556.4415275815547</coordinates>
                    </LinearRing>
                  </outerBoundaryIs>
                </Polygon>
                <Polygon>
                  <altitudeMode>absolute</altitudeMode>
                  <outerBoundaryIs>
                    <LinearRing>
                      <coordinates>7.477920441638552,46.97455925749912,556.4415275815547 7.477920441638552,46.97455925749912,606.3215275815546 7.477046661060006,46.97455925749912,606.3215275815546 7.477046661060006,46.97455925749912,556.4415275815547</coordinates>
                    </LinearRing>
                  </outerBoundaryIs>
                </Polygon>
              </MultiGeometry>
            </Placemark>
          </Folder>
          <Folder>
            <name>E170: uss1 interuss.automated_testing.flight_planning.v1.UpsertFlightPlan</name>
            <Folder>
              <name>Activity Completed, flight OffNominal</name>
              <Placemark>
                <name>Volume 0</name>
                <styleUrl>#InUse_OffNominal</styleUrl>
                <TimeSpan>
                  <begin>2026-09-26T18:19:24.215987+00:00</begin>
                  <end>2026-09-26T19:04:25.215987+00:00</end>
                </TimeSpan>
                <MultiGeometry>
                  <Polygon>
                    <altitudeMode>absolute</altitudeMode>
                    <outerBoundaryIs>
                      <LinearRing>
                        <coordinates>7.477046661060006,46.97501988078352,556.4414246078915 7.477301884621132,46.97455925749912,556.4414246078915 7.477627795613881,46.97494726396419,556.4414246078915 7.477364256610934,46.97530804909575,556.4414246078915</coordinates>
                      </LinearRing>
                    </outerBoundaryIs>
                  </Polygon>
                  <Polygon>
                    <altitudeMode>absolute</altitudeMode>
                    <outerBoundaryIs>
                      <LinearRing>
                        <coordinates>7.477046661060006,46.97501988078352,584.3214246078915 7.477301884621132,46.97455925749912,584.3214246078915 7.477627795613881,46.97494726396419,584.3214246078915 7.477364256610934,46.97530804909575,584.3214246078915</coordinates>
                      </LinearRing>
                    </outerBoundaryIs>
                  </Polygon>
                  <Polygon>
                    <altitudeMode>absolute</altitudeMode>
                    <outerBoundaryIs>
                      <LinearRing>
                        <coordinates>7.477046661060006,46.97501988078352,556.4414246078915 7.477046661060006,46.97501988078352,584.3214246078915 7.477301884621132,46.97455925749912,584.3214246078915 7.477301884621132,46.97455925749912,556.4414246078915</coordinates>
                      </LinearRing>
                    </outerBoundaryIs>
                  </Polygon>
                  <Polygon>
                    <altitudeMode>absolute</altitudeMode>
                    <outerBoundaryIs>
                      <LinearRing>
                        <coordinates>7.477301884621132,46.97455925749912,556.4414246078915 7.477301884621132,46.97455925749912,584.3214246078915 7.477627795613881,46.97494726396419,584.3214246078915 7.477627795613881,46.97494726396419,556.4414246078915</coordinates>
                      </LinearRing>
                    </outerBoundaryIs>
                  </Polygon>
                  <Polygon>
                    <altitudeMode>absolute</altitudeMode>
                    <outerBoundaryIs>
                      <LinearRing>
                        <coordinates>7.477627795613881,46.97494726396419,556.4414246078915 7.477627795613881,46.97494726396419,584.3214246078915 7.477364256610934,46.97530804909575,584.3214246078915 7.477364256610934,46.97530804909575,556.4414246078915</coordinates>
                      </LinearRing>
                    </outerBoundaryIs>
                  </Polygon>
                  <Polygon>
                    <altitudeMode>absolute</altitudeMode>
                    <outerBoundaryIs>
                      <LinearRing>
                        <coordinates>7.477364256610934,46.97530804909575,556.4414246078915 7.477364256610934,46.97530804909575,584.3214246078915 7.477046661060006,46.97501988078352,584.3214246078915 7.477046661060006,46.97501988078352,556.4414246078915</coordinates>
                      </LinearRing>
                    </outerBoundaryIs>
                  </Polygon>
                </MultiGeometry>
              </Placemark>
            </Folder>
          </Folder>
          <Folder>
            <name>E174: uss1 astm.f3548.v21.dss.queryOperationalIntentReferences</name>
            <Placemark>
              <name>area_of_interest</name>
              <styleUrl>#QueryArea</styleUrl>
              <description><![CDATA[<ul><li>uss1's Activated 79da356e-f7ab-42de-b310-156322aa6916[3]</li><li>uss1's Nonconforming 942c2b87-e31d-4474-92c8-b6c58ec735f2[2]</li></ul>]]></description>
              <TimeSpan>
                <begin>2026-09-26T18:19:24.215987+00:00</begin>
                <end>2026-09-26T19:04:25.215987+00:00</end>
              </TimeSpan>
              <MultiGeometry>
                <Polygon>
                  <altitudeMode>absolute</altitudeMode>
                  <outerBoundaryIs>
                    <LinearRing>
                      <coordinates>7.477046661060006,46.97455925749912,556.4415275815547 7.477046661060006,46.97530804909576,556.4415275815547 7.477920441638552,46.97530804909576,556.4415275815547 7.477920441638552,46.97455925749912,556.4415275815547</coordinates>
                    </LinearRing>
                  </outerBoundaryIs>
                </Polygon>
                <Polygon>
                  <altitudeMode>absolute</altitudeMode>
                  <outerBoundaryIs>
                    <LinearRing>
                      <coordinates>7.477046661060006,46.97455925749912,606.3215275815546 7.477046661060006,46.97530804909576,606.3215275815546 7.477920441638552,46.97530804909576,606.3215275815546 7.477920441638552,46.97455925749912,606.3215275815546</coordinates>
                    </LinearRing>
                  </outerBoundaryIs>
                </Polygon>
                <Polygon>
                  <altitudeMode>absolute</altitudeMode>
                  <outerBoundaryIs>
                    <LinearRing>
                      <coordinates>7.477046661060006,46.97455925749912,556.4415275815547 7.477046661060006,46.97455925749912,606.3215275815546 7.477046661060006,46.97530804909576,606.3215275815546 7.477046661060006,46.97530804909576,556.4415275815547</coordinates>
                    </LinearRing>
                  </outerBoundaryIs>
                </Polygon>
                <Polygon>
                  <altitudeMode>absolute</altitudeMode>
                  <outerBoundaryIs>
                    <LinearRing>
                      <coordinates>7.477046661060006,46.97530804909576,556.4415275815547 7.477046661060006,46.97530804909576,606.3215275815546 7.477920441638552,46.97530804909576,606.3215275815546 7.477920441638552,46.97530804909576,556.4415275815547</coordinates>
                    </LinearRing>
                  </outerBoundaryIs>
                </Polygon>
                <Polygon>
                  <altitudeMode>absolute</altitudeMode>
                  <outerBoundaryIs>
                    <LinearRing>
                      <coordinates>7.477920441638552,46.97530804909576,556.4415275815547 7.477920441638552,46.97530804909576,606.3215275815546 7.477920441638552,46.97455925749912,606.3215275815546 7.477920441638552,46.97455925749912,556.4415275815547</coordinates>
                    </LinearRing>
                  </outerBoundaryIs>
                </Polygon>
                <Polygon>
                  <altitudeMode>absolute</altitudeMode>
                  <outerBoundaryIs>
                    <LinearRing>
                      <coordinates>7.477920441638552,46.97455925749912,556.4415275815547 7.477920441638552,46.97455925749912,606.3215275815546 7.477046661060006,46.97455925749912,606.3215275815546 7.477046661060006,46.97455925749912,556.4415275815547</coordinates>
                    </LinearRing>
                  </outerBoundaryIs>
                </Polygon>
              </MultiGeometry>
            </Placemark>
          </Folder>
          <Folder>
            <name>E178: uss1 astm.f3548.v21.uss.getOperationalIntentDetails</name>
            <Folder>
              <name>uss1's P0 Nonconforming 942c2b87-e31d-4474-92c8-b6c58ec735f2[2] @ 38ulUBmQjL-LrJ3vrcZ6GTnQBSW-bcQA16eyKqwhilY_</name>
              <Placemark>
                <name>Off-nominal volume 0</name>
                <styleUrl>#F3548v21Nonconforming</styleUrl>
                <TimeSpan>
                  <begin>2026-09-26T18:19:25.254394+00:00</begin>
                  <end>2026-09-26T19:04:25.215987+00:00</end>
                </TimeSpan>
                <MultiGeometry>
                  <Polygon>
                    <altitudeMode>absolute</altitudeMode>
                    <outerBoundaryIs>
                      <LinearRing>
                        <coordinates>7.477046661060006,46.97501988078352,556.4414246078915 7.477301884621132,46.97455925749912,556.4414246078915 7.477627795613881,46.97494726396419,556.4414246078915 7.477364256610934,46.97530804909575,556.4414246078915</coordinates>
                      </LinearRing>
                    </outerBoundaryIs>
                  </Polygon>
                  <Polygon>
                    <altitudeMode>absolute</altitudeMode>
                    <outerBoundaryIs>
                      <LinearRing>
                        <coordinates>7.477046661060006,46.97501988078352,584.3214246078915 7.477301884621132,46.97455925749912,584.3214246078915 7.477627795613881,46.97494726396419,584.3214246078915 7.477364256610934,46.97530804909575,584.3214246078915</coordinates>
                      </LinearRing>
                    </outerBoundaryIs>
                  </Polygon>
                  <Polygon>
                    <altitudeMode>absolute</altitudeMode>
                    <outerBoundaryIs>
                      <LinearRing>
                        <coordinates>7.477046661060006,46.97501988078352,556.4414246078915 7.477046661060006,46.97501988078352,584.3214246078915 7.477301884621132,46.97455925749912,584.3214246078915 7.477301884621132,46.97455925749912,556.4414246078915</coordinates>
                      </LinearRing>
                    </outerBoundaryIs>
                  </Polygon>
                  <Polygon>
                    <altitudeMode>absolute</altitudeMode>
                    <outerBoundaryIs>
                      <LinearRing>
                        <coordinates>7.477301884621132,46.97455925749912,556.4414246078915 7.477301884621132,46.97455925749912,584.3214246078915 7.477627795613881,46.97494726396419,584.3214246078915 7.477627795613881,46.97494726396419,556.4414246078915</coordinates>
                      </LinearRing>
                    </outerBoundaryIs>
                  </Polygon>
                  <Polygon>
                    <altitudeMode>absolute</altitudeMode>
                    <outerBoundaryIs>
                      <LinearRing>
                        <coordinates>7.477627795613881,46.97494726396419,556.4414246078915 7.477627795613881,46.97494726396419,584.3214246078915 7.477364256610934,46.97530804909575,584.3214246078915 7.477364256610934,46.97530804909575,556.4414246078915</coordinates>
                      </LinearRing>
                    </outerBoundaryIs>
                  </Polygon>
                  <Polygon>
                    <altitudeMode>absolute</altitudeMode>
                    <outerBoundaryIs>
                      <LinearRing>
                        <coordinates>7.477364256610934,46.97530804909575,556.4414246078915 7.477364256610934,46.97530804909575,584.3214246078915 7.477046661060006,46.97501988078352,584.3214246078915 7.477046661060006,46.97501988078352,556.4414246078915</coordinates>
                      </LinearRing>
                    </outerBoundaryIs>
                  </Polygon>
                </MultiGeometry>
              </Placemark>
            </Folder>
          </Folder>
        </Folder>
        <Folder>
          <name>Attempt to modify activated Flight 1 in conflict with nonconforming Flight 2</name>
          <Folder>
            <name>E189: uss1 astm.f3548.v21.dss.queryOperationalIntentReferences</name>
            <Placemark>
              <name>area_of_interest</name>
              <styleUrl>#QueryArea</styleUrl>
              <description><![CDATA[<ul><li>uss1's Activated 79da356e-f7ab-42de-b310-156322aa6916[3]</li><li>uss1's Nonconforming 942c2b87-e31d-4474-92c8-b6c58ec735f2[2]</li></ul>]]></description>
              <TimeSpan>
                <begin>2026-09-26T18:19:24.419708+00:00</begin>
                <end>2026-09-26T19:04:25.419708+00:00</end>
              </TimeSpan>
              <MultiGeometry>
                <Polygon>
                  <altitudeMode>absolute</altitudeMode>
                  <outerBoundaryIs>
                    <LinearRing>
                      <coordinates>7.477086559435827,46.974528046030414,526.2713835555318 7.477086559435827,46.97491720487753,526.2713835555318 7.47810665524113,46.97491720487753,526.2713835555318 7.47810665524113,46.974528046030414,526.2713835555318</coordinates>
                    </LinearRing>
                  </outerBoundaryIs>
                </Polygon>
                <Polygon>
                  <altitudeMode>absolute</altitudeMode>
                  <outerBoundaryIs>
                    <LinearRing>
                      <coordinates>7.477086559435827,46.974528046030414,586.3213835555317 7.477086559435827,46.97491720487753,586.3213835555317 7.47810665524113,46.97491720487753,586.3213835555317 7.47810665524113,46.974528046030414,586.3213835555317</coordinates>
                    </LinearRing>
                  </outerBoundaryIs>
                </Polygon>
                <Polygon>
                  <altitudeMode>absolute</altitudeMode>
                  <outerBoundaryIs>
                    <LinearRing>
                      <coordinates>7.477086559435827,46.974528046030414,526.2713835555318 7.477086559435827,46.974528046030414,586.3213835555317 7.477086559435827,46.97491720487753,586.3213835555317 7.477086559435827,46.97491720487753,526.2713835555318</coordinates>
                    </LinearRing>
                  </outerBoundaryIs>
                </Polygon>
                <Polygon>
                  <altitudeMode>absolute</altitudeMode>
                  <outerBoundaryIs>
                    <LinearRing>
                      <coordinates>7.477086559435827,46.97491720487753,526.2713835555318 7.477086559435827,46.97491720487753,586.3213835555317 7.47810665524113,46.97491720487753,586.3213835555317 7.47810665524113,46.97491720487753,526.2713835555318</coordinates>
                    </LinearRing>
                  </outerBoundaryIs>
                </Polygon>
                <Polygon>
                  <altitudeMode>absolute</altitudeMode>
                  <outerBoundaryIs>
                    <LinearRing>
                      <coordinates>7.47810665524113,46.97491720487753,526.2713835555318 7.47810665524113,46.97491720487753,586.3213835555317 7.47810665524113,46.974528046030414,586.3213835555317 7.47810665524113,46.974528046030414,526.2713835555318</coordinates>
                    </LinearRing>
                  </outerBoundaryIs>
                </Polygon>
                <Polygon>
                  <altitudeMode>absolute</altitudeMode>
                  <outerBoundaryIs>
                    <LinearRing>
                      <coordinates>7.47810665524113,46.974528046030414,526.2713835555318 7.47810665524113,46.974528046030414,586.3213835555317 7.477086559435827,46.974528046030414,586.3213835555317 7.477086559435827,46.974528046030414,526.2713835555318</coordinates>
                    </LinearRing>
                  </outerBoundaryIs>
                </Polygon>
              </MultiGeometry>
            </Placemark>
          </Folder>
          <Folder>
            <name>E191: uss1 interuss.automated_testing.flight_planning.v1.UpsertFlightPlan</name>
            <Folder>
              <name>Activity Rejected, flight OkToFly</name>
              <Placemark>
                <name>Volume 0</name>
                <styleUrl>#InUse_Nominal</styleUrl>
                <TimeSpan>
                  <begin>2026-09-26T18:19:24.419708+00:00</begin>
                  <end>2026-09-26T19:04:25.419708+00:00</end>
                </TimeSpan>
                <MultiGeometry>
                  <Polygon>
                    <altitudeMode>absolute</altitudeMode>
                    <outerBoundaryIs>
                      <LinearRing>
                        <coordinates>7.47745236483637,46.97460350254155,526.2715485664236 7.477477314286158,46.974903019151576,526.2715485664236 7.478062605790899,46.974880319566886,526.2715485664236 7.47810665524113,46.974528046030414,526.2715485664236</coordinates>
                      </LinearRing>
                    </outerBoundaryIs>
                  </Polygon>
                  <Polygon>
                    <altitudeMode>absolute</altitudeMode>
                    <outerBoundaryIs>
                      <LinearRing>
                        <coordinates>7.47745236483637,46.97460350254155,586.3215485664235 7.477477314286158,46.974903019151576,586.3215485664235 7.478062605790899,46.974880319566886,586.3215485664235 7.47810665524113,46.974528046030414,586.3215485664235</coordinates>
                      </LinearRing>
                    </outerBoundaryIs>
                  </Polygon>
                  <Polygon>
                    <altitudeMode>absolute</altitudeMode>
                    <outerBoundaryIs>
                      <LinearRing>
                        <coordinates>7.47745236483637,46.97460350254155,526.2715485664236 7.47745236483637,46.97460350254155,586.3215485664235 7.477477314286158,46.974903019151576,586.3215485664235 7.477477314286158,46.974903019151576,526.2715485664236</coordinates>
                      </LinearRing>
                    </outerBoundaryIs>
                  </Polygon>
                  <Polygon>
                    <altitudeMode>absolute</altitudeMode>
                    <outerBoundaryIs>
                      <LinearRing>
                        <coordinates>7.477477314286158,46.974903019151576,526.2715485664236 7.477477314286158,46.974903019151576,586.3215485664235 7.478062605790899,46.974880319566886,586.3215485664235 7.478062605790899,46.974880319566886,526.2715485664236</coordinates>
                      </LinearRing>
                    </outerBoundaryIs>
                  </Polygon>
                  <Polygon>
                    <altitudeMode>absolute</altitudeMode>
                    <outerBoundaryIs>
                      <LinearRing>
                        <coordinates>7.478062605790899,46.974880319566886,526.2715485664236 7.478062605790899,46.974880319566886,586.3215485664235 7.47810665524113,46.974528046030414,586.3215485664235 7.47810665524113,46.974528046030414,526.2715485664236</coordinates>
                      </LinearRing>
                    </outerBoundaryIs>
                  </Polygon>
                  <Polygon>
                    <altitudeMode>absolute</altitudeMode>
                    <outerBoundaryIs>
                      <LinearRing>
                        <coordinates>7.47810665524113,46.974528046030414,526.2715485664236 7.47810665524113,46.974528046030414,586.3215485664235 7.47745236483637,46.97460350254155,586.3215485664235 7.47745236483637,46.97460350254155,526.2715485664236</coordinates>
                      </LinearRing>
                    </outerBoundaryIs>
                  </Polygon>
                </MultiGeometry>
              </Placemark>
            </Folder>
          </Folder>
          <Folder>
            <name>E194: uss1 astm.f3548.v21.dss.queryOperationalIntentReferences</name>
            <Placemark>
              <name>area_of_interest</name>
              <styleUrl>#QueryArea</styleUrl>
              <description><![CDATA[<ul><li>uss1's Activated 79da356e-f7ab-42de-b310-156322aa6916[3]</li><li>uss1's Nonconforming 942c2b87-e31d-4474-92c8-b6c58ec735f2[2]</li></ul>]]></description>
              <TimeSpan>
                <begin>2026-09-26T18:19:24.419708+00:00</begin>
                <end>2026-09-26T19:04:25.419708+00:00</end>
              </TimeSpan>
              <MultiGeometry>
                <Polygon>
                  <altitudeMode>absolute</altitudeMode>
                  <outerBoundaryIs>
                    <LinearRing>
                      <coordinates>7.477086559435827,46.974528046030414,526.2713835555318 7.477086559435827,46.97491720487753,526.2713835555318 7.47810665524113,46.97491720487753,526.2713835555318 7.47810665524113,46.974528046030414,526.2713835555318</coordinates>
                    </LinearRing>
                  </outerBoundaryIs>
                </Polygon>
                <Polygon>
                  <altitudeMode>absolute</altitudeMode>
                  <outerBoundaryIs>
                    <LinearRing>
                      <coordinates>7.477086559435827,46.974528046030414,586.3213835555317 7.477086559435827,46.97491720487753,586.3213835555317 7.47810665524113,46.97491720487753,586.3213835555317 7.47810665524113,46.974528046030414,586.3213835555317</coordinates>
                    </LinearRing>
                  </outerBoundaryIs>
                </Polygon>
                <Polygon>
                  <altitudeMode>absolute</altitudeMode>
                  <outerBoundaryIs>
                    <LinearRing>
                      <coordinates>7.477086559435827,46.974528046030414,526.2713835555318 7.477086559435827,46.974528046030414,586.3213835555317 7.477086559435827,46.97491720487753,586.3213835555317 7.477086559435827,46.97491720487753,526.2713835555318</coordinates>
                    </LinearRing>
                  </outerBoundaryIs>
                </Polygon>
                <Polygon>
                  <altitudeMode>absolute</altitudeMode>
                  <outerBoundaryIs>
                    <LinearRing>
                      <coordinates>7.477086559435827,46.97491720487753,526.2713835555318 7.477086559435827,46.97491720487753,586.3213835555317 7.47810665524113,46.97491720487753,586.3213835555317 7.47810665524113,46.97491720487753,526.2713835555318</coordinates>
                    </LinearRing>
                  </outerBoundaryIs>
                </Polygon>
                <Polygon>
                  <altitudeMode>absolute</altitudeMode>
                  <outerBoundaryIs>
                    <LinearRing>
                      <coordinates>7.47810665524113,46.97491720487753,526.2713835555318 7.47810665524113,46.97491720487753,586.3213835555317 7.47810665524113,46.974528046030414,586.3213835555317 7.47810665524113,46.974528046030414,526.2713835555318</coordinates>
                    </LinearRing>
                  </outerBoundaryIs>
                </Polygon>
                <Polygon>
                  <altitudeMode>absolute</altitudeMode>
                  <outerBoundaryIs>
                    <LinearRing>
                      <coordinates>7.47810665524113,46.974528046030414,526.2713835555318 7.47810665524113,46.974528046030414,586.3213835555317 7.477086559435827,46.974528046030414,586.3213835555317 7.477086559435827,46.974528046030414,526.2713835555318</coordinates>
                    </LinearRing>
                  </outerBoundaryIs>
                </Polygon>
              </MultiGeometry>
            </Placemark>
          </Folder>
        </Folder>
      </Folder>
      <Folder>
        <name/>
        <Folder>
          <name>Cleanup</name>
        </Folder>
      </Folder>
    </Folder>
  </Document>
</kml>
