<kml xmlns="http://www.opengis.net/kml/2.2" xmlns:atom="http://www.w3.org/2005/Atom" xmlns:gx="http://www.google.com/kml/ext/2.2">
  <Document>
    <Style id="QueryArea">
      <LineStyle>
        <color>ffc0c000</color>
        <width>3</width>
      </LineStyle>
      <PolyStyle>
        <color>80ffffaa</color>
      </PolyStyle>
    </Style>
    <Style id="F3548v21Accepted">
      <LineStyle>
        <color>ff00c000</color>
        <width>3</width>
      </LineStyle>
      <PolyStyle>
        <color>80c0c0c0</color>
      </PolyStyle>
    </Style>
    <Style id="F3548v21Activated">
      <LineStyle>
        <color>ff00c000</color>
        <width>3</width>
      </LineStyle>
      <PolyStyle>
        <color>8000ff00</color>
      </PolyStyle>
    </Style>
    <Style id="F3548v21Nonconforming">
      <LineStyle>
        <color>ff00ffff</color>
        <width>5</width>
      </LineStyle>
      <PolyStyle>
        <color>8000ffff</color>
      </PolyStyle>
    </Style>
    <Style id="F3548v21Contingent">
      <LineStyle>
        <color>ff0000ff</color>
        <width>5</width>
      </LineStyle>
      <PolyStyle>
        <color>80ff0000ff</color>
      </PolyStyle>
    </Style>
    <Style id="F3548v21AcceptedFuture">
      <LineStyle>
        <color>80c0c0c0</color>
        <width>1</width>
      </LineStyle>
      <PolyStyle>
        <color>00000000</color>
      </PolyStyle>
    </Style>
    <Style id="F3548v21ActivatedFuture">
      <LineStyle>
        <color>8040c040</color>
        <width>1</width>
      </LineStyle>
      <PolyStyle>
        <color>00000000</color>
      </PolyStyle>
    </Style>
    <Style id="F3548v21NonconformingFuture">
      <LineStyle>
        <color>8000ffff</color>
        <width>1</width>
      </LineStyle>
      <PolyStyle>
        <color>00000000</color>
      </PolyStyle>
    </Style>
    <Style id="F3548v21ContingentFuture">
      <LineStyle>
        <color>80ff0000ff</color>
        <width>1</width>
      </LineStyle>
      <PolyStyle>
        <color>00000000</color>
      </PolyStyle>
    </Style>
    <Style id="Planned_Nominal">
      <LineStyle>
        <color>ff00c000</color>
        <width>3</width>
      </LineStyle>
      <PolyStyle>
        <color>80808080</color>
      </PolyStyle>
    </Style>
    <Style id="InUse_Nominal">
      <LineStyle>
        <color>ff00c000</color>
        <width>3</width>
      </LineStyle>
      <PolyStyle>
        <color>8000ff00</color>
      </PolyStyle>
    </Style>
    <Style id="InUse_OffNominal">
      <LineStyle>
        <color>ff00ffff</color>
        <width>5</width>
      </LineStyle>
      <PolyStyle>
        <color>8000ff00</color>
      </PolyStyle>
    </Style>
    <Style id="InUse_Contingent">
      <LineStyle>
        <color>ff0000ff</color>
        <width>5</width>
      </LineStyle>
      <PolyStyle>
        <color>8000ff00</color>
      </PolyStyle>
    </Style>
    <Style id="unmodifiedtelemetry">
      <IconStyle>
        <scale>1.4</scale>
        <Icon>
          <href>http://maps.google.com/mapfiles/kml/shapes/placemark_circle.png</href>
        </Icon>
      </IconStyle>
    </Style>
    <Style id="modifiedtelemetry">
      <IconStyle>
        <scale>1.4</scale>
        <Icon>
          <href>http://maps.google.com/mapfiles/kml/shapes/placemark_square.png</href>
        </Icon>
      </IconStyle>
    </Style>
    <Style id="aircraft">
      <IconStyle>
        <scale>1.4</scale>
        <Icon>
          <href>http://maps.google.com/mapfiles/kml/shapes/airports.png</href>
        </Icon>
      </IconStyle>
    </Style>
    <Folder>
      <name>Nominal planning: conflict with higher priority</name>
      <Folder>
        <name>Prerequisites check</name>
        <Folder>
          <name>Verify area is clear</name>
          <Folder>
            <name>E3: uss1 astm.f3548.v21.dss.queryOperationalIntentReferences</name>
            <Placemark>
              <name>area_of_interest</name>
              <styleUrl>#QueryArea</styleUrl>
              <description><![CDATA[(no operational intent references found)]]></description>
              <TimeSpan>
                <begin>2026-10-07T03:45:10.211470+00:00</begin>
                <end>2026-10-07T05:15:11.211470+00:00</end>
              </TimeSpan>
              <MultiGeometry>
                <Polygon>
                  <altitudeMode>absolute</altitudeMode>
                  <outerBoundaryIs>
                    <LinearRing>
                      <coordinates>7.6097632790545635,46.974527407976495,526.3683076805339 7.6097632790545635,46.97530826770323,526.3683076805339 7.610822051093243,46.97530826770323,526.3683076805339 7.610822051093243,46.974527407976495,526.3683076805339</coordinates>
                    </LinearRing>
                  </outerBoundaryIs>
                </Polygon>
                <Polygon>
                  <altitudeMode>absolute</altitudeMode>
                  <outerBoundaryIs>
                    <LinearRing>
                      <coordinates>7.6097632790545635,46.974527407976495,606.4183076805339 7.6097632790545635,46.97530826770323,606.4183076805339 7.610822051093243,46.97530826770323,606.4183076805339 7.610822051093243,46.974527407976495,606.4183076805339</coordinates>
                    </LinearRing>
                  </outerBoundaryIs>
                </Polygon>
                <Polygon>
                  <altitudeMode>absolute</altitudeMode>
                  <outerBoundaryIs>
                    <LinearRing>
                      <coordinates>7.6097632790545635,46.974527407976495,526.3683076805339 7.6097632790545635,46.974527407976495,606.4183076805339 7.6097632790545635,46.97530826770323,606.4183076805339 7.6097632790545635,46.97530826770323,526.3683076805339</coordinates>
                    </LinearRing>
                  </outerBoundaryIs>
                </Polygon>
                <Polygon>
                  <altitudeMode>absolute</altitudeMode>
                  <outerBoundaryIs>
                    <LinearRing>
                      <coordinates>7.6097632790545635,46.97530826770323,526.3683076805339 7.6097632790545635,46.97530826770323,606.4183076805339 7.610822051093243,46.97530826770323,606.4183076805339 7.610822051093243,46.97530826770323,526.3683076805339</coordinates>
                    </LinearRing>
                  </outerBoundaryIs>
                </Polygon>
                <Polygon>
                  <altitudeMode>absolute</altitudeMode>
                  <outerBoundaryIs>
                    <LinearRing>
                      <coordinates>7.610822051093243,46.97530826770323,526.3683076805339 7.610822051093243,46.97530826770323,606.4183076805339 7.610822051093243,46.974527407976495,606.4183076805339 7.610822051093243,46.974527407976495,526.3683076805339</coordinates>
                    </LinearRing>
                  </outerBoundaryIs>
                </Polygon>
                <Polygon>
                  <altitudeMode>absolute</altitudeMode>
                  <outerBoundaryIs>
                    <LinearRing>
                      <coordinates>7.610822051093243,46.974527407976495,526.3683076805339 7.610822051093243,46.974527407976495,606.4183076805339 7.6097632790545635,46.974527407976495,606.4183076805339 7.6097632790545635,46.974527407976495,526.3683076805339</coordinates>
                    </LinearRing>
                  </outerBoundaryIs>
                </Polygon>
              </MultiGeometry>
            </Placemark>
          </Folder>
        </Folder>
      </Folder>
      <Folder>
        <name>Attempt to plan flight in conflict</name>
        <Folder>
          <name>Plan Flight 2</name>
          <Folder>
            <name>E6: uss1 astm.f3548.v21.dss.queryOperationalIntentReferences</name>
            <Placemark>
              <name>area_of_interest</name>
              <styleUrl>#QueryArea</styleUrl>
              <description><![CDATA[(no operational intent references found)]]></description>
              <TimeSpan>
                <begin>2026-10-07T03:45:10.292301+00:00</begin>
                <end>2026-10-07T04:30:11.292301+00:00</end>
              </TimeSpan>
              <MultiGeometry>
                <Polygon>
                  <altitudeMode>absolute</altitudeMode>
                  <outerBoundaryIs>
                    <LinearRing>
                      <coordinates>7.6097632790545635,46.97455954924581,555.348198665505 7.6097632790545635,46.97530826770323,555.348198665505 7.610344232558087,46.97530826770323,555.348198665505 7.610344232558087,46.97455954924581,555.348198665505</coordinates>
                    </LinearRing>
                  </outerBoundaryIs>
                </Polygon>
                <Polygon>
                  <altitudeMode>absolute</altitudeMode>
                  <outerBoundaryIs>
                    <LinearRing>
                      <coordinates>7.6097632790545635,46.97455954924581,584.4181986655051 7.6097632790545635,46.97530826770323,584.4181986655051 7.610344232558087,46.97530826770323,584.4181986655051 7.610344232558087,46.97455954924581,584.4181986655051</coordinates>
                    </LinearRing>
                  </outerBoundaryIs>
                </Polygon>
                <Polygon>
                  <altitudeMode>absolute</altitudeMode>
                  <outerBoundaryIs>
                    <LinearRing>
                      <coordinates>7.6097632790545635,46.97455954924581,555.348198665505 7.6097632790545635,46.97455954924581,584.4181986655051 7.6097632790545635,46.97530826770323,584.4181986655051 7.6097632790545635,46.97530826770323,555.348198665505</coordinates>
                    </LinearRing>
                  </outerBoundaryIs>
                </Polygon>
                <Polygon>
                  <altitudeMode>absolute</altitudeMode>
                  <outerBoundaryIs>
                    <LinearRing>
                      <coordinates>7.6097632790545635,46.97530826770323,555.348198665505 7.6097632790545635,46.97530826770323,584.4181986655051 7.610344232558087,46.97530826770323,584.4181986655051 7.610344232558087,46.97530826770323,555.348198665505</coordinates>
                    </LinearRing>
                  </outerBoundaryIs>
                </Polygon>
                <Polygon>
                  <altitudeMode>absolute</altitudeMode>
                  <outerBoundaryIs>
                    <LinearRing>
                      <coordinates>7.610344232558087,46.97530826770323,555.348198665505 7.610344232558087,46.97530826770323,584.4181986655051 7.610344232558087,46.97455954924581,584.4181986655051 7.610344232558087,46.97455954924581,555.348198665505</coordinates>
                    </LinearRing>
                  </outerBoundaryIs>
                </Polygon>
                <Polygon>
                  <altitudeMode>absolute</altitudeMode>
                  <outerBoundaryIs>
                    <LinearRing>
                      <coordinates>7.610344232558087,46.97455954924581,555.348198665505 7.610344232558087,46.97455954924581,584.4181986655051 7.6097632790545635,46.97455954924581,584.4181986655051 7.6097632790545635,46.97455954924581,555.348198665505</coordinates>
                    </LinearRing>
                  </outerBoundaryIs>
                </Polygon>
              </MultiGeometry>
            </Placemark>
          </Folder>
          <Folder>
            <name>E12: uss1 astm.f3548.v21.dss.queryOperationalIntentReferences</name>
            <Placemark>
              <name>area_of_interest</name>
              <styleUrl>#QueryArea</styleUrl>
              <description><![CDATA[<ul><li>uss1's Accepted 00701c87-7414-4718-871c-2cd553be617e[1]</li></ul>]]></description>
              <TimeSpan>
                <begin>2026-10-07T03:45:10.292301+00:00</begin>
                <end>2026-10-07T04:30:11.292301+00:00</end>
              </TimeSpan>
              <MultiGeometry>
                <Polygon>
                  <altitudeMode>absolute</altitudeMode>
                  <outerBoundaryIs>
                    <LinearRing>
                      <coordinates>7.6097632790545635,46.97455954924581,555.348198665505 7.6097632790545635,46.97530826770323,555.348198665505 7.610344232558087,46.97530826770323,555.348198665505 7.610344232558087,46.97455954924581,555.348198665505</coordinates>
                    </LinearRing>
                  </outerBoundaryIs>
                </Polygon>
                <Polygon>
                  <altitudeMode>absolute</altitudeMode>
                  <outerBoundaryIs>
                    <LinearRing>
                      <coordinates>7.6097632790545635,46.97455954924581,584.4181986655051 7.6097632790545635,46.97530826770323,584.4181986655051 7.610344232558087,46.97530826770323,584.4181986655051 7.610344232558087,46.97455954924581,584.4181986655051</coordinates>
                    </LinearRing>
                  </outerBoundaryIs>
                </Polygon>
                <Polygon>
                  <altitudeMode>absolute</altitudeMode>
                  <outerBoundaryIs>
                    <LinearRing>
                      <coordinates>7.6097632790545635,46.97455954924581,555.348198665505 7.6097632790545635,46.97455954924581,584.4181986655051 7.6097632790545635,46.97530826770323,584.4181986655051 7.6097632790545635,46.97530826770323,555.348198665505</coordinates>
                    </LinearRing>
                  </outerBoundaryIs>
                </Polygon>
                <Polygon>
                  <altitudeMode>absolute</altitudeMode>
                  <outerBoundaryIs>
                    <LinearRing>
                      <coordinates>7.6097632790545635,46.97530826770323,555.348198665505 7.6097632790545635,46.97530826770323,584.4181986655051 7.610344232558087,46.97530826770323,584.4181986655051 7.610344232558087,46.97530826770323,555.348198665505</coordinates>
                    </LinearRing>
                  </outerBoundaryIs>
                </Polygon>
                <Polygon>
                  <altitudeMode>absolute</altitudeMode>
                  <outerBoundaryIs>
                    <LinearRing>
                      <coordinates>7.610344232558087,46.97530826770323,555.348198665505 7.610344232558087,46.97530826770323,584.4181986655051 7.610344232558087,46.97455954924581,584.4181986655051 7.610344232558087,46.97455954924581,555.348198665505</coordinates>
                    </LinearRing>
                  </outerBoundaryIs>
                </Polygon>
                <Polygon>
                  <altitudeMode>absolute</altitudeMode>
                  <outerBoundaryIs>
                    <LinearRing>
                      <coordinates>7.610344232558087,46.97455954924581,555.348198665505 7.610344232558087,46.97455954924581,584.4181986655051 7.6097632790545635,46.97455954924581,584.4181986655051 7.6097632790545635,46.97455954924581,555.348198665505</coordinates>
                    </LinearRing>
                  </outerBoundaryIs>
                </Polygon>
              </MultiGeometry>
            </Placemark>
          </Folder>
          <Folder>
            <name>E16: uss1 astm.f3548.v21.uss.getOperationalIntentDetails</name>
            <Folder>
              <name>uss1's P100 Accepted 00701c87-7414-4718-871c-2cd553be617e[1] @ kxhZgsswx9k8lpBLjEP2ngbdIalPN0X2Ow5w1VVf07E_</name>
              <Placemark>
                <name>Nominal volume 0</name>
                <styleUrl>#F3548v21Accepted</styleUrl>
                <TimeSpan>
                  <begin>2026-10-07T03:45:11.326715+00:00</begin>
                  <end>2026-10-07T04:30:11.292301+00:00</end>
                </TimeSpan>
                <MultiGeometry>
                  <Polygon>
                    <altitudeMode>absolute</altitudeMode>
                    <outerBoundaryIs>
                      <LinearRing>
                        <coordinates>7.6097632790545635,46.97502046675935,555.3482426826405 7.610017359088783,46.97455954924581,555.3482426826405 7.610344232558087,46.974947178591606,555.3482426826405 7.610081589331281,46.97530826770323,555.3482426826405</coordinates>
                      </LinearRing>
                    </outerBoundaryIs>
                  </Polygon>
                  <Polygon>
                    <altitudeMode>absolute</altitudeMode>
                    <outerBoundaryIs>
                      <LinearRing>
                        <coordinates>7.6097632790545635,46.97502046675935,584.4182426826405 7.610017359088783,46.97455954924581,584.4182426826405 7.610344232558087,46.974947178591606,584.4182426826405 7.610081589331281,46.97530826770323,584.4182426826405</coordinates>
                      </LinearRing>
                    </outerBoundaryIs>
                  </Polygon>
                  <Polygon>
                    <altitudeMode>absolute</altitudeMode>
                    <outerBoundaryIs>
                      <LinearRing>
                        <coordinates>7.6097632790545635,46.97502046675935,555.3482426826405 7.6097632790545635,46.97502046675935,584.4182426826405 7.610017359088783,46.97455954924581,584.4182426826405 7.610017359088783,46.97455954924581,555.3482426826405</coordinates>
                      </LinearRing>
                    </outerBoundaryIs>
                  </Polygon>
                  <Polygon>
                    <altitudeMode>absolute</altitudeMode>
                    <outerBoundaryIs>
                      <LinearRing>
                        <coordinates>7.610017359088783,46.97455954924581,555.3482426826405 7.610017359088783,46.97455954924581,584.4182426826405 7.610344232558087,46.974947178591606,584.4182426826405 7.610344232558087,46.974947178591606,555.3482426826405</coordinates>
                      </LinearRing>
                    </outerBoundaryIs>
                  </Polygon>
                  <Polygon>
                    <altitudeMode>absolute</altitudeMode>
                    <outerBoundaryIs>
                      <LinearRing>
                        <coordinates>7.610344232558087,46.974947178591606,555.3482426826405 7.610344232558087,46.974947178591606,584.4182426826405 7.610081589331281,46.97530826770323,584.4182426826405 7.610081589331281,46.97530826770323,555.3482426826405</coordinates>
                      </LinearRing>
                    </outerBoundaryIs>
                  </Polygon>
                  <Polygon>
                    <altitudeMode>absolute</altitudeMode>
                    <outerBoundaryIs>
                      <LinearRing>
                        <coordinates>7.610081589331281,46.97530826770323,555.3482426826405 7.610081589331281,46.97530826770323,584.4182426826405 7.6097632790545635,46.97502046675935,584.4182426826405 7.6097632790545635,46.97502046675935,555.3482426826405</coordinates>
                      </LinearRing>
                    </outerBoundaryIs>
                  </Polygon>
                </MultiGeometry>
              </Placemark>
            </Folder>
          </Folder>
        </Folder>
        <Folder>
          <name>Attempt to plan Flight 1</name>
          <Folder>
            <name>E25: uss1 astm.f3548.v21.dss.queryOperationalIntentReferences</name>
            <Placemark>
              <name>area_of_interest</name>
              <styleUrl>#QueryArea</styleUrl>
              <description><![CDATA[<ul><li>uss1's Accepted 00701c87-7414-4718-871c-2cd553be617e[1]</li></ul>]]></description>
              <TimeSpan>
                <begin>2026-10-07T03:45:10.452151+00:00</begin>
                <end>2026-10-07T04:30:11.452151+00:00</end>
              </TimeSpan>
              <MultiGeometry>
                <Polygon>
                  <altitudeMode>absolute</altitudeMode>
                  <outerBoundaryIs>
                    <LinearRing>
                      <coordinates>7.609802179221222,46.974527407976495,556.4279643289417 7.609802179221222,46.974917716076675,556.4279643289417 7.610822051093243,46.974917716076675,556.4279643289417 7.610822051093243,46.974527407976495,556.4279643289417</coordinates>
                    </LinearRing>
                  </outerBoundaryIs>
                </Polygon>
                <Polygon>
                  <altitudeMode>absolute</altitudeMode>
                  <outerBoundaryIs>
                    <LinearRing>
                      <coordinates>7.609802179221222,46.974527407976495,586.4179643289417 7.609802179221222,46.974917716076675,586.4179643289417 7.610822051093243,46.974917716076675,586.4179643289417 7.610822051093243,46.974527407976495,586.4179643289417</coordinates>
                    </LinearRing>
                  </outerBoundaryIs>
                </Polygon>
                <Polygon>
                  <altitudeMode>absolute</altitudeMode>
                  <outerBoundaryIs>
                    <LinearRing>
                      <coordinates>7.609802179221222,46.974527407976495,556.4279643289417 7.609802179221222,46.974527407976495,586.4179643289417 7.609802179221222,46.974917716076675,586.4179643289417 7.609802179221222,46.974917716076675,556.4279643289417</coordinates>
                    </LinearRing>
                  </outerBoundaryIs>
                </Polygon>
                <Polygon>
                  <altitudeMode>absolute</altitudeMode>
                  <outerBoundaryIs>
                    <LinearRing>
                      <coordinates>7.609802179221222,46.974917716076675,556.4279643289417 7.609802179221222,46.974917716076675,586.4179643289417 7.610822051093243,46.974917716076675,586.4179643289417 7.610822051093243,46.974917716076675,556.4279643289417</coordinates>
                    </LinearRing>
                  </outerBoundaryIs>
                </Polygon>
                <Polygon>
                  <altitudeMode>absolute</altitudeMode>
                  <outerBoundaryIs>
                    <LinearRing>
                      <coordinates>7.610822051093243,46.974917716076675,556.4279643289417 7.610822051093243,46.974917716076675,586.4179643289417 7.610822051093243,46.974527407976495,586.4179643289417 7.610822051093243,46.974527407976495,556.4279643289417</coordinates>
                    </LinearRing>
                  </outerBoundaryIs>
                </Polygon>
                <Polygon>
                  <altitudeMode>absolute</altitudeMode>
                  <outerBoundaryIs>
                    <LinearRing>
                      <coordinates>7.610822051093243,46.974527407976495,556.4279643289417 7.610822051093243,46.974527407976495,586.4179643289417 7.609802179221222,46.974527407976495,586.4179643289417 7.609802179221222,46.974527407976495,556.4279643289417</coordinates>
                    </LinearRing>
                  </outerBoundaryIs>
                </Polygon>
              </MultiGeometry>
            </Placemark>
          </Folder>
          <Folder>
            <name>E30: uss1 astm.f3548.v21.dss.queryOperationalIntentReferences</name>
            <Placemark>
              <name>area_of_interest</name>
              <styleUrl>#QueryArea</styleUrl>
              <description><![CDATA[<ul><li>uss1's Accepted 00701c87-7414-4718-871c-2cd553be617e[1]</li></ul>]]></description>
              <TimeSpan>
                <begin>2026-10-07T03:45:10.452151+00:00</begin>
                <end>2026-10-07T04:30:11.452151+00:00</end>
              </TimeSpan>
              <MultiGeometry>
                <Polygon>
                  <altitudeMode>absolute</altitudeMode>
                  <outerBoundaryIs>
                    <LinearRing>
                      <coordinates>7.609802179221222,46.974527407976495,556.4279643289417 7.609802179221222,46.974917716076675,556.4279643289417 7.610822051093243,46.974917716076675,556.4279643289417 7.610822051093243,46.974527407976495,556.4279643289417</coordinates>
                    </LinearRing>
                  </outerBoundaryIs>
                </Polygon>
                <Polygon>
                  <altitudeMode>absolute</altitudeMode>
                  <outerBoundaryIs>
                    <LinearRing>
                      <coordinates>7.609802179221222,46.974527407976495,586.4179643289417 7.609802179221222,46.974917716076675,586.4179643289417 7.610822051093243,46.974917716076675,586.4179643289417 7.610822051093243,46.974527407976495,586.4179643289417</coordinates>
                    </LinearRing>
                  </outerBoundaryIs>
                </Polygon>
                <Polygon>
                  <altitudeMode>absolute</altitudeMode>
                  <outerBoundaryIs>
                    <LinearRing>
                      <coordinates>7.609802179221222,46.974527407976495,556.4279643289417 7.609802179221222,46.974527407976495,586.4179643289417 7.609802179221222,46.974917716076675,586.4179643289417 7.609802179221222,46.974917716076675,556.4279643289417</coordinates>
                    </LinearRing>
                  </outerBoundaryIs>
                </Polygon>
                <Polygon>
                  <altitudeMode>absolute</altitudeMode>
                  <outerBoundaryIs>
                    <LinearRing>
                      <coordinates>7.609802179221222,46.974917716076675,556.4279643289417 7.609802179221222,46.974917716076675,586.4179643289417 7.610822051093243,46.974917716076675,586.4179643289417 7.610822051093243,46.974917716076675,556.4279643289417</coordinates>
                    </LinearRing>
                  </outerBoundaryIs>
                </Polygon>
                <Polygon>
                  <altitudeMode>absolute</altitudeMode>
                  <outerBoundaryIs>
                    <LinearRing>
                      <coordinates>7.610822051093243,46.974917716076675,556.4279643289417 7.610822051093243,46.974917716076675,586.4179643289417 7.610822051093243,46.974527407976495,586.4179643289417 7.610822051093243,46.974527407976495,556.4279643289417</coordinates>
                    </LinearRing>
                  </outerBoundaryIs>
                </Polygon>
                <Polygon>
                  <altitudeMode>absolute</altitudeMode>
                  <outerBoundaryIs>
                    <LinearRing>
                      <coordinates>7.610822051093243,46.974527407976495,556.4279643289417 7.610822051093243,46.974527407976495,586.4179643289417 7.609802179221222,46.974527407976495,586.4179643289417 7.609802179221222,46.974527407976495,556.4279643289417</coordinates>
                    </LinearRing>
                  </outerBoundaryIs>
                </Polygon>
              </MultiGeometry>
            </Placemark>
          </Folder>
        </Folder>
        <Folder>
          <name>Delete Flight 2</name>
        </Folder>
      </Folder>
      <Folder>
        <name>Attempt to modify planned flight in conflict</name>
        <Folder>
          <name>Plan Flight 1</name>
          <Folder>
            <name>E35: uss1 astm.f3548.v21.dss.queryOperationalIntentReferences</name>
            <Placemark>
              <name>area_of_interest</name>
              <styleUrl>#QueryArea</styleUrl>
              <description><![CDATA[(no operational intent references found)]]></description>
              <TimeSpan>
                <begin>2026-10-07T03:45:10.574815+00:00</begin>
                <end>2026-10-07T04:30:11.574815+00:00</end>
              </TimeSpan>
              <MultiGeometry>
                <Polygon>
                  <altitudeMode>absolute</altitudeMode>
                  <outerBoundaryIs>
                    <LinearRing>
                      <coordinates>7.609802179221222,46.974527407976495,556.4279643289417 7.609802179221222,46.974917716076675,556.4279643289417 7.610822051093243,46.974917716076675,556.4279643289417 7.610822051093243,46.974527407976495,556.4279643289417</coordinates>
                    </LinearRing>
                  </outerBoundaryIs>
                </Polygon>
                <Polygon>
                  <altitudeMode>absolute</altitudeMode>
                  <outerBoundaryIs>
                    <LinearRing>
                      <coordinates>7.609802179221222,46.974527407976495,586.4179643289417 7.609802179221222,46.974917716076675,586.4179643289417 7.610822051093243,46.974917716076675,586.4179643289417 7.610822051093243,46.974527407976495,586.4179643289417</coordinates>
                    </LinearRing>
                  </outerBoundaryIs>
                </Polygon>
                <Polygon>
                  <altitudeMode>absolute</altitudeMode>
                  <outerBoundaryIs>
                    <LinearRing>
                      <coordinates>7.609802179221222,46.974527407976495,556.4279643289417 7.609802179221222,46.974527407976495,586.4179643289417 7.609802179221222,46.974917716076675,586.4179643289417 7.609802179221222,46.974917716076675,556.4279643289417</coordinates>
                    </LinearRing>
                  </outerBoundaryIs>
                </Polygon>
                <Polygon>
                  <altitudeMode>absolute</altitudeMode>
                  <outerBoundaryIs>
                    <LinearRing>
                      <coordinates>7.609802179221222,46.974917716076675,556.4279643289417 7.609802179221222,46.974917716076675,586.4179643289417 7.610822051093243,46.974917716076675,586.4179643289417 7.610822051093243,46.974917716076675,556.4279643289417</coordinates>
                    </LinearRing>
                  </outerBoundaryIs>
                </Polygon>
                <Polygon>
                  <altitudeMode>absolute</altitudeMode>
                  <outerBoundaryIs>
                    <LinearRing>
                      <coordinates>7.610822051093243,46.974917716076675,556.4279643289417 7.610822051093243,46.974917716076675,586.4179643289417 7.610822051093243,46.974527407976495,586.4179643289417 7.610822051093243,46.974527407976495,556.4279643289417</coordinates>
                    </LinearRing>
                  </outerBoundaryIs>
                </Polygon>
                <Polygon>
                  <altitudeMode>absolute</altitudeMode>
                  <outerBoundaryIs>
                    <LinearRing>
                      <coordinates>7.610822051093243,46.974527407976495,556.4279643289417 7.610822051093243,46.974527407976495,586.4179643289417 7.609802179221222,46.974527407976495,586.4179643289417 7.609802179221222,46.974527407976495,556.4279643289417</coordinates>
                    </LinearRing>
                  </outerBoundaryIs>
                </Polygon>
              </MultiGeometry>
            </Placemark>
          </Folder>
          <Folder>
            <name>E41: uss1 astm.f3548.v21.dss.queryOperationalIntentReferences</name>
            <Placemark>
              <name>area_of_interest</name>
              <styleUrl>#QueryArea</styleUrl>
              <description><![CDATA[<ul><li>uss2's Accepted 899bbaf3-f894-48bb-9b43-460c9e8eef47[1]</li></ul>]]></description>
              <TimeSpan>
                <begin>2026-10-07T03:45:10.574815+00:00</begin>
                <end>2026-10-07T04:30:11.574815+00:00</end>
              </TimeSpan>
              <MultiGeometry>
                <Polygon>
                  <altitudeMode>absolute</altitudeMode>
                  <outerBoundaryIs>
                    <LinearRing>
                      <coordinates>7.609802179221222,46.974527407976495,556.4279643289417 7.609802179221222,46.974917716076675,556.4279643289417 7.610822051093243,46.974917716076675,556.4279643289417 7.610822051093243,46.974527407976495,556.4279643289417</coordinates>
                    </LinearRing>
                  </outerBoundaryIs>
                </Polygon>
                <Polygon>
                  <altitudeMode>absolute</altitudeMode>
                  <outerBoundaryIs>
                    <LinearRing>
                      <coordinates>7.609802179221222,46.974527407976495,586.4179643289417 7.609802179221222,46.974917716076675,586.4179643289417 7.610822051093243,46.974917716076675,586.4179643289417 7.610822051093243,46.974527407976495,586.4179643289417</coordinates>
                    </LinearRing>
                  </outerBoundaryIs>
                </Polygon>
                <Polygon>
                  <altitudeMode>absolute</altitudeMode>
                  <outerBoundaryIs>
                    <LinearRing>
                      <coordinates>7.609802179221222,46.974527407976495,556.4279643289417 7.609802179221222,46.974527407976495,586.4179643289417 7.609802179221222,46.974917716076675,586.4179643289417 7.609802179221222,46.974917716076675,556.4279643289417</coordinates>
                    </LinearRing>
                  </outerBoundaryIs>
                </Polygon>
                <Polygon>
                  <altitudeMode>absolute</altitudeMode>
                  <outerBoundaryIs>
                    <LinearRing>
                      <coordinates>7.609802179221222,46.974917716076675,556.4279643289417 7.609802179221222,46.974917716076675,586.4179643289417 7.610822051093243,46.974917716076675,586.4179643289417 7.610822051093243,46.974917716076675,556.4279643289417</coordinates>
                    </LinearRing>
                  </outerBoundaryIs>
                </Polygon>
                <Polygon>
                  <altitudeMode>absolute</altitudeMode>
                  <outerBoundaryIs>
                    <LinearRing>
                      <coordinates>7.610822051093243,46.974917716076675,556.4279643289417 7.610822051093243,46.974917716076675,586.4179643289417 7.610822051093243,46.974527407976495,586.4179643289417 7.610822051093243,46.974527407976495,556.4279643289417</coordinates>
                    </LinearRing>
                  </outerBoundaryIs>
                </Polygon>
                <Polygon>
                  <altitudeMode>absolute</altitudeMode>
                  <outerBoundaryIs>
                    <LinearRing>
                      <coordinates>7.610822051093243,46.974527407976495,556.4279643289417 7.610822051093243,46.974527407976495,586.4179643289417 7.609802179221222,46.974527407976495,586.4179643289417 7.609802179221222,46.974527407976495,556.4279643289417</coordinates>
                    </LinearRing>
                  </outerBoundaryIs>
                </Polygon>
              </MultiGeometry>
            </Placemark>
          </Folder>
          <Folder>
            <name>E45: uss2 astm.f3548.v21.uss.getOperationalIntentDetails</name>
            <Folder>
              <name>uss2's P0 Accepted 899bbaf3-f894-48bb-9b43-460c9e8eef47[1] @ 3UhgXaUoK.ws2Rj10BjQyhcG0TLahVrkjahT2UkZaZo_</name>
              <Placemark>
                <name>Nominal volume 0</name>
                <styleUrl>#F3548v21Accepted</styleUrl>
                <TimeSpan>
                  <begin>2026-10-07T03:45:11.605973+00:00</begin>
                  <end>2026-10-07T04:30:11.574815+00:00</end>
                </TimeSpan>
                <MultiGeometry>
                  <Polygon>
                    <altitudeMode>absolute</altitudeMode>
                    <outerBoundaryIs>
                      <LinearRing>
                        <coordinates>7.609802179221222,46.97461822864128,556.4279858037298 7.609827869925489,46.974917716076675,556.4279858037298 7.6107788759673,46.97487973190337,556.4279858037298 7.610822051093243,46.974527407976495,556.4279858037298</coordinates>
                      </LinearRing>
                    </outerBoundaryIs>
                  </Polygon>
                  <Polygon>
                    <altitudeMode>absolute</altitudeMode>
                    <outerBoundaryIs>
                      <LinearRing>
                        <coordinates>7.609802179221222,46.97461822864128,586.4179858037298 7.609827869925489,46.974917716076675,586.4179858037298 7.6107788759673,46.97487973190337,586.4179858037298 7.610822051093243,46.974527407976495,586.4179858037298</coordinates>
                      </LinearRing>
                    </outerBoundaryIs>
                  </Polygon>
                  <Polygon>
                    <altitudeMode>absolute</altitudeMode>
                    <outerBoundaryIs>
                      <LinearRing>
                        <coordinates>7.609802179221222,46.97461822864128,556.4279858037298 7.609802179221222,46.97461822864128,586.4179858037298 7.609827869925489,46.974917716076675,586.4179858037298 7.609827869925489,46.974917716076675,556.4279858037298</coordinates>
                      </LinearRing>
                    </outerBoundaryIs>
                  </Polygon>
                  <Polygon>
                    <altitudeMode>absolute</altitudeMode>
                    <outerBoundaryIs>
                      <LinearRing>
                        <coordinates>7.609827869925489,46.974917716076675,556.4279858037298 7.609827869925489,46.974917716076675,586.4179858037298 7.6107788759673,46.97487973190337,586.4179858037298 7.6107788759673,46.97487973190337,556.4279858037298</coordinates>
                      </LinearRing>
                    </outerBoundaryIs>
                  </Polygon>
                  <Polygon>
                    <altitudeMode>absolute</altitudeMode>
                    <outerBoundaryIs>
                      <LinearRing>
                        <coordinates>7.6107788759673,46.97487973190337,556.4279858037298 7.6107788759673,46.97487973190337,586.4179858037298 7.610822051093243,46.974527407976495,586.4179858037298 7.610822051093243,46.974527407976495,556.4279858037298</coordinates>
                      </LinearRing>
                    </outerBoundaryIs>
                  </Polygon>
                  <Polygon>
                    <altitudeMode>absolute</altitudeMode>
                    <outerBoundaryIs>
                      <LinearRing>
                        <coordinates>7.610822051093243,46.974527407976495,556.4279858037298 7.610822051093243,46.974527407976495,586.4179858037298 7.609802179221222,46.97461822864128,586.4179858037298 7.609802179221222,46.97461822864128,556.4279858037298</coordinates>
                      </LinearRing>
                    </outerBoundaryIs>
                  </Polygon>
                </MultiGeometry>
              </Placemark>
            </Folder>
          </Folder>
        </Folder>
        <Folder>
          <name>Plan Flight 2</name>
          <Folder>
            <name>E58: uss1 astm.f3548.v21.dss.queryOperationalIntentReferences</name>
            <Placemark>
              <name>area_of_interest</name>
              <styleUrl>#QueryArea</styleUrl>
              <description><![CDATA[<ul><li>uss2's Accepted 899bbaf3-f894-48bb-9b43-460c9e8eef47[1]</li></ul>]]></description>
              <TimeSpan>
                <begin>2026-10-07T03:45:10.728305+00:00</begin>
                <end>2026-10-07T04:30:11.728305+00:00</end>
              </TimeSpan>
              <MultiGeometry>
                <Polygon>
                  <altitudeMode>absolute</altitudeMode>
                  <outerBoundaryIs>
                    <LinearRing>
                      <coordinates>7.6097632790545635,46.97455954924581,555.348198665505 7.6097632790545635,46.97530826770323,555.348198665505 7.610344232558087,46.97530826770323,555.348198665505 7.610344232558087,46.97455954924581,555.348198665505</coordinates>
                    </LinearRing>
                  </outerBoundaryIs>
                </Polygon>
                <Polygon>
                  <altitudeMode>absolute</altitudeMode>
                  <outerBoundaryIs>
                    <LinearRing>
                      <coordinates>7.6097632790545635,46.97455954924581,584.4181986655051 7.6097632790545635,46.97530826770323,584.4181986655051 7.610344232558087,46.97530826770323,584.4181986655051 7.610344232558087,46.97455954924581,584.4181986655051</coordinates>
                    </LinearRing>
                  </outerBoundaryIs>
                </Polygon>
                <Polygon>
                  <altitudeMode>absolute</altitudeMode>
                  <outerBoundaryIs>
                    <LinearRing>
                      <coordinates>7.6097632790545635,46.97455954924581,555.348198665505 7.6097632790545635,46.97455954924581,584.4181986655051 7.6097632790545635,46.97530826770323,584.4181986655051 7.6097632790545635,46.97530826770323,555.348198665505</coordinates>
                    </LinearRing>
                  </outerBoundaryIs>
                </Polygon>
                <Polygon>
                  <altitudeMode>absolute</altitudeMode>
                  <outerBoundaryIs>
                    <LinearRing>
                      <coordinates>7.6097632790545635,46.97530826770323,555.348198665505 7.6097632790545635,46.97530826770323,584.4181986655051 7.610344232558087,46.97530826770323,584.4181986655051 7.610344232558087,46.97530826770323,555.348198665505</coordinates>
                    </LinearRing>
                  </outerBoundaryIs>
                </Polygon>
                <Polygon>
                  <altitudeMode>absolute</altitudeMode>
                  <outerBoundaryIs>
                    <LinearRing>
                      <coordinates>7.610344232558087,46.97530826770323,555.348198665505 7.610344232558087,46.97530826770323,584.4181986655051 7.610344232558087,46.97455954924581,584.4181986655051 7.610344232558087,46.97455954924581,555.348198665505</coordinates>
                    </LinearRing>
                  </outerBoundaryIs>
                </Polygon>
                <Polygon>
                  <altitudeMode>absolute</altitudeMode>
                  <outerBoundaryIs>
                    <LinearRing>
                      <coordinates>7.610344232558087,46.97455954924581,555.348198665505 7.610344232558087,46.97455954924581,584.4181986655051 7.6097632790545635,46.97455954924581,584.4181986655051 7.6097632790545635,46.97455954924581,555.348198665505</coordinates>
                    </LinearRing>
                  </outerBoundaryIs>
                </Polygon>
              </MultiGeometry>
            </Placemark>
          </Folder>
          <Folder>
            <name>E64: uss1 astm.f3548.v21.dss.queryOperationalIntentReferences</name>
            <Placemark>
              <name>area_of_interest</name>
              <styleUrl>#QueryArea</styleUrl>
              <description><![CDATA[<ul><li>uss1's Accepted 44b335ce-cfa2-44bf-8fcd-50fc07b4d784[1]</li><li>uss2's Accepted 899bbaf3-f894-48bb-9b43-460c9e8eef47[1]</li></ul>]]></description>
              <TimeSpan>
                <begin>2026-10-07T03:45:10.728305+00:00</begin>
                <end>2026-10-07T04:30:11.728305+00:00</end>
              </TimeSpan>
              <MultiGeometry>
                <Polygon>
                  <altitudeMode>absolute</altitudeMode>
                  <outerBoundaryIs>
                    <LinearRing>
                      <coordinates>7.6097632790545635,46.97455954924581,555.348198665505 7.6097632790545635,46.97530826770323,555.348198665505 7.610344232558087,46.97530826770323,555.348198665505 7.610344232558087,46.97455954924581,555.348198665505</coordinates>
                    </LinearRing>
                  </outerBoundaryIs>
                </Polygon>
                <Polygon>
                  <altitudeMode>absolute</altitudeMode>
                  <outerBoundaryIs>
                    <LinearRing>
                      <coordinates>7.6097632790545635,46.97455954924581,584.4181986655051 7.6097632790545635,46.97530826770323,584.4181986655051 7.610344232558087,46.97530826770323,584.4181986655051 7.610344232558087,46.97455954924581,584.4181986655051</coordinates>
                    </LinearRing>
                  </outerBoundaryIs>
                </Polygon>
                <Polygon>
                  <altitudeMode>absolute</altitudeMode>
                  <outerBoundaryIs>
                    <LinearRing>
                      <coordinates>7.6097632790545635,46.97455954924581,555.348198665505 7.6097632790545635,46.97455954924581,584.4181986655051 7.6097632790545635,46.97530826770323,584.4181986655051 7.6097632790545635,46.97530826770323,555.348198665505</coordinates>
                    </LinearRing>
                  </outerBoundaryIs>
                </Polygon>
                <Polygon>
                  <altitudeMode>absolute</altitudeMode>
                  <outerBoundaryIs>
                    <LinearRing>
                      <coordinates>7.6097632790545635,46.97530826770323,555.348198665505 7.6097632790545635,46.97530826770323,584.4181986655051 7.610344232558087,46.97530826770323,584.4181986655051 7.610344232558087,46.97530826770323,555.348198665505</coordinates>
                    </LinearRing>
                  </outerBoundaryIs>
                </Polygon>
                <Polygon>
                  <altitudeMode>absolute</altitudeMode>
                  <outerBoundaryIs>
                    <LinearRing>
                      <coordinates>7.610344232558087,46.97530826770323,555.348198665505 7.610344232558087,46.97530826770323,584.4181986655051 7.610344232558087,46.97455954924581,584.4181986655051 7.610344232558087,46.97455954924581,555.348198665505</coordinates>
                    </LinearRing>
                  </outerBoundaryIs>
                </Polygon>
                <Polygon>
                  <altitudeMode>absolute</altitudeMode>
                  <outerBoundaryIs>
                    <LinearRing>
                      <coordinates>7.610344232558087,46.97455954924581,555.348198665505 7.610344232558087,46.97455954924581,584.4181986655051 7.6097632790545635,46.97455954924581,584.4181986655051 7.6097632790545635,46.97455954924581,555.348198665505</coordinates>
                    </LinearRing>
                  </outerBoundaryIs>
                </Polygon>
              </MultiGeometry>
            </Placemark>
          </Folder>
          <Folder>
            <name>E68: uss1 astm.f3548.v21.uss.getOperationalIntentDetails</name>
            <Folder>
              <name>uss1's P100 Accepted 44b335ce-cfa2-44bf-8fcd-50fc07b4d784[1] @ jPg2zgbphV-F72Rq1YCyEbJa8INnZZgxRtZrEGskM.0_</name>
              <Placemark>
                <name>Nominal volume 0</name>
                <styleUrl>#F3548v21Accepted</styleUrl>
                <TimeSpan>
                  <begin>2026-10-07T03:45:11.761086+00:00</begin>
                  <end>2026-10-07T04:30:11.728305+00:00</end>
                </TimeSpan>
                <MultiGeometry>
                  <Polygon>
                    <altitudeMode>absolute</altitudeMode>
                    <outerBoundaryIs>
                      <LinearRing>
                        <coordinates>7.6097632790545635,46.97502046675935,555.3482426826405 7.610017359088783,46.97455954924581,555.3482426826405 7.610344232558087,46.974947178591606,555.3482426826405 7.610081589331281,46.97530826770323,555.3482426826405</coordinates>
                      </LinearRing>
                    </outerBoundaryIs>
                  </Polygon>
                  <Polygon>
                    <altitudeMode>absolute</altitudeMode>
                    <outerBoundaryIs>
                      <LinearRing>
                        <coordinates>7.6097632790545635,46.97502046675935,584.4182426826405 7.610017359088783,46.97455954924581,584.4182426826405 7.610344232558087,46.974947178591606,584.4182426826405 7.610081589331281,46.97530826770323,584.4182426826405</coordinates>
                      </LinearRing>
                    </outerBoundaryIs>
                  </Polygon>
                  <Polygon>
                    <altitudeMode>absolute</altitudeMode>
                    <outerBoundaryIs>
                      <LinearRing>
                        <coordinates>7.6097632790545635,46.97502046675935,555.3482426826405 7.6097632790545635,46.97502046675935,584.4182426826405 7.610017359088783,46.97455954924581,584.4182426826405 7.610017359088783,46.97455954924581,555.3482426826405</coordinates>
                      </LinearRing>
                    </outerBoundaryIs>
                  </Polygon>
                  <Polygon>
                    <altitudeMode>absolute</altitudeMode>
                    <outerBoundaryIs>
                      <LinearRing>
                        <coordinates>7.610017359088783,46.97455954924581,555.3482426826405 7.610017359088783,46.97455954924581,584.4182426826405 7.610344232558087,46.974947178591606,584.4182426826405 7.610344232558087,46.974947178591606,555.3482426826405</coordinates>
                      </LinearRing>
                    </outerBoundaryIs>
                  </Polygon>
                  <Polygon>
                    <altitudeMode>absolute</altitudeMode>
                    <outerBoundaryIs>
                      <LinearRing>
                        <coordinates>7.610344232558087,46.974947178591606,555.3482426826405 7.610344232558087,46.974947178591606,584.4182426826405 7.610081589331281,46.97530826770323,584.4182426826405 7.610081589331281,46.97530826770323,555.3482426826405</coordinates>
                      </LinearRing>
                    </outerBoundaryIs>
                  </Polygon>
                  <Polygon>
                    <altitudeMode>absolute</altitudeMode>
                    <outerBoundaryIs>
                      <LinearRing>
                        <coordinates>7.610081589331281,46.97530826770323,555.3482426826405 7.610081589331281,46.97530826770323,584.4182426826405 7.6097632790545635,46.97502046675935,584.4182426826405 7.6097632790545635,46.97502046675935,555.3482426826405</coordinates>
                      </LinearRing>
                    </outerBoundaryIs>
                  </Polygon>
                </MultiGeometry>
              </Placemark>
            </Folder>
          </Folder>
        </Folder>
        <Folder>
          <name>Check for conflict notifications</name>
        </Folder>
        <Folder>
          <name>Attempt to modify planned Flight 1 in conflict</name>
          <Folder>
            <name>E77: uss1 astm.f3548.v21.dss.queryOperationalIntentReferences</name>
            <Placemark>
              <name>area_of_interest</name>
              <styleUrl>#QueryArea</styleUrl>
              <description><![CDATA[<ul><li>uss1's Accepted 44b335ce-cfa2-44bf-8fcd-50fc07b4d784[1]</li><li>uss2's Accepted 899bbaf3-f894-48bb-9b43-460c9e8eef47[1]</li></ul>]]></description>
              <TimeSpan>
                <begin>2026-10-07T03:45:10.953327+00:00</begin>
                <end>2026-10-07T04:30:11.953327+00:00</end>
              </TimeSpan>
              <MultiGeometry>
                <Polygon>
                  <altitudeMode>absolute</altitudeMode>
                  <outerBoundaryIs>
                    <LinearRing>
                      <coordinates>7.609802179221222,46.974527407976495,526.3879643289417 7.609802179221222,46.974917716076675,526.3879643289417 7.610822051093243,46.974917716076675,526.3879643289417 7.610822051093243,46.974527407976495,526.3879643289417</coordinates>
                    </LinearRing>
                  </outerBoundaryIs>
                </Polygon>
                <Polygon>
                  <altitudeMode>absolute</altitudeMode>
                  <outerBoundaryIs>
                    <LinearRing>
                      <coordinates>7.609802179221222,46.974527407976495,586.4179643289417 7.609802179221222,46.974917716076675,586.4179643289417 7.610822051093243,46.974917716076675,586.4179643289417 7.610822051093243,46.974527407976495,586.4179643289417</coordinates>
                    </LinearRing>
                  </outerBoundaryIs>
                </Polygon>
                <Polygon>
                  <altitudeMode>absolute</altitudeMode>
                  <outerBoundaryIs>
                    <LinearRing>
                      <coordinates>7.609802179221222,46.974527407976495,526.3879643289417 7.609802179221222,46.974527407976495,586.4179643289417 7.609802179221222,46.974917716076675,586.4179643289417 7.609802179221222,46.974917716076675,526.3879643289417</coordinates>
                    </LinearRing>
                  </outerBoundaryIs>
                </Polygon>
                <Polygon>
                  <altitudeMode>absolute</altitudeMode>
                  <outerBoundaryIs>
                    <LinearRing>
                      <coordinates>7.609802179221222,46.974917716076675,526.3879643289417 7.609802179221222,46.974917716076675,586.4179643289417 7.610822051093243,46.974917716076675,586.4179643289417 7.610822051093243,46.974917716076675,526.3879643289417</coordinates>
                    </LinearRing>
                  </outerBoundaryIs>
                </Polygon>
                <Polygon>
                  <altitudeMode>absolute</altitudeMode>
                  <outerBoundaryIs>
                    <LinearRing>
                      <coordinates>7.610822051093243,46.974917716076675,526.3879643289417 7.610822051093243,46.974917716076675,586.4179643289417 7.610822051093243,46.974527407976495,586.4179643289417 7.610822051093243,46.974527407976495,526.3879643289417</coordinates>
                    </LinearRing>
                  </outerBoundaryIs>
                </Polygon>
                <Polygon>
                  <altitudeMode>absolute</altitudeMode>
                  <outerBoundaryIs>
                    <LinearRing>
                      <coordinates>7.610822051093243,46.974527407976495,526.3879643289417 7.610822051093243,46.974527407976495,586.4179643289417 7.609802179221222,46.974527407976495,586.4179643289417 7.609802179221222,46.974527407976495,526.3879643289417</coordinates>
                    </LinearRing>
                  </outerBoundaryIs>
                </Polygon>
              </MultiGeometry>
            </Placemark>
          </Folder>
          <Folder>
            <name>E82: uss1 astm.f3548.v21.dss.queryOperationalIntentReferences</name>
            <Placemark>
              <name>area_of_interest</name>
              <styleUrl>#QueryArea</styleUrl>
              <description><![CDATA[<ul><li>uss1's Accepted 44b335ce-cfa2-44bf-8fcd-50fc07b4d784[1]</li><li>uss2's Accepted 899bbaf3-f894-48bb-9b43-460c9e8eef47[1]</li></ul>]]></description>
              <TimeSpan>
                <begin>2026-10-07T03:45:10.953327+00:00</begin>
                <end>2026-10-07T04:30:11.953327+00:00</end>
              </TimeSpan>
              <MultiGeometry>
                <Polygon>
                  <altitudeMode>absolute</altitudeMode>
                  <outerBoundaryIs>
                    <LinearRing>
                      <coordinates>7.609802179221222,46.974527407976495,526.3879643289417 7.609802179221222,46.974917716076675,526.3879643289417 7.610822051093243,46.974917716076675,526.3879643289417 7.610822051093243,46.974527407976495,526.3879643289417</coordinates>
                    </LinearRing>
                  </outerBoundaryIs>
                </Polygon>
                <Polygon>
                  <altitudeMode>absolute</altitudeMode>
                  <outerBoundaryIs>
                    <LinearRing>
                      <coordinates>7.609802179221222,46.974527407976495,586.4179643289417 7.609802179221222,46.974917716076675,586.4179643289417 7.610822051093243,46.974917716076675,586.4179643289417 7.610822051093243,46.974527407976495,586.4179643289417</coordinates>
                    </LinearRing>
                  </outerBoundaryIs>
                </Polygon>
                <Polygon>
                  <altitudeMode>absolute</altitudeMode>
                  <outerBoundaryIs>
                    <LinearRing>
                      <coordinates>7.609802179221222,46.974527407976495,526.3879643289417 7.609802179221222,46.974527407976495,586.4179643289417 7.609802179221222,46.974917716076675,586.4179643289417 7.609802179221222,46.974917716076675,526.3879643289417</coordinates>
                    </LinearRing>
                  </outerBoundaryIs>
                </Polygon>
                <Polygon>
                  <altitudeMode>absolute</altitudeMode>
                  <outerBoundaryIs>
                    <LinearRing>
                      <coordinates>7.609802179221222,46.974917716076675,526.3879643289417 7.609802179221222,46.974917716076675,586.4179643289417 7.610822051093243,46.974917716076675,586.4179643289417 7.610822051093243,46.974917716076675,526.3879643289417</coordinates>
                    </LinearRing>
                  </outerBoundaryIs>
                </Polygon>
                <Polygon>
                  <altitudeMode>absolute</altitudeMode>
                  <outerBoundaryIs>
                    <LinearRing>
                      <coordinates>7.610822051093243,46.974917716076675,526.3879643289417 7.610822051093243,46.974917716076675,586.4179643289417 7.610822051093243,46.974527407976495,586.4179643289417 7.610822051093243,46.974527407976495,526.3879643289417</coordinates>
                    </LinearRing>
                  </outerBoundaryIs>
                </Polygon>
                <Polygon>
                  <altitudeMode>absolute</altitudeMode>
                  <outerBoundaryIs>
                    <LinearRing>
                      <coordinates>7.610822051093243,46.974527407976495,526.3879643289417 7.610822051093243,46.974527407976495,586.4179643289417 7.609802179221222,46.974527407976495,586.4179643289417 7.609802179221222,46.974527407976495,526.3879643289417</coordinates>
                    </LinearRing>
                  </outerBoundaryIs>
                </Polygon>
              </MultiGeometry>
            </Placemark>
          </Folder>
          <Folder>
            <name>E86: uss2 astm.f3548.v21.uss.getOperationalIntentDetails</name>
            <Folder>
              <name>uss2's P0 Accepted 899bbaf3-f894-48bb-9b43-460c9e8eef47[1] @ 3UhgXaUoK.ws2Rj10BjQyhcG0TLahVrkjahT2UkZaZo_</name>
              <Placemark>
                <name>Nominal volume 0</name>
                <styleUrl>#F3548v21Accepted</styleUrl>
                <TimeSpan>
                  <begin>2026-10-07T03:45:11.605973+00:00</begin>
                  <end>2026-10-07T04:30:11.574815+00:00</end>
                </TimeSpan>
                <MultiGeometry>
                  <Polygon>
                    <altitudeMode>absolute</altitudeMode>
                    <outerBoundaryIs>
                      <LinearRing>
                        <coordinates>7.609802179221222,46.97461822864128,556.4279858037298 7.609827869925489,46.974917716076675,556.4279858037298 7.6107788759673,46.97487973190337,556.4279858037298 7.610822051093243,46.974527407976495,556.4279858037298</coordinates>
                      </LinearRing>
                    </outerBoundaryIs>
                  </Polygon>
                  <Polygon>
                    <altitudeMode>absolute</altitudeMode>
                    <outerBoundaryIs>
                      <LinearRing>
                        <coordinates>7.609802179221222,46.97461822864128,586.4179858037298 7.609827869925489,46.974917716076675,586.4179858037298 7.6107788759673,46.97487973190337,586.4179858037298 7.610822051093243,46.974527407976495,586.4179858037298</coordinates>
                      </LinearRing>
                    </outerBoundaryIs>
                  </Polygon>
                  <Polygon>
                    <altitudeMode>absolute</altitudeMode>
                    <outerBoundaryIs>
                      <LinearRing>
                        <coordinates>7.609802179221222,46.97461822864128,556.4279858037298 7.609802179221222,46.97461822864128,586.4179858037298 7.609827869925489,46.974917716076675,586.4179858037298 7.609827869925489,46.974917716076675,556.4279858037298</coordinates>
                      </LinearRing>
                    </outerBoundaryIs>
                  </Polygon>
                  <Polygon>
                    <altitudeMode>absolute</altitudeMode>
                    <outerBoundaryIs>
                      <LinearRing>
                        <coordinates>7.609827869925489,46.974917716076675,556.4279858037298 7.609827869925489,46.974917716076675,586.4179858037298 7.6107788759673,46.97487973190337,586.4179858037298 7.6107788759673,46.97487973190337,556.4279858037298</coordinates>
                      </LinearRing>
                    </outerBoundaryIs>
                  </Polygon>
                  <Polygon>
                    <altitudeMode>absolute</altitudeMode>
                    <outerBoundaryIs>
                      <LinearRing>
                        <coordinates>7.6107788759673,46.97487973190337,556.4279858037298 7.6107788759673,46.97487973190337,586.4179858037298 7.610822051093243,46.974527407976495,586.4179858037298 7.610822051093243,46.974527407976495,556.4279858037298</coordinates>
                      </LinearRing>
                    </outerBoundaryIs>
                  </Polygon>
                  <Polygon>
                    <altitudeMode>absolute</altitudeMode>
                    <outerBoundaryIs>
                      <LinearRing>
                        <coordinates>7.610822051093243,46.974527407976495,556.4279858037298 7.610822051093243,46.974527407976495,586.4179858037298 7.609802179221222,46.97461822864128,586.4179858037298 7.609802179221222,46.97461822864128,556.4279858037298</coordinates>
                      </LinearRing>
                    </outerBoundaryIs>
                  </Polygon>
                </MultiGeometry>
              </Placemark>
            </Folder>
          </Folder>
        </Folder>
      </Folder>
      <Folder>
        <name>Attempt to activate flight in conflict</name>
        <Folder>
          <name>Attempt to activate conflicting Flight 1</name>
          <Folder>
            <name>E95: uss1 astm.f3548.v21.dss.queryOperationalIntentReferences</name>
            <Placemark>
              <name>area_of_interest</name>
              <styleUrl>#QueryArea</styleUrl>
              <description><![CDATA[<ul><li>uss1's Accepted 44b335ce-cfa2-44bf-8fcd-50fc07b4d784[1]</li><li>uss2's Accepted 899bbaf3-f894-48bb-9b43-460c9e8eef47[1]</li></ul>]]></description>
              <TimeSpan>
                <begin>2026-10-07T03:45:11.099468+00:00</begin>
                <end>2026-10-07T04:30:12.099468+00:00</end>
              </TimeSpan>
              <MultiGeometry>
                <Polygon>
                  <altitudeMode>absolute</altitudeMode>
                  <outerBoundaryIs>
                    <LinearRing>
                      <coordinates>7.609802179221222,46.974527407976495,556.4279643289417 7.609802179221222,46.974917716076675,556.4279643289417 7.610822051093243,46.974917716076675,556.4279643289417 7.610822051093243,46.974527407976495,556.4279643289417</coordinates>
                    </LinearRing>
                  </outerBoundaryIs>
                </Polygon>
                <Polygon>
                  <altitudeMode>absolute</altitudeMode>
                  <outerBoundaryIs>
                    <LinearRing>
                      <coordinates>7.609802179221222,46.974527407976495,586.4179643289417 7.609802179221222,46.974917716076675,586.4179643289417 7.610822051093243,46.974917716076675,586.4179643289417 7.610822051093243,46.974527407976495,586.4179643289417</coordinates>
                    </LinearRing>
                  </outerBoundaryIs>
                </Polygon>
                <Polygon>
                  <altitudeMode>absolute</altitudeMode>
                  <outerBoundaryIs>
                    <LinearRing>
                      <coordinates>7.609802179221222,46.974527407976495,556.4279643289417 7.609802179221222,46.974527407976495,586.4179643289417 7.609802179221222,46.974917716076675,586.4179643289417 7.609802179221222,46.974917716076675,556.4279643289417</coordinates>
                    </LinearRing>
                  </outerBoundaryIs>
                </Polygon>
                <Polygon>
                  <altitudeMode>absolute</altitudeMode>
                  <outerBoundaryIs>
                    <LinearRing>
                      <coordinates>7.609802179221222,46.974917716076675,556.4279643289417 7.609802179221222,46.974917716076675,586.4179643289417 7.610822051093243,46.974917716076675,586.4179643289417 7.610822051093243,46.974917716076675,556.4279643289417</coordinates>
                    </LinearRing>
                  </outerBoundaryIs>
                </Polygon>
                <Polygon>
                  <altitudeMode>absolute</altitudeMode>
                  <outerBoundaryIs>
                    <LinearRing>
                      <coordinates>7.610822051093243,46.974917716076675,556.4279643289417 7.610822051093243,46.974917716076675,586.4179643289417 7.610822051093243,46.974527407976495,586.4179643289417 7.610822051093243,46.974527407976495,556.4279643289417</coordinates>
                    </LinearRing>
                  </outerBoundaryIs>
                </Polygon>
                <Polygon>
                  <altitudeMode>absolute</altitudeMode>
                  <outerBoundaryIs>
                    <LinearRing>
                      <coordinates>7.610822051093243,46.974527407976495,556.4279643289417 7.610822051093243,46.974527407976495,586.4179643289417 7.609802179221222,46.974527407976495,586.4179643289417 7.609802179221222,46.974527407976495,556.4279643289417</coordinates>
                    </LinearRing>
                  </outerBoundaryIs>
                </Polygon>
              </MultiGeometry>
            </Placemark>
          </Folder>
          <Folder>
            <name>E100: uss1 astm.f3548.v21.dss.queryOperationalIntentReferences</name>
            <Placemark>
              <name>area_of_interest</name>
              <styleUrl>#QueryArea</styleUrl>
              <description><![CDATA[<ul><li>uss1's Accepted 44b335ce-cfa2-44bf-8fcd-50fc07b4d784[1]</li><li>uss2's Accepted 899bbaf3-f894-48bb-9b43-460c9e8eef47[1]</li></ul>]]></description>
              <TimeSpan>
                <begin>2026-10-07T03:45:11.099468+00:00</begin>
                <end>2026-10-07T04:30:12.099468+00:00</end>
              </TimeSpan>
              <MultiGeometry>
                <Polygon>
                  <altitudeMode>absolute</altitudeMode>
                  <outerBoundaryIs>
                    <LinearRing>
                      <coordinates>7.609802179221222,46.974527407976495,556.4279643289417 7.609802179221222,46.974917716076675,556.4279643289417 7.610822051093243,46.974917716076675,556.4279643289417 7.610822051093243,46.974527407976495,556.4279643289417</coordinates>
                    </LinearRing>
                  </outerBoundaryIs>
                </Polygon>
                <Polygon>
                  <altitudeMode>absolute</altitudeMode>
                  <outerBoundaryIs>
                    <LinearRing>
                      <coordinates>7.609802179221222,46.974527407976495,586.4179643289417 7.609802179221222,46.974917716076675,586.4179643289417 7.610822051093243,46.974917716076675,586.4179643289417 7.610822051093243,46.974527407976495,586.4179643289417</coordinates>
                    </LinearRing>
                  </outerBoundaryIs>
                </Polygon>
                <Polygon>
                  <altitudeMode>absolute</altitudeMode>
                  <outerBoundaryIs>
                    <LinearRing>
                      <coordinates>7.609802179221222,46.974527407976495,556.4279643289417 7.609802179221222,46.974527407976495,586.4179643289417 7.609802179221222,46.974917716076675,586.4179643289417 7.609802179221222,46.974917716076675,556.4279643289417</coordinates>
                    </LinearRing>
                  </outerBoundaryIs>
                </Polygon>
                <Polygon>
                  <altitudeMode>absolute</altitudeMode>
                  <outerBoundaryIs>
                    <LinearRing>
                      <coordinates>7.609802179221222,46.974917716076675,556.4279643289417 7.609802179221222,46.974917716076675,586.4179643289417 7.610822051093243,46.974917716076675,586.4179643289417 7.610822051093243,46.974917716076675,556.4279643289417</coordinates>
                    </LinearRing>
                  </outerBoundaryIs>
                </Polygon>
                <Polygon>
                  <altitudeMode>absolute</altitudeMode>
                  <outerBoundaryIs>
                    <LinearRing>
                      <coordinates>7.610822051093243,46.974917716076675,556.4279643289417 7.610822051093243,46.974917716076675,586.4179643289417 7.610822051093243,46.974527407976495,586.4179643289417 7.610822051093243,46.974527407976495,556.4279643289417</coordinates>
                    </LinearRing>
                  </outerBoundaryIs>
                </Polygon>
                <Polygon>
                  <altitudeMode>absolute</altitudeMode>
                  <outerBoundaryIs>
                    <LinearRing>
                      <coordinates>7.610822051093243,46.974527407976495,556.4279643289417 7.610822051093243,46.974527407976495,586.4179643289417 7.609802179221222,46.974527407976495,586.4179643289417 7.609802179221222,46.974527407976495,556.4279643289417</coordinates>
                    </LinearRing>
                  </outerBoundaryIs>
                </Polygon>
              </MultiGeometry>
            </Placemark>
          </Folder>
          <Folder>
            <name>E104: uss2 astm.f3548.v21.uss.getOperationalIntentDetails</name>
            <Folder>
              <name>uss2's P0 Accepted 899bbaf3-f894-48bb-9b43-460c9e8eef47[1] @ 3UhgXaUoK.ws2Rj10BjQyhcG0TLahVrkjahT2UkZaZo_</name>
              <Placemark>
                <name>Nominal volume 0</name>
                <styleUrl>#F3548v21Accepted</styleUrl>
                <TimeSpan>
                  <begin>2026-10-07T03:45:11.605973+00:00</begin>
                  <end>2026-10-07T04:30:11.574815+00:00</end>
                </TimeSpan>
                <MultiGeometry>
                  <Polygon>
                    <altitudeMode>absolute</altitudeMode>
                    <outerBoundaryIs>
                      <LinearRing>
                        <coordinates>7.609802179221222,46.97461822864128,556.4279858037298 7.609827869925489,46.974917716076675,556.4279858037298 7.6107788759673,46.97487973190337,556.4279858037298 7.610822051093243,46.974527407976495,556.4279858037298</coordinates>
                      </LinearRing>
                    </outerBoundaryIs>
                  </Polygon>
                  <Polygon>
                    <altitudeMode>absolute</altitudeMode>
                    <outerBoundaryIs>
                      <LinearRing>
                        <coordinates>7.609802179221222,46.97461822864128,586.4179858037298 7.609827869925489,46.974917716076675,586.4179858037298 7.6107788759673,46.97487973190337,586.4179858037298 7.610822051093243,46.974527407976495,586.4179858037298</coordinates>
                      </LinearRing>
                    </outerBoundaryIs>
                  </Polygon>
                  <Polygon>
                    <altitudeMode>absolute</altitudeMode>
                    <outerBoundaryIs>
                      <LinearRing>
                        <coordinates>7.609802179221222,46.97461822864128,556.4279858037298 7.609802179221222,46.97461822864128,586.4179858037298 7.609827869925489,46.974917716076675,586.4179858037298 7.609827869925489,46.974917716076675,556.4279858037298</coordinates>
                      </LinearRing>
                    </outerBoundaryIs>
                  </Polygon>
                  <Polygon>
                    <altitudeMode>absolute</altitudeMode>
                    <outerBoundaryIs>
                      <LinearRing>
                        <coordinates>7.609827869925489,46.974917716076675,556.4279858037298 7.609827869925489,46.974917716076675,586.4179858037298 7.6107788759673,46.97487973190337,586.4179858037298 7.6107788759673,46.97487973190337,556.4279858037298</coordinates>
                      </LinearRing>
                    </outerBoundaryIs>
                  </Polygon>
                  <Polygon>
                    <altitudeMode>absolute</altitudeMode>
                    <outerBoundaryIs>
                      <LinearRing>
                        <coordinates>7.6107788759673,46.97487973190337,556.4279858037298 7.6107788759673,46.97487973190337,586.4179858037298 7.610822051093243,46.974527407976495,586.4179858037298 7.610822051093243,46.974527407976495,556.4279858037298</coordinates>
                      </LinearRing>
                    </outerBoundaryIs>
                  </Polygon>
                  <Polygon>
                    <altitudeMode>absolute</altitudeMode>
                    <outerBoundaryIs>
                      <LinearRing>
                        <coordinates>7.610822051093243,46.974527407976495,556.4279858037298 7.610822051093243,46.974527407976495,586.4179858037298 7.609802179221222,46.97461822864128,586.4179858037298 7.609802179221222,46.97461822864128,556.4279858037298</coordinates>
                      </LinearRing>
                    </outerBoundaryIs>
                  </Polygon>
                </MultiGeometry>
              </Placemark>
            </Folder>
          </Folder>
        </Folder>
      </Folder>
      <Folder>
        <name>Modify activated flight with pre-existing conflict</name>
        <Folder>
          <name>Delete Flight 2</name>
        </Folder>
        <Folder>
          <name>Activate Flight 1</name>
          <Folder>
            <name>E115: uss1 astm.f3548.v21.dss.queryOperationalIntentReferences</name>
            <Placemark>
              <name>area_of_interest</name>
              <styleUrl>#QueryArea</styleUrl>
              <description><![CDATA[<ul><li>uss2's Accepted 899bbaf3-f894-48bb-9b43-460c9e8eef47[1]</li></ul>]]></description>
              <TimeSpan>
                <begin>2026-10-07T03:45:11.309485+00:00</begin>
                <end>2026-10-07T04:30:12.309485+00:00</end>
              </TimeSpan>
              <MultiGeometry>
                <Polygon>
                  <altitudeMode>absolute</altitudeMode>
                  <outerBoundaryIs>
                    <LinearRing>
                      <coordinates>7.609802179221222,46.974527407976495,556.4379643289417 7.609802179221222,46.974917716076675,556.4379643289417 7.610822051093243,46.974917716076675,556.4379643289417 7.610822051093243,46.974527407976495,556.4379643289417</coordinates>
                    </LinearRing>
                  </outerBoundaryIs>
                </Polygon>
                <Polygon>
                  <altitudeMode>absolute</altitudeMode>
                  <outerBoundaryIs>
                    <LinearRing>
                      <coordinates>7.609802179221222,46.974527407976495,586.4179643289417 7.609802179221222,46.974917716076675,586.4179643289417 7.610822051093243,46.974917716076675,586.4179643289417 7.610822051093243,46.974527407976495,586.4179643289417</coordinates>
                    </LinearRing>
                  </outerBoundaryIs>
                </Polygon>
                <Polygon>
                  <altitudeMode>absolute</altitudeMode>
                  <outerBoundaryIs>
                    <LinearRing>
                      <coordinates>7.609802179221222,46.974527407976495,556.4379643289417 7.609802179221222,46.974527407976495,586.4179643289417 7.609802179221222,46.974917716076675,586.4179643289417 7.609802179221222,46.974917716076675,556.4379643289417</coordinates>
                    </LinearRing>
                  </outerBoundaryIs>
                </Polygon>
                <Polygon>
                  <altitudeMode>absolute</altitudeMode>
                  <outerBoundaryIs>
                    <LinearRing>
                      <coordinates>7.609802179221222,46.974917716076675,556.4379643289417 7.609802179221222,46.974917716076675,586.4179643289417 7.610822051093243,46.974917716076675,586.4179643289417 7.610822051093243,46.974917716076675,556.4379643289417</coordinates>
                    </LinearRing>
                  </outerBoundaryIs>
                </Polygon>
                <Polygon>
                  <altitudeMode>absolute</altitudeMode>
                  <outerBoundaryIs>
                    <LinearRing>
                      <coordinates>7.610822051093243,46.974917716076675,556.4379643289417 7.610822051093243,46.974917716076675,586.4179643289417 7.610822051093243,46.974527407976495,586.4179643289417 7.610822051093243,46.974527407976495,556.4379643289417</coordinates>
                    </LinearRing>
                  </outerBoundaryIs>
                </Polygon>
                <Polygon>
                  <altitudeMode>absolute</altitudeMode>
                  <outerBoundaryIs>
                    <LinearRing>
                      <coordinates>7.610822051093243,46.974527407976495,556.4379643289417 7.610822051093243,46.974527407976495,586.4179643289417 7.609802179221222,46.974527407976495,586.4179643289417 7.609802179221222,46.974527407976495,556.4379643289417</coordinates>
                    </LinearRing>
                  </outerBoundaryIs>
                </Polygon>
              </MultiGeometry>
            </Placemark>
          </Folder>
          <Folder>
            <name>E121: uss1 astm.f3548.v21.dss.queryOperationalIntentReferences</name>
            <Placemark>
              <name>area_of_interest</name>
              <styleUrl>#QueryArea</styleUrl>
              <description><![CDATA[<ul><li>uss2's Activated 899bbaf3-f894-48bb-9b43-460c9e8eef47[2]</li></ul>]]></description>
              <TimeSpan>
                <begin>2026-10-07T03:45:11.309485+00:00</begin>
                <end>2026-10-07T04:30:12.309485+00:00</end>
              </TimeSpan>
              <MultiGeometry>
                <Polygon>
                  <altitudeMode>absolute</altitudeMode>
                  <outerBoundaryIs>
                    <LinearRing>
                      <coordinates>7.609802179221222,46.974527407976495,556.4379643289417 7.609802179221222,46.974917716076675,556.4379643289417 7.610822051093243,46.974917716076675,556.4379643289417 7.610822051093243,46.974527407976495,556.4379643289417</coordinates>
                    </LinearRing>
                  </outerBoundaryIs>
                </Polygon>
                <Polygon>
                  <altitudeMode>absolute</altitudeMode>
                  <outerBoundaryIs>
                    <LinearRing>
                      <coordinates>7.609802179221222,46.974527407976495,586.4179643289417 7.609802179221222,46.974917716076675,586.4179643289417 7.610822051093243,46.974917716076675,586.4179643289417 7.610822051093243,46.974527407976495,586.4179643289417</coordinates>
                    </LinearRing>
                  </outerBoundaryIs>
                </Polygon>
                <Polygon>
                  <altitudeMode>absolute</altitudeMode>
                  <outerBoundaryIs>
                    <LinearRing>
                      <coordinates>7.609802179221222,46.974527407976495,556.4379643289417 7.609802179221222,46.974527407976495,586.4179643289417 7.609802179221222,46.974917716076675,586.4179643289417 7.609802179221222,46.974917716076675,556.4379643289417</coordinates>
                    </LinearRing>
                  </outerBoundaryIs>
                </Polygon>
                <Polygon>
                  <altitudeMode>absolute</altitudeMode>
                  <outerBoundaryIs>
                    <LinearRing>
                      <coordinates>7.609802179221222,46.974917716076675,556.4379643289417 7.609802179221222,46.974917716076675,586.4179643289417 7.610822051093243,46.974917716076675,586.4179643289417 7.610822051093243,46.974917716076675,556.4379643289417</coordinates>
                    </LinearRing>
                  </outerBoundaryIs>
                </Polygon>
                <Polygon>
                  <altitudeMode>absolute</altitudeMode>
                  <outerBoundaryIs>
                    <LinearRing>
                      <coordinates>7.610822051093243,46.974917716076675,556.4379643289417 7.610822051093243,46.974917716076675,586.4179643289417 7.610822051093243,46.974527407976495,586.4179643289417 7.610822051093243,46.974527407976495,556.4379643289417</coordinates>
                    </LinearRing>
                  </outerBoundaryIs>
                </Polygon>
                <Polygon>
                  <altitudeMode>absolute</altitudeMode>
                  <outerBoundaryIs>
                    <LinearRing>
                      <coordinates>7.610822051093243,46.974527407976495,556.4379643289417 7.610822051093243,46.974527407976495,586.4179643289417 7.609802179221222,46.974527407976495,586.4179643289417 7.609802179221222,46.974527407976495,556.4379643289417</coordinates>
                    </LinearRing>
                  </outerBoundaryIs>
                </Polygon>
              </MultiGeometry>
            </Placemark>
          </Folder>
          <Folder>
            <name>E126: uss2 astm.f3548.v21.uss.getOperationalIntentDetails</name>
            <Folder>
              <name>uss2's P0 Activated 899bbaf3-f894-48bb-9b43-460c9e8eef47[2] @ 4nlfpOo7UnJe35-LVr19aDr5csXBU.334vyEbKjqyqc_</name>
              <Placemark>
                <name>Nominal volume 0</name>
                <styleUrl>#F3548v21Activated</styleUrl>
                <TimeSpan>
                  <begin>2026-10-07T03:45:12.342344+00:00</begin>
                  <end>2026-10-07T04:30:12.309485+00:00</end>
                </TimeSpan>
                <MultiGeometry>
                  <Polygon>
                    <altitudeMode>absolute</altitudeMode>
                    <outerBoundaryIs>
                      <LinearRing>
                        <coordinates>7.609802179221222,46.97461822864128,556.4379858037298 7.609827869925489,46.974917716076675,556.4379858037298 7.6107788759673,46.97487973190337,556.4379858037298 7.610822051093243,46.974527407976495,556.4379858037298</coordinates>
                      </LinearRing>
                    </outerBoundaryIs>
                  </Polygon>
                  <Polygon>
                    <altitudeMode>absolute</altitudeMode>
                    <outerBoundaryIs>
                      <LinearRing>
                        <coordinates>7.609802179221222,46.97461822864128,586.4179858037298 7.609827869925489,46.974917716076675,586.4179858037298 7.6107788759673,46.97487973190337,586.4179858037298 7.610822051093243,46.974527407976495,586.4179858037298</coordinates>
                      </LinearRing>
                    </outerBoundaryIs>
                  </Polygon>
                  <Polygon>
                    <altitudeMode>absolute</altitudeMode>
                    <outerBoundaryIs>
                      <LinearRing>
                        <coordinates>7.609802179221222,46.97461822864128,556.4379858037298 7.609802179221222,46.97461822864128,586.4179858037298 7.609827869925489,46.974917716076675,586.4179858037298 7.609827869925489,46.974917716076675,556.4379858037298</coordinates>
                      </LinearRing>
                    </outerBoundaryIs>
                  </Polygon>
                  <Polygon>
                    <altitudeMode>absolute</altitudeMode>
                    <outerBoundaryIs>
                      <LinearRing>
                        <coordinates>7.609827869925489,46.974917716076675,556.4379858037298 7.609827869925489,46.974917716076675,586.4179858037298 7.6107788759673,46.97487973190337,586.4179858037298 7.6107788759673,46.97487973190337,556.4379858037298</coordinates>
                      </LinearRing>
                    </outerBoundaryIs>
                  </Polygon>
                  <Polygon>
                    <altitudeMode>absolute</altitudeMode>
                    <outerBoundaryIs>
                      <LinearRing>
                        <coordinates>7.6107788759673,46.97487973190337,556.4379858037298 7.6107788759673,46.97487973190337,586.4179858037298 7.610822051093243,46.974527407976495,586.4179858037298 7.610822051093243,46.974527407976495,556.4379858037298</coordinates>
                      </LinearRing>
                    </outerBoundaryIs>
                  </Polygon>
                  <Polygon>
                    <altitudeMode>absolute</altitudeMode>
                    <outerBoundaryIs>
                      <LinearRing>
                        <coordinates>7.610822051093243,46.974527407976495,556.4379858037298 7.610822051093243,46.974527407976495,586.4179858037298 7.609802179221222,46.97461822864128,586.4179858037298 7.609802179221222,46.97461822864128,556.4379858037298</coordinates>
                      </LinearRing>
                    </outerBoundaryIs>
                  </Polygon>
                </MultiGeometry>
              </Placemark>
            </Folder>
          </Folder>
        </Folder>
        <Folder>
          <name>Plan Flight 2</name>
          <Folder>
            <name>E135: uss1 astm.f3548.v21.dss.queryOperationalIntentReferences</name>
            <Placemark>
              <name>area_of_interest</name>
              <styleUrl>#QueryArea</styleUrl>
              <description><![CDATA[<ul><li>uss2's Activated 899bbaf3-f894-48bb-9b43-460c9e8eef47[2]</li></ul>]]></description>
              <TimeSpan>
                <begin>2026-10-07T03:45:11.508104+00:00</begin>
                <end>2026-10-07T04:30:12.508104+00:00</end>
              </TimeSpan>
              <MultiGeometry>
                <Polygon>
                  <altitudeMode>absolute</altitudeMode>
                  <outerBoundaryIs>
                    <LinearRing>
                      <coordinates>7.6097632790545635,46.97455954924581,555.348198665505 7.6097632790545635,46.97530826770323,555.348198665505 7.610344232558087,46.97530826770323,555.348198665505 7.610344232558087,46.97455954924581,555.348198665505</coordinates>
                    </LinearRing>
                  </outerBoundaryIs>
                </Polygon>
                <Polygon>
                  <altitudeMode>absolute</altitudeMode>
                  <outerBoundaryIs>
                    <LinearRing>
                      <coordinates>7.6097632790545635,46.97455954924581,584.4181986655051 7.6097632790545635,46.97530826770323,584.4181986655051 7.610344232558087,46.97530826770323,584.4181986655051 7.610344232558087,46.97455954924581,584.4181986655051</coordinates>
                    </LinearRing>
                  </outerBoundaryIs>
                </Polygon>
                <Polygon>
                  <altitudeMode>absolute</altitudeMode>
                  <outerBoundaryIs>
                    <LinearRing>
                      <coordinates>7.6097632790545635,46.97455954924581,555.348198665505 7.6097632790545635,46.97455954924581,584.4181986655051 7.6097632790545635,46.97530826770323,584.4181986655051 7.6097632790545635,46.97530826770323,555.348198665505</coordinates>
                    </LinearRing>
                  </outerBoundaryIs>
                </Polygon>
                <Polygon>
                  <altitudeMode>absolute</altitudeMode>
                  <outerBoundaryIs>
                    <LinearRing>
                      <coordinates>7.6097632790545635,46.97530826770323,555.348198665505 7.6097632790545635,46.97530826770323,584.4181986655051 7.610344232558087,46.97530826770323,584.4181986655051 7.610344232558087,46.97530826770323,555.348198665505</coordinates>
                    </LinearRing>
                  </outerBoundaryIs>
                </Polygon>
                <Polygon>
                  <altitudeMode>absolute</altitudeMode>
                  <outerBoundaryIs>
                    <LinearRing>
                      <coordinates>7.610344232558087,46.97530826770323,555.348198665505 7.610344232558087,46.97530826770323,584.4181986655051 7.610344232558087,46.97455954924581,584.4181986655051 7.610344232558087,46.97455954924581,555.348198665505</coordinates>
                    </LinearRing>
                  </outerBoundaryIs>
                </Polygon>
                <Polygon>
                  <altitudeMode>absolute</altitudeMode>
                  <outerBoundaryIs>
                    <LinearRing>
                      <coordinates>7.610344232558087,46.97455954924581,555.348198665505 7.610344232558087,46.97455954924581,584.4181986655051 7.6097632790545635,46.97455954924581,584.4181986655051 7.6097632790545635,46.97455954924581,555.348198665505</coordinates>
                    </LinearRing>
                  </outerBoundaryIs>
                </Polygon>
              </MultiGeometry>
            </Placemark>
          </Folder>
          <Folder>
            <name>E141: uss1 astm.f3548.v21.dss.queryOperationalIntentReferences</name>
            <Placemark>
              <name>area_of_interest</name>
              <styleUrl>#QueryArea</styleUrl>
              <description><![CDATA[<ul><li>uss1's Accepted 088d929d-3dd0-46a5-9cca-d8215be920c0[1]</li><li>uss2's Activated 899bbaf3-f894-48bb-9b43-460c9e8eef47[2]</li></ul>]]></description>
              <TimeSpan>
                <begin>2026-10-07T03:45:11.508104+00:00</begin>
                <end>2026-10-07T04:30:12.508104+00:00</end>
              </TimeSpan>
              <MultiGeometry>
                <Polygon>
                  <altitudeMode>absolute</altitudeMode>
                  <outerBoundaryIs>
                    <LinearRing>
                      <coordinates>7.6097632790545635,46.97455954924581,555.348198665505 7.6097632790545635,46.97530826770323,555.348198665505 7.610344232558087,46.97530826770323,555.348198665505 7.610344232558087,46.97455954924581,555.348198665505</coordinates>
                    </LinearRing>
                  </outerBoundaryIs>
                </Polygon>
                <Polygon>
                  <altitudeMode>absolute</altitudeMode>
                  <outerBoundaryIs>
                    <LinearRing>
                      <coordinates>7.6097632790545635,46.97455954924581,584.4181986655051 7.6097632790545635,46.97530826770323,584.4181986655051 7.610344232558087,46.97530826770323,584.4181986655051 7.610344232558087,46.97455954924581,584.4181986655051</coordinates>
                    </LinearRing>
                  </outerBoundaryIs>
                </Polygon>
                <Polygon>
                  <altitudeMode>absolute</altitudeMode>
                  <outerBoundaryIs>
                    <LinearRing>
                      <coordinates>7.6097632790545635,46.97455954924581,555.348198665505 7.6097632790545635,46.97455954924581,584.4181986655051 7.6097632790545635,46.97530826770323,584.4181986655051 7.6097632790545635,46.97530826770323,555.348198665505</coordinates>
                    </LinearRing>
                  </outerBoundaryIs>
                </Polygon>
                <Polygon>
                  <altitudeMode>absolute</altitudeMode>
                  <outerBoundaryIs>
                    <LinearRing>
                      <coordinates>7.6097632790545635,46.97530826770323,555.348198665505 7.6097632790545635,46.97530826770323,584.4181986655051 7.610344232558087,46.97530826770323,584.4181986655051 7.610344232558087,46.97530826770323,555.348198665505</coordinates>
                    </LinearRing>
                  </outerBoundaryIs>
                </Polygon>
                <Polygon>
                  <altitudeMode>absolute</altitudeMode>
                  <outerBoundaryIs>
                    <LinearRing>
                      <coordinates>7.610344232558087,46.97530826770323,555.348198665505 7.610344232558087,46.97530826770323,584.4181986655051 7.610344232558087,46.97455954924581,584.4181986655051 7.610344232558087,46.97455954924581,555.348198665505</coordinates>
                    </LinearRing>
                  </outerBoundaryIs>
                </Polygon>
                <Polygon>
                  <altitudeMode>absolute</altitudeMode>
                  <outerBoundaryIs>
                    <LinearRing>
                      <coordinates>7.610344232558087,46.97455954924581,555.348198665505 7.610344232558087,46.97455954924581,584.4181986655051 7.6097632790545635,46.97455954924581,584.4181986655051 7.6097632790545635,46.97455954924581,555.348198665505</coordinates>
                    </LinearRing>
                  </outerBoundaryIs>
                </Polygon>
              </MultiGeometry>
            </Placemark>
          </Folder>
          <Folder>
            <name>E145: uss1 astm.f3548.v21.uss.getOperationalIntentDetails</name>
            <Folder>
              <name>uss1's P100 Accepted 088d929d-3dd0-46a5-9cca-d8215be920c0[1] @ KKYVB6f7k6fpOvxLbeEvNrzybpa5irUoLAunwI0mW1I_</name>
              <Placemark>
                <name>Nominal volume 0</name>
                <styleUrl>#F3548v21Accepted</styleUrl>
                <TimeSpan>
                  <begin>2026-10-07T03:45:12.539334+00:00</begin>
                  <end>2026-10-07T04:30:12.508104+00:00</end>
                </TimeSpan>
                <MultiGeometry>
                  <Polygon>
                    <altitudeMode>absolute</altitudeMode>
                    <outerBoundaryIs>
                      <LinearRing>
                        <coordinates>7.6097632790545635,46.97502046675935,555.3482426826405 7.610017359088783,46.97455954924581,555.3482426826405 7.610344232558087,46.974947178591606,555.3482426826405 7.610081589331281,46.97530826770323,555.3482426826405</coordinates>
                      </LinearRing>
                    </outerBoundaryIs>
                  </Polygon>
                  <Polygon>
                    <altitudeMode>absolute</altitudeMode>
                    <outerBoundaryIs>
                      <LinearRing>
                        <coordinates>7.6097632790545635,46.97502046675935,584.4182426826405 7.610017359088783,46.97455954924581,584.4182426826405 7.610344232558087,46.974947178591606,584.4182426826405 7.610081589331281,46.97530826770323,584.4182426826405</coordinates>
                      </LinearRing>
                    </outerBoundaryIs>
                  </Polygon>
                  <Polygon>
                    <altitudeMode>absolute</altitudeMode>
                    <outerBoundaryIs>
                      <LinearRing>
                        <coordinates>7.6097632790545635,46.97502046675935,555.3482426826405 7.6097632790545635,46.97502046675935,584.4182426826405 7.610017359088783,46.97455954924581,584.4182426826405 7.610017359088783,46.97455954924581,555.3482426826405</coordinates>
                      </LinearRing>
                    </outerBoundaryIs>
                  </Polygon>
                  <Polygon>
                    <altitudeMode>absolute</altitudeMode>
                    <outerBoundaryIs>
                      <LinearRing>
                        <coordinates>7.610017359088783,46.97455954924581,555.3482426826405 7.610017359088783,46.97455954924581,584.4182426826405 7.610344232558087,46.974947178591606,584.4182426826405 7.610344232558087,46.974947178591606,555.3482426826405</coordinates>
                      </LinearRing>
                    </outerBoundaryIs>
                  </Polygon>
                  <Polygon>
                    <altitudeMode>absolute</altitudeMode>
                    <outerBoundaryIs>
                      <LinearRing>
                        <coordinates>7.610344232558087,46.974947178591606,555.3482426826405 7.610344232558087,46.974947178591606,584.4182426826405 7.610081589331281,46.97530826770323,584.4182426826405 7.610081589331281,46.97530826770323,555.3482426826405</coordinates>
                      </LinearRing>
                    </outerBoundaryIs>
                  </Polygon>
                  <Polygon>
                    <altitudeMode>absolute</altitudeMode>
                    <outerBoundaryIs>
                      <LinearRing>
                        <coordinates>7.610081589331281,46.97530826770323,555.3482426826405 7.610081589331281,46.97530826770323,584.4182426826405 7.6097632790545635,46.97502046675935,584.4182426826405 7.6097632790545635,46.97502046675935,555.3482426826405</coordinates>
                      </LinearRing>
                    </outerBoundaryIs>
                  </Polygon>
                </MultiGeometry>
              </Placemark>
            </Folder>
          </Folder>
        </Folder>
        <Folder>
          <name>Activate Flight 2</name>
          <Folder>
            <name>E158: uss1 astm.f3548.v21.dss.queryOperationalIntentReferences</name>
            <Placemark>
              <name>area_of_interest</name>
              <styleUrl>#QueryArea</styleUrl>
              <description><![CDATA[<ul><li>uss1's Accepted 088d929d-3dd0-46a5-9cca-d8215be920c0[1]</li><li>uss2's Activated 899bbaf3-f894-48bb-9b43-460c9e8eef47[2]</li></ul>]]></description>
              <TimeSpan>
                <begin>2026-10-07T03:45:11.720947+00:00</begin>
                <end>2026-10-07T04:30:12.720947+00:00</end>
              </TimeSpan>
              <MultiGeometry>
                <Polygon>
                  <altitudeMode>absolute</altitudeMode>
                  <outerBoundaryIs>
                    <LinearRing>
                      <coordinates>7.6097632790545635,46.97455954924581,556.4981986655051 7.6097632790545635,46.97530826770323,556.4981986655051 7.610344232558087,46.97530826770323,556.4981986655051 7.610344232558087,46.97455954924581,556.4981986655051</coordinates>
                    </LinearRing>
                  </outerBoundaryIs>
                </Polygon>
                <Polygon>
                  <altitudeMode>absolute</altitudeMode>
                  <outerBoundaryIs>
                    <LinearRing>
                      <coordinates>7.6097632790545635,46.97455954924581,584.4181986655051 7.6097632790545635,46.97530826770323,584.4181986655051 7.610344232558087,46.97530826770323,584.4181986655051 7.610344232558087,46.97455954924581,584.4181986655051</coordinates>
                    </LinearRing>
                  </outerBoundaryIs>
                </Polygon>
                <Polygon>
                  <altitudeMode>absolute</altitudeMode>
                  <outerBoundaryIs>
                    <LinearRing>
                      <coordinates>7.6097632790545635,46.97455954924581,556.4981986655051 7.6097632790545635,46.97455954924581,584.4181986655051 7.6097632790545635,46.97530826770323,584.4181986655051 7.6097632790545635,46.97530826770323,556.4981986655051</coordinates>
                    </LinearRing>
                  </outerBoundaryIs>
                </Polygon>
                <Polygon>
                  <altitudeMode>absolute</altitudeMode>
                  <outerBoundaryIs>
                    <LinearRing>
                      <coordinates>7.6097632790545635,46.97530826770323,556.4981986655051 7.6097632790545635,46.97530826770323,584.4181986655051 7.610344232558087,46.97530826770323,584.4181986655051 7.610344232558087,46.97530826770323,556.4981986655051</coordinates>
                    </LinearRing>
                  </outerBoundaryIs>
                </Polygon>
                <Polygon>
                  <altitudeMode>absolute</altitudeMode>
                  <outerBoundaryIs>
                    <LinearRing>
                      <coordinates>7.610344232558087,46.97530826770323,556.4981986655051 7.610344232558087,46.97530826770323,584.4181986655051 7.610344232558087,46.97455954924581,584.4181986655051 7.610344232558087,46.97455954924581,556.4981986655051</coordinates>
                    </LinearRing>
                  </outerBoundaryIs>
                </Polygon>
                <Polygon>
                  <altitudeMode>absolute</altitudeMode>
                  <outerBoundaryIs>
                    <LinearRing>
                      <coordinates>7.610344232558087,46.97455954924581,556.4981986655051 7.610344232558087,46.97455954924581,584.4181986655051 7.6097632790545635,46.97455954924581,584.4181986655051 7.6097632790545635,46.97455954924581,556.4981986655051</coordinates>
                    </LinearRing>
                  </outerBoundaryIs>
                </Polygon>
              </MultiGeometry>
            </Placemark>
          </Folder>
          <Folder>
            <name>E164: uss1 astm.f3548.v21.dss.queryOperationalIntentReferences</name>
            <Placemark>
              <name>area_of_interest</name>
              <styleUrl>#QueryArea</styleUrl>
              <description><![CDATA[<ul><li>uss1's Activated 088d929d-3dd0-46a5-9cca-d8215be920c0[2]</li><li>uss2's Activated 899bbaf3-f894-48bb-9b43-460c9e8eef47[2]</li></ul>]]></description>
              <TimeSpan>
                <begin>2026-10-07T03:45:11.720947+00:00</begin>
                <end>2026-10-07T04:30:12.720947+00:00</end>
              </TimeSpan>
              <MultiGeometry>
                <Polygon>
                  <altitudeMode>absolute</altitudeMode>
                  <outerBoundaryIs>
                    <LinearRing>
                      <coordinates>7.6097632790545635,46.97455954924581,556.4981986655051 7.6097632790545635,46.97530826770323,556.4981986655051 7.610344232558087,46.97530826770323,556.4981986655051 7.610344232558087,46.97455954924581,556.4981986655051</coordinates>
                    </LinearRing>
                  </outerBoundaryIs>
                </Polygon>
                <Polygon>
                  <altitudeMode>absolute</altitudeMode>
                  <outerBoundaryIs>
                    <LinearRing>
                      <coordinates>7.6097632790545635,46.97455954924581,584.4181986655051 7.6097632790545635,46.97530826770323,584.4181986655051 7.610344232558087,46.97530826770323,584.4181986655051 7.610344232558087,46.97455954924581,584.4181986655051</coordinates>
                    </LinearRing>
                  </outerBoundaryIs>
                </Polygon>
                <Polygon>
                  <altitudeMode>absolute</altitudeMode>
                  <outerBoundaryIs>
                    <LinearRing>
                      <coordinates>7.6097632790545635,46.97455954924581,556.4981986655051 7.6097632790545635,46.97455954924581,584.4181986655051 7.6097632790545635,46.97530826770323,584.4181986655051 7.6097632790545635,46.97530826770323,556.4981986655051</coordinates>
                    </LinearRing>
                  </outerBoundaryIs>
                </Polygon>
                <Polygon>
                  <altitudeMode>absolute</altitudeMode>
                  <outerBoundaryIs>
                    <LinearRing>
                      <coordinates>7.6097632790545635,46.97530826770323,556.4981986655051 7.6097632790545635,46.97530826770323,584.4181986655051 7.610344232558087,46.97530826770323,584.4181986655051 7.610344232558087,46.97530826770323,556.4981986655051</coordinates>
                    </LinearRing>
                  </outerBoundaryIs>
                </Polygon>
                <Polygon>
                  <altitudeMode>absolute</altitudeMode>
                  <outerBoundaryIs>
                    <LinearRing>
                      <coordinates>7.610344232558087,46.97530826770323,556.4981986655051 7.610344232558087,46.97530826770323,584.4181986655051 7.610344232558087,46.97455954924581,584.4181986655051 7.610344232558087,46.97455954924581,556.4981986655051</coordinates>
                    </LinearRing>
                  </outerBoundaryIs>
                </Polygon>
                <Polygon>
                  <altitudeMode>absolute</altitudeMode>
                  <outerBoundaryIs>
                    <LinearRing>
                      <coordinates>7.610344232558087,46.97455954924581,556.4981986655051 7.610344232558087,46.97455954924581,584.4181986655051 7.6097632790545635,46.97455954924581,584.4181986655051 7.6097632790545635,46.97455954924581,556.4981986655051</coordinates>
                    </LinearRing>
                  </outerBoundaryIs>
                </Polygon>
              </MultiGeometry>
            </Placemark>
          </Folder>
          <Folder>
            <name>E169: uss1 astm.f3548.v21.uss.getOperationalIntentDetails</name>
            <Folder>
              <name>uss1's P100 Activated 088d929d-3dd0-46a5-9cca-d8215be920c0[2] @ DZTLKDawEp9j8ZDdRdcuVwzK0UtdiEs7t5RSx8ac5Fw_</name>
              <Placemark>
                <name>Nominal volume 0</name>
                <styleUrl>#F3548v21Activated</styleUrl>
                <TimeSpan>
                  <begin>2026-10-07T03:45:12.760037+00:00</begin>
                  <end>2026-10-07T04:30:12.720947+00:00</end>
                </TimeSpan>
                <MultiGeometry>
                  <Polygon>
                    <altitudeMode>absolute</altitudeMode>
                    <outerBoundaryIs>
                      <LinearRing>
                        <coordinates>7.6097632790545635,46.97502046675935,556.4982426826406 7.610017359088783,46.97455954924581,556.4982426826406 7.610344232558087,46.974947178591606,556.4982426826406 7.610081589331281,46.97530826770323,556.4982426826406</coordinates>
                      </LinearRing>
                    </outerBoundaryIs>
                  </Polygon>
                  <Polygon>
                    <altitudeMode>absolute</altitudeMode>
                    <outerBoundaryIs>
                      <LinearRing>
                        <coordinates>7.6097632790545635,46.97502046675935,584.4182426826405 7.610017359088783,46.97455954924581,584.4182426826405 7.610344232558087,46.974947178591606,584.4182426826405 7.610081589331281,46.97530826770323,584.4182426826405</coordinates>
                      </LinearRing>
                    </outerBoundaryIs>
                  </Polygon>
                  <Polygon>
                    <altitudeMode>absolute</altitudeMode>
                    <outerBoundaryIs>
                      <LinearRing>
                        <coordinates>7.6097632790545635,46.97502046675935,556.4982426826406 7.6097632790545635,46.97502046675935,584.4182426826405 7.610017359088783,46.97455954924581,584.4182426826405 7.610017359088783,46.97455954924581,556.4982426826406</coordinates>
                      </LinearRing>
                    </outerBoundaryIs>
                  </Polygon>
                  <Polygon>
                    <altitudeMode>absolute</altitudeMode>
                    <outerBoundaryIs>
                      <LinearRing>
                        <coordinates>7.610017359088783,46.97455954924581,556.4982426826406 7.610017359088783,46.97455954924581,584.4182426826405 7.610344232558087,46.974947178591606,584.4182426826405 7.610344232558087,46.974947178591606,556.4982426826406</coordinates>
                      </LinearRing>
                    </outerBoundaryIs>
                  </Polygon>
                  <Polygon>
                    <altitudeMode>absolute</altitudeMode>
                    <outerBoundaryIs>
                      <LinearRing>
                        <coordinates>7.610344232558087,46.974947178591606,556.4982426826406 7.610344232558087,46.974947178591606,584.4182426826405 7.610081589331281,46.97530826770323,584.4182426826405 7.610081589331281,46.97530826770323,556.4982426826406</coordinates>
                      </LinearRing>
                    </outerBoundaryIs>
                  </Polygon>
                  <Polygon>
                    <altitudeMode>absolute</altitudeMode>
                    <outerBoundaryIs>
                      <LinearRing>
                        <coordinates>7.610081589331281,46.97530826770323,556.4982426826406 7.610081589331281,46.97530826770323,584.4182426826405 7.6097632790545635,46.97502046675935,584.4182426826405 7.6097632790545635,46.97502046675935,556.4982426826406</coordinates>
                      </LinearRing>
                    </outerBoundaryIs>
                  </Polygon>
                </MultiGeometry>
              </Placemark>
            </Folder>
          </Folder>
        </Folder>
        <Folder>
          <name>Check for conflict notifications</name>
        </Folder>
        <Folder>
          <name>Modify activated Flight 1 in conflict with activated Flight 2</name>
          <Folder>
            <name>E178: uss1 astm.f3548.v21.dss.queryOperationalIntentReferences</name>
            <Placemark>
              <name>area_of_interest</name>
              <styleUrl>#QueryArea</styleUrl>
              <description><![CDATA[<ul><li>uss1's Activated 088d929d-3dd0-46a5-9cca-d8215be920c0[2]</li><li>uss2's Activated 899bbaf3-f894-48bb-9b43-460c9e8eef47[2]</li></ul>]]></description>
              <TimeSpan>
                <begin>2026-10-07T03:45:11.938675+00:00</begin>
                <end>2026-10-07T04:30:12.938675+00:00</end>
              </TimeSpan>
              <MultiGeometry>
                <Polygon>
                  <altitudeMode>absolute</altitudeMode>
                  <outerBoundaryIs>
                    <LinearRing>
                      <coordinates>7.609802179221222,46.974527407976495,526.3679643289418 7.609802179221222,46.974917716076675,526.3679643289418 7.610822051093243,46.974917716076675,526.3679643289418 7.610822051093243,46.974527407976495,526.3679643289418</coordinates>
                    </LinearRing>
                  </outerBoundaryIs>
                </Polygon>
                <Polygon>
                  <altitudeMode>absolute</altitudeMode>
                  <outerBoundaryIs>
                    <LinearRing>
                      <coordinates>7.609802179221222,46.974527407976495,586.4179643289417 7.609802179221222,46.974917716076675,586.4179643289417 7.610822051093243,46.974917716076675,586.4179643289417 7.610822051093243,46.974527407976495,586.4179643289417</coordinates>
                    </LinearRing>
                  </outerBoundaryIs>
                </Polygon>
                <Polygon>
                  <altitudeMode>absolute</altitudeMode>
                  <outerBoundaryIs>
                    <LinearRing>
                      <coordinates>7.609802179221222,46.974527407976495,526.3679643289418 7.609802179221222,46.974527407976495,586.4179643289417 7.609802179221222,46.974917716076675,586.4179643289417 7.609802179221222,46.974917716076675,526.3679643289418</coordinates>
                    </LinearRing>
                  </outerBoundaryIs>
                </Polygon>
                <Polygon>
                  <altitudeMode>absolute</altitudeMode>
                  <outerBoundaryIs>
                    <LinearRing>
                      <coordinates>7.609802179221222,46.974917716076675,526.3679643289418 7.609802179221222,46.974917716076675,586.4179643289417 7.610822051093243,46.974917716076675,586.4179643289417 7.610822051093243,46.974917716076675,526.3679643289418</coordinates>
                    </LinearRing>
                  </outerBoundaryIs>
                </Polygon>
                <Polygon>
                  <altitudeMode>absolute</altitudeMode>
                  <outerBoundaryIs>
                    <LinearRing>
                      <coordinates>7.610822051093243,46.974917716076675,526.3679643289418 7.610822051093243,46.974917716076675,586.4179643289417 7.610822051093243,46.974527407976495,586.4179643289417 7.610822051093243,46.974527407976495,526.3679643289418</coordinates>
                    </LinearRing>
                  </outerBoundaryIs>
                </Polygon>
                <Polygon>
                  <altitudeMode>absolute</altitudeMode>
                  <outerBoundaryIs>
                    <LinearRing>
                      <coordinates>7.610822051093243,46.974527407976495,526.3679643289418 7.610822051093243,46.974527407976495,586.4179643289417 7.609802179221222,46.974527407976495,586.4179643289417 7.609802179221222,46.974527407976495,526.3679643289418</coordinates>
                    </LinearRing>
                  </outerBoundaryIs>
                </Polygon>
              </MultiGeometry>
            </Placemark>
          </Folder>
          <Folder>
            <name>E185: uss1 astm.f3548.v21.dss.queryOperationalIntentReferences</name>
            <Placemark>
              <name>area_of_interest</name>
              <styleUrl>#QueryArea</styleUrl>
              <description><![CDATA[<ul><li>uss1's Activated 088d929d-3dd0-46a5-9cca-d8215be920c0[2]</li><li>uss2's Activated 899bbaf3-f894-48bb-9b43-460c9e8eef47[3]</li></ul>]]></description>
              <TimeSpan>
                <begin>2026-10-07T03:45:11.938675+00:00</begin>
                <end>2026-10-07T04:30:12.938675+00:00</end>
              </TimeSpan>
              <MultiGeometry>
                <Polygon>
                  <altitudeMode>absolute</altitudeMode>
                  <outerBoundaryIs>
                    <LinearRing>
                      <coordinates>7.609802179221222,46.974527407976495,526.3679643289418 7.609802179221222,46.974917716076675,526.3679643289418 7.610822051093243,46.974917716076675,526.3679643289418 7.610822051093243,46.974527407976495,526.3679643289418</coordinates>
                    </LinearRing>
                  </outerBoundaryIs>
                </Polygon>
                <Polygon>
                  <altitudeMode>absolute</altitudeMode>
                  <outerBoundaryIs>
                    <LinearRing>
                      <coordinates>7.609802179221222,46.974527407976495,586.4179643289417 7.609802179221222,46.974917716076675,586.4179643289417 7.610822051093243,46.974917716076675,586.4179643289417 7.610822051093243,46.974527407976495,586.4179643289417</coordinates>
                    </LinearRing>
                  </outerBoundaryIs>
                </Polygon>
                <Polygon>
                  <altitudeMode>absolute</altitudeMode>
                  <outerBoundaryIs>
                    <LinearRing>
                      <coordinates>7.609802179221222,46.974527407976495,526.3679643289418 7.609802179221222,46.974527407976495,586.4179643289417 7.609802179221222,46.974917716076675,586.4179643289417 7.609802179221222,46.974917716076675,526.3679643289418</coordinates>
                    </LinearRing>
                  </outerBoundaryIs>
                </Polygon>
                <Polygon>
                  <altitudeMode>absolute</altitudeMode>
                  <outerBoundaryIs>
                    <LinearRing>
                      <coordinates>7.609802179221222,46.974917716076675,526.3679643289418 7.609802179221222,46.974917716076675,586.4179643289417 7.610822051093243,46.974917716076675,586.4179643289417 7.610822051093243,46.974917716076675,526.3679643289418</coordinates>
                    </LinearRing>
                  </outerBoundaryIs>
                </Polygon>
                <Polygon>
                  <altitudeMode>absolute</altitudeMode>
                  <outerBoundaryIs>
                    <LinearRing>
                      <coordinates>7.610822051093243,46.974917716076675,526.3679643289418 7.610822051093243,46.974917716076675,586.4179643289417 7.610822051093243,46.974527407976495,586.4179643289417 7.610822051093243,46.974527407976495,526.3679643289418</coordinates>
                    </LinearRing>
                  </outerBoundaryIs>
                </Polygon>
                <Polygon>
                  <altitudeMode>absolute</altitudeMode>
                  <outerBoundaryIs>
                    <LinearRing>
                      <coordinates>7.610822051093243,46.974527407976495,526.3679643289418 7.610822051093243,46.974527407976495,586.4179643289417 7.609802179221222,46.974527407976495,586.4179643289417 7.609802179221222,46.974527407976495,526.3679643289418</coordinates>
                    </LinearRing>
                  </outerBoundaryIs>
                </Polygon>
              </MultiGeometry>
            </Placemark>
          </Folder>
          <Folder>
            <name>E190: uss2 astm.f3548.v21.uss.getOperationalIntentDetails</name>
            <Folder>
              <name>uss2's P0 Activated 899bbaf3-f894-48bb-9b43-460c9e8eef47[3] @ JC327oLQyJb3hOqS5zGQVtdukVCDPjNVcTKWOJsojqo_</name>
              <Placemark>
                <name>Nominal volume 0</name>
                <styleUrl>#F3548v21Activated</styleUrl>
                <TimeSpan>
                  <begin>2026-10-07T03:45:12.976023+00:00</begin>
                  <end>2026-10-07T04:30:12.938675+00:00</end>
                </TimeSpan>
                <MultiGeometry>
                  <Polygon>
                    <altitudeMode>absolute</altitudeMode>
                    <outerBoundaryIs>
                      <LinearRing>
                        <coordinates>7.61016794889421,46.97460362035746,526.3680780310995 7.610193641639914,46.97490310771105,526.3680780310995 7.6107788759673,46.97487973190337,526.3680780310995 7.610822051093243,46.974527407976495,526.3680780310995</coordinates>
                      </LinearRing>
                    </outerBoundaryIs>
                  </Polygon>
                  <Polygon>
                    <altitudeMode>absolute</altitudeMode>
                    <outerBoundaryIs>
                      <LinearRing>
                        <coordinates>7.61016794889421,46.97460362035746,586.4180780310994 7.610193641639914,46.97490310771105,586.4180780310994 7.6107788759673,46.97487973190337,586.4180780310994 7.610822051093243,46.974527407976495,586.4180780310994</coordinates>
                      </LinearRing>
                    </outerBoundaryIs>
                  </Polygon>
                  <Polygon>
                    <altitudeMode>absolute</altitudeMode>
                    <outerBoundaryIs>
                      <LinearRing>
                        <coordinates>7.61016794889421,46.97460362035746,526.3680780310995 7.61016794889421,46.97460362035746,586.4180780310994 7.610193641639914,46.97490310771105,586.4180780310994 7.610193641639914,46.97490310771105,526.3680780310995</coordinates>
                      </LinearRing>
                    </outerBoundaryIs>
                  </Polygon>
                  <Polygon>
                    <altitudeMode>absolute</altitudeMode>
                    <outerBoundaryIs>
                      <LinearRing>
                        <coordinates>7.610193641639914,46.97490310771105,526.3680780310995 7.610193641639914,46.97490310771105,586.4180780310994 7.6107788759673,46.97487973190337,586.4180780310994 7.6107788759673,46.97487973190337,526.3680780310995</coordinates>
                      </LinearRing>
                    </outerBoundaryIs>
                  </Polygon>
                  <Polygon>
                    <altitudeMode>absolute</altitudeMode>
                    <outerBoundaryIs>
                      <LinearRing>
                        <coordinates>7.6107788759673,46.97487973190337,526.3680780310995 7.6107788759673,46.97487973190337,586.4180780310994 7.610822051093243,46.974527407976495,586.4180780310994 7.610822051093243,46.974527407976495,526.3680780310995</coordinates>
                      </LinearRing>
                    </outerBoundaryIs>
                  </Polygon>
                  <Polygon>
                    <altitudeMode>absolute</altitudeMode>
                    <outerBoundaryIs>
                      <LinearRing>
                        <coordinates>7.610822051093243,46.974527407976495,526.3680780310995 7.610822051093243,46.974527407976495,586.4180780310994 7.61016794889421,46.97460362035746,586.4180780310994 7.61016794889421,46.97460362035746,526.3680780310995</coordinates>
                      </LinearRing>
                    </outerBoundaryIs>
                  </Polygon>
                </MultiGeometry>
              </Placemark>
            </Folder>
          </Folder>
        </Folder>
      </Folder>
      <Folder>
        <name>Attempt to modify activated flight into conflict</name>
        <Folder>
          <name>Modify activated Flight 2 to not conflict with activated Flight 1</name>
          <Folder>
            <name>E199: uss1 astm.f3548.v21.dss.queryOperationalIntentReferences</name>
            <Placemark>
              <name>area_of_interest</name>
              <styleUrl>#QueryArea</styleUrl>
              <description><![CDATA[<ul><li>uss1's Activated 088d929d-3dd0-46a5-9cca-d8215be920c0[2]</li><li>uss2's Activated 899bbaf3-f894-48bb-9b43-460c9e8eef47[3]</li></ul>]]></description>
              <TimeSpan>
                <begin>2026-10-07T03:45:12.173878+00:00</begin>
                <end>2026-10-07T04:30:13.173878+00:00</end>
              </TimeSpan>
              <MultiGeometry>
                <Polygon>
                  <altitudeMode>absolute</altitudeMode>
                  <outerBoundaryIs>
                    <LinearRing>
                      <coordinates>7.6097632790545635,46.97493549067684,553.3286241566459 7.6097632790545635,46.97530826770323,553.3286241566459 7.610636849993973,46.97530826770323,553.3286241566459 7.610636849993973,46.97493549067684,553.3286241566459</coordinates>
                    </LinearRing>
                  </outerBoundaryIs>
                </Polygon>
                <Polygon>
                  <altitudeMode>absolute</altitudeMode>
                  <outerBoundaryIs>
                    <LinearRing>
                      <coordinates>7.6097632790545635,46.97493549067684,606.4186241566459 7.6097632790545635,46.97530826770323,606.4186241566459 7.610636849993973,46.97530826770323,606.4186241566459 7.610636849993973,46.97493549067684,606.4186241566459</coordinates>
                    </LinearRing>
                  </outerBoundaryIs>
                </Polygon>
                <Polygon>
                  <altitudeMode>absolute</altitudeMode>
                  <outerBoundaryIs>
                    <LinearRing>
                      <coordinates>7.6097632790545635,46.97493549067684,553.3286241566459 7.6097632790545635,46.97493549067684,606.4186241566459 7.6097632790545635,46.97530826770323,606.4186241566459 7.6097632790545635,46.97530826770323,553.3286241566459</coordinates>
                    </LinearRing>
                  </outerBoundaryIs>
                </Polygon>
                <Polygon>
                  <altitudeMode>absolute</altitudeMode>
                  <outerBoundaryIs>
                    <LinearRing>
                      <coordinates>7.6097632790545635,46.97530826770323,553.3286241566459 7.6097632790545635,46.97530826770323,606.4186241566459 7.610636849993973,46.97530826770323,606.4186241566459 7.610636849993973,46.97530826770323,553.3286241566459</coordinates>
                    </LinearRing>
                  </outerBoundaryIs>
                </Polygon>
                <Polygon>
                  <altitudeMode>absolute</altitudeMode>
                  <outerBoundaryIs>
                    <LinearRing>
                      <coordinates>7.610636849993973,46.97530826770323,553.3286241566459 7.610636849993973,46.97530826770323,606.4186241566459 7.610636849993973,46.97493549067684,606.4186241566459 7.610636849993973,46.97493549067684,553.3286241566459</coordinates>
                    </LinearRing>
                  </outerBoundaryIs>
                </Polygon>
                <Polygon>
                  <altitudeMode>absolute</altitudeMode>
                  <outerBoundaryIs>
                    <LinearRing>
                      <coordinates>7.610636849993973,46.97493549067684,553.3286241566459 7.610636849993973,46.97493549067684,606.4186241566459 7.6097632790545635,46.97493549067684,606.4186241566459 7.6097632790545635,46.97493549067684,553.3286241566459</coordinates>
                    </LinearRing>
                  </outerBoundaryIs>
                </Polygon>
              </MultiGeometry>
            </Placemark>
          </Folder>
          <Folder>
            <name>E205: uss1 astm.f3548.v21.dss.queryOperationalIntentReferences</name>
            <Placemark>
              <name>area_of_interest</name>
              <styleUrl>#QueryArea</styleUrl>
              <description><![CDATA[<ul><li>uss1's Activated 088d929d-3dd0-46a5-9cca-d8215be920c0[3]</li><li>uss2's Activated 899bbaf3-f894-48bb-9b43-460c9e8eef47[3]</li></ul>]]></description>
              <TimeSpan>
                <begin>2026-10-07T03:45:12.173878+00:00</begin>
                <end>2026-10-07T04:30:13.173878+00:00</end>
              </TimeSpan>
              <MultiGeometry>
                <Polygon>
                  <altitudeMode>absolute</altitudeMode>
                  <outerBoundaryIs>
                    <LinearRing>
                      <coordinates>7.6097632790545635,46.97493549067684,553.3286241566459 7.6097632790545635,46.97530826770323,553.3286241566459 7.610636849993973,46.97530826770323,553.3286241566459 7.610636849993973,46.97493549067684,553.3286241566459</coordinates>
                    </LinearRing>
                  </outerBoundaryIs>
                </Polygon>
                <Polygon>
                  <altitudeMode>absolute</altitudeMode>
                  <outerBoundaryIs>
                    <LinearRing>
                      <coordinates>7.6097632790545635,46.97493549067684,606.4186241566459 7.6097632790545635,46.97530826770323,606.4186241566459 7.610636849993973,46.97530826770323,606.4186241566459 7.610636849993973,46.97493549067684,606.4186241566459</coordinates>
                    </LinearRing>
                  </outerBoundaryIs>
                </Polygon>
                <Polygon>
                  <altitudeMode>absolute</altitudeMode>
                  <outerBoundaryIs>
                    <LinearRing>
                      <coordinates>7.6097632790545635,46.97493549067684,553.3286241566459 7.6097632790545635,46.97493549067684,606.4186241566459 7.6097632790545635,46.97530826770323,606.4186241566459 7.6097632790545635,46.97530826770323,553.3286241566459</coordinates>
                    </LinearRing>
                  </outerBoundaryIs>
                </Polygon>
                <Polygon>
                  <altitudeMode>absolute</altitudeMode>
                  <outerBoundaryIs>
                    <LinearRing>
                      <coordinates>7.6097632790545635,46.97530826770323,553.3286241566459 7.6097632790545635,46.97530826770323,606.4186241566459 7.610636849993973,46.97530826770323,606.4186241566459 7.610636849993973,46.97530826770323,553.3286241566459</coordinates>
                    </LinearRing>
                  </outerBoundaryIs>
                </Polygon>
                <Polygon>
                  <altitudeMode>absolute</altitudeMode>
                  <outerBoundaryIs>
                    <LinearRing>
                      <coordinates>7.610636849993973,46.97530826770323,553.3286241566459 7.610636849993973,46.97530826770323,606.4186241566459 7.610636849993973,46.97493549067684,606.4186241566459 7.610636849993973,46.97493549067684,553.3286241566459</coordinates>
                    </LinearRing>
                  </outerBoundaryIs>
                </Polygon>
                <Polygon>
                  <altitudeMode>absolute</altitudeMode>
                  <outerBoundaryIs>
                    <LinearRing>
                      <coordinates>7.610636849993973,46.97493549067684,553.3286241566459 7.610636849993973,46.97493549067684,606.4186241566459 7.6097632790545635,46.97493549067684,606.4186241566459 7.6097632790545635,46.97493549067684,553.3286241566459</coordinates>
                    </LinearRing>
                  </outerBoundaryIs>
                </Polygon>
              </MultiGeometry>
            </Placemark>
          </Folder>
          <Folder>
            <name>E210: uss1 astm.f3548.v21.uss.getOperationalIntentDetails</name>
            <Folder>
              <name>uss1's P100 Activated 088d929d-3dd0-46a5-9cca-d8215be920c0[3] @ ueDseWKWcyE09ui3Ag9nsyjt13uVxIJXIpjO-Lgrpr4_</name>
              <Placemark>
                <name>Nominal volume 0</name>
                <styleUrl>#F3548v21Activated</styleUrl>
                <TimeSpan>
                  <begin>2026-10-07T03:45:13.210107+00:00</begin>
                  <end>2026-10-07T04:30:13.173878+00:00</end>
                </TimeSpan>
                <MultiGeometry>
                  <Polygon>
                    <altitudeMode>absolute</altitudeMode>
                    <outerBoundaryIs>
                      <LinearRing>
                        <coordinates>7.6097632790545635,46.97502046675935,553.3285400109434 7.610636849993973,46.97493549067684,553.3285400109434 7.610081589331281,46.97530826770323,553.3285400109434</coordinates>
                      </LinearRing>
                    </outerBoundaryIs>
                  </Polygon>
                  <Polygon>
                    <altitudeMode>absolute</altitudeMode>
                    <outerBoundaryIs>
                      <LinearRing>
                        <coordinates>7.6097632790545635,46.97502046675935,606.4185400109434 7.610636849993973,46.97493549067684,606.4185400109434 7.610081589331281,46.97530826770323,606.4185400109434</coordinates>
                      </LinearRing>
                    </outerBoundaryIs>
                  </Polygon>
                  <Polygon>
                    <altitudeMode>absolute</altitudeMode>
                    <outerBoundaryIs>
                      <LinearRing>
                        <coordinates>7.6097632790545635,46.97502046675935,553.3285400109434 7.6097632790545635,46.97502046675935,606.4185400109434 7.610636849993973,46.97493549067684,606.4185400109434 7.610636849993973,46.97493549067684,553.3285400109434</coordinates>
                      </LinearRing>
                    </outerBoundaryIs>
                  </Polygon>
                  <Polygon>
                    <altitudeMode>absolute</altitudeMode>
                    <outerBoundaryIs>
                      <LinearRing>
                        <coordinates>7.610636849993973,46.97493549067684,553.3285400109434 7.610636849993973,46.97493549067684,606.4185400109434 7.610081589331281,46.97530826770323,606.4185400109434 7.610081589331281,46.97530826770323,553.3285400109434</coordinates>
                      </LinearRing>
                    </outerBoundaryIs>
                  </Polygon>
                  <Polygon>
                    <altitudeMode>absolute</altitudeMode>
                    <outerBoundaryIs>
                      <LinearRing>
                        <coordinates>7.610081589331281,46.97530826770323,553.3285400109434 7.610081589331281,46.97530826770323,606.4185400109434 7.6097632790545635,46.97502046675935,606.4185400109434 7.6097632790545635,46.97502046675935,553.3285400109434</coordinates>
                      </LinearRing>
                    </outerBoundaryIs>
                  </Polygon>
                </MultiGeometry>
              </Placemark>
            </Folder>
          </Folder>
        </Folder>
        <Folder>
          <name>Attempt to modify activated Flight 1 into conflict</name>
          <Folder>
            <name>E219: uss1 astm.f3548.v21.dss.queryOperationalIntentReferences</name>
            <Placemark>
              <name>area_of_interest</name>
              <styleUrl>#QueryArea</styleUrl>
              <description><![CDATA[<ul><li>uss1's Activated 088d929d-3dd0-46a5-9cca-d8215be920c0[3]</li><li>uss2's Activated 899bbaf3-f894-48bb-9b43-460c9e8eef47[3]</li></ul>]]></description>
              <TimeSpan>
                <begin>2026-10-07T03:45:12.401698+00:00</begin>
                <end>2026-10-07T04:30:13.401698+00:00</end>
              </TimeSpan>
              <MultiGeometry>
                <Polygon>
                  <altitudeMode>absolute</altitudeMode>
                  <outerBoundaryIs>
                    <LinearRing>
                      <coordinates>7.61016794889421,46.974527407976495,526.3684086773776 7.61016794889421,46.975290736555166,526.3684086773776 7.610822051093243,46.975290736555166,526.3684086773776 7.610822051093243,46.974527407976495,526.3684086773776</coordinates>
                    </LinearRing>
                  </outerBoundaryIs>
                </Polygon>
                <Polygon>
                  <altitudeMode>absolute</altitudeMode>
                  <outerBoundaryIs>
                    <LinearRing>
                      <coordinates>7.61016794889421,46.974527407976495,591.4184086773776 7.61016794889421,46.975290736555166,591.4184086773776 7.610822051093243,46.975290736555166,591.4184086773776 7.610822051093243,46.974527407976495,591.4184086773776</coordinates>
                    </LinearRing>
                  </outerBoundaryIs>
                </Polygon>
                <Polygon>
                  <altitudeMode>absolute</altitudeMode>
                  <outerBoundaryIs>
                    <LinearRing>
                      <coordinates>7.61016794889421,46.974527407976495,526.3684086773776 7.61016794889421,46.974527407976495,591.4184086773776 7.61016794889421,46.975290736555166,591.4184086773776 7.61016794889421,46.975290736555166,526.3684086773776</coordinates>
                    </LinearRing>
                  </outerBoundaryIs>
                </Polygon>
                <Polygon>
                  <altitudeMode>absolute</altitudeMode>
                  <outerBoundaryIs>
                    <LinearRing>
                      <coordinates>7.61016794889421,46.975290736555166,526.3684086773776 7.61016794889421,46.975290736555166,591.4184086773776 7.610822051093243,46.975290736555166,591.4184086773776 7.610822051093243,46.975290736555166,526.3684086773776</coordinates>
                    </LinearRing>
                  </outerBoundaryIs>
                </Polygon>
                <Polygon>
                  <altitudeMode>absolute</altitudeMode>
                  <outerBoundaryIs>
                    <LinearRing>
                      <coordinates>7.610822051093243,46.975290736555166,526.3684086773776 7.610822051093243,46.975290736555166,591.4184086773776 7.610822051093243,46.974527407976495,591.4184086773776 7.610822051093243,46.974527407976495,526.3684086773776</coordinates>
                    </LinearRing>
                  </outerBoundaryIs>
                </Polygon>
                <Polygon>
                  <altitudeMode>absolute</altitudeMode>
                  <outerBoundaryIs>
                    <LinearRing>
                      <coordinates>7.610822051093243,46.974527407976495,526.3684086773776 7.610822051093243,46.974527407976495,591.4184086773776 7.61016794889421,46.974527407976495,591.4184086773776 7.61016794889421,46.974527407976495,526.3684086773776</coordinates>
                    </LinearRing>
                  </outerBoundaryIs>
                </Polygon>
              </MultiGeometry>
            </Placemark>
          </Folder>
          <Folder>
            <name>E224: uss1 astm.f3548.v21.dss.queryOperationalIntentReferences</name>
            <Placemark>
              <name>area_of_interest</name>
              <styleUrl>#QueryArea</styleUrl>
              <description><![CDATA[<ul><li>uss1's Activated 088d929d-3dd0-46a5-9cca-d8215be920c0[3]</li><li>uss2's Activated 899bbaf3-f894-48bb-9b43-460c9e8eef47[3]</li></ul>]]></description>
              <TimeSpan>
                <begin>2026-10-07T03:45:12.401698+00:00</begin>
                <end>2026-10-07T04:30:13.401698+00:00</end>
              </TimeSpan>
              <MultiGeometry>
                <Polygon>
                  <altitudeMode>absolute</altitudeMode>
                  <outerBoundaryIs>
                    <LinearRing>
                      <coordinates>7.61016794889421,46.974527407976495,526.3684086773776 7.61016794889421,46.975290736555166,526.3684086773776 7.610822051093243,46.975290736555166,526.3684086773776 7.610822051093243,46.974527407976495,526.3684086773776</coordinates>
                    </LinearRing>
                  </outerBoundaryIs>
                </Polygon>
                <Polygon>
                  <altitudeMode>absolute</altitudeMode>
                  <outerBoundaryIs>
                    <LinearRing>
                      <coordinates>7.61016794889421,46.974527407976495,591.4184086773776 7.61016794889421,46.975290736555166,591.4184086773776 7.610822051093243,46.975290736555166,591.4184086773776 7.610822051093243,46.974527407976495,591.4184086773776</coordinates>
                    </LinearRing>
                  </outerBoundaryIs>
                </Polygon>
                <Polygon>
                  <altitudeMode>absolute</altitudeMode>
                  <outerBoundaryIs>
                    <LinearRing>
                      <coordinates>7.61016794889421,46.974527407976495,526.3684086773776 7.61016794889421,46.974527407976495,591.4184086773776 7.61016794889421,46.975290736555166,591.4184086773776 7.61016794889421,46.975290736555166,526.3684086773776</coordinates>
                    </LinearRing>
                  </outerBoundaryIs>
                </Polygon>
                <Polygon>
                  <altitudeMode>absolute</altitudeMode>
                  <outerBoundaryIs>
                    <LinearRing>
                      <coordinates>7.61016794889421,46.975290736555166,526.3684086773776 7.61016794889421,46.975290736555166,591.4184086773776 7.610822051093243,46.975290736555166,591.4184086773776 7.610822051093243,46.975290736555166,526.3684086773776</coordinates>
                    </LinearRing>
                  </outerBoundaryIs>
                </Polygon>
                <Polygon>
                  <altitudeMode>absolute</altitudeMode>
                  <outerBoundaryIs>
                    <LinearRing>
                      <coordinates>7.610822051093243,46.975290736555166,526.3684086773776 7.610822051093243,46.975290736555166,591.4184086773776 7.610822051093243,46.974527407976495,591.4184086773776 7.610822051093243,46.974527407976495,526.3684086773776</coordinates>
                    </LinearRing>
                  </outerBoundaryIs>
                </Polygon>
                <Polygon>
                  <altitudeMode>absolute</altitudeMode>
                  <outerBoundaryIs>
                    <LinearRing>
                      <coordinates>7.610822051093243,46.974527407976495,526.3684086773776 7.610822051093243,46.974527407976495,591.4184086773776 7.61016794889421,46.974527407976495,591.4184086773776 7.61016794889421,46.974527407976495,526.3684086773776</coordinates>
                    </LinearRing>
                  </outerBoundaryIs>
                </Polygon>
              </MultiGeometry>
            </Placemark>
          </Folder>
        </Folder>
      </Folder>
      <Folder>
        <name/>
        <Folder>
          <name>Cleanup</name>
        </Folder>
      </Folder>
    </Folder>
  </Document>
</kml>
