<kml xmlns="http://www.opengis.net/kml/2.2" xmlns:atom="http://www.w3.org/2005/Atom" xmlns:gx="http://www.google.com/kml/ext/2.2">
  <Document>
    <Style id="QueryArea">
      <LineStyle>
        <color>ffc0c000</color>
        <width>3</width>
      </LineStyle>
      <PolyStyle>
        <color>80ffffaa</color>
      </PolyStyle>
    </Style>
    <Style id="F3548v21Accepted">
      <LineStyle>
        <color>ff00c000</color>
        <width>3</width>
      </LineStyle>
      <PolyStyle>
        <color>80c0c0c0</color>
      </PolyStyle>
    </Style>
    <Style id="F3548v21Activated">
      <LineStyle>
        <color>ff00c000</color>
        <width>3</width>
      </LineStyle>
      <PolyStyle>
        <color>8000ff00</color>
      </PolyStyle>
    </Style>
    <Style id="F3548v21Nonconforming">
      <LineStyle>
        <color>ff00ffff</color>
        <width>5</width>
      </LineStyle>
      <PolyStyle>
        <color>8000ffff</color>
      </PolyStyle>
    </Style>
    <Style id="F3548v21Contingent">
      <LineStyle>
        <color>ff0000ff</color>
        <width>5</width>
      </LineStyle>
      <PolyStyle>
        <color>80ff0000ff</color>
      </PolyStyle>
    </Style>
    <Style id="F3548v21AcceptedFuture">
      <LineStyle>
        <color>80c0c0c0</color>
        <width>1</width>
      </LineStyle>
      <PolyStyle>
        <color>00000000</color>
      </PolyStyle>
    </Style>
    <Style id="F3548v21ActivatedFuture">
      <LineStyle>
        <color>8040c040</color>
        <width>1</width>
      </LineStyle>
      <PolyStyle>
        <color>00000000</color>
      </PolyStyle>
    </Style>
    <Style id="F3548v21NonconformingFuture">
      <LineStyle>
        <color>8000ffff</color>
        <width>1</width>
      </LineStyle>
      <PolyStyle>
        <color>00000000</color>
      </PolyStyle>
    </Style>
    <Style id="F3548v21ContingentFuture">
      <LineStyle>
        <color>80ff0000ff</color>
        <width>1</width>
      </LineStyle>
      <PolyStyle>
        <color>00000000</color>
      </PolyStyle>
    </Style>
    <Style id="Planned_Nominal">
      <LineStyle>
        <color>ff00c000</color>
        <width>3</width>
      </LineStyle>
      <PolyStyle>
        <color>80808080</color>
      </PolyStyle>
    </Style>
    <Style id="InUse_Nominal">
      <LineStyle>
        <color>ff00c000</color>
        <width>3</width>
      </LineStyle>
      <PolyStyle>
        <color>8000ff00</color>
      </PolyStyle>
    </Style>
    <Style id="InUse_OffNominal">
      <LineStyle>
        <color>ff00ffff</color>
        <width>5</width>
      </LineStyle>
      <PolyStyle>
        <color>8000ff00</color>
      </PolyStyle>
    </Style>
    <Style id="InUse_Contingent">
      <LineStyle>
        <color>ff0000ff</color>
        <width>5</width>
      </LineStyle>
      <PolyStyle>
        <color>8000ff00</color>
      </PolyStyle>
    </Style>
    <Style id="unmodifiedtelemetry">
      <IconStyle>
        <scale>1.4</scale>
        <Icon>
          <href>http://maps.google.com/mapfiles/kml/shapes/placemark_circle.png</href>
        </Icon>
      </IconStyle>
    </Style>
    <Style id="modifiedtelemetry">
      <IconStyle>
        <scale>1.4</scale>
        <Icon>
          <href>http://maps.google.com/mapfiles/kml/shapes/placemark_square.png</href>
        </Icon>
      </IconStyle>
    </Style>
    <Style id="aircraft">
      <IconStyle>
        <scale>1.4</scale>
        <Icon>
          <href>http://maps.google.com/mapfiles/kml/shapes/airports.png</href>
        </Icon>
      </IconStyle>
    </Style>
    <Folder>
      <name>Nominal planning: conflict with higher priority</name>
      <Folder>
        <name>Prerequisites check</name>
        <Folder>
          <name>Verify area is clear</name>
          <Folder>
            <name>E3: uss1_dss astm.f3548.v21.dss.queryOperationalIntentReferences</name>
            <Placemark>
              <name>area_of_interest</name>
              <styleUrl>#QueryArea</styleUrl>
              <description><![CDATA[(no operational intent references found)]]></description>
              <TimeSpan>
                <begin>2026-10-07T03:44:54.532465+00:00</begin>
                <end>2026-10-07T05:14:55.532465+00:00</end>
              </TimeSpan>
              <MultiGeometry>
                <Polygon>
                  <altitudeMode>absolute</altitudeMode>
                  <outerBoundaryIs>
                    <LinearRing>
                      <coordinates>-96.75899607628425,32.717772430826216,90.26734008821771 -96.75899607628425,32.718602737943755,90.26734008821771 -96.75793995876997,32.718602737943755,90.26734008821771 -96.75793995876997,32.717772430826216,90.26734008821771</coordinates>
                    </LinearRing>
                  </outerBoundaryIs>
                </Polygon>
                <Polygon>
                  <altitudeMode>absolute</altitudeMode>
                  <outerBoundaryIs>
                    <LinearRing>
                      <coordinates>-96.75899607628425,32.717772430826216,170.3173400882177 -96.75899607628425,32.718602737943755,170.3173400882177 -96.75793995876997,32.718602737943755,170.3173400882177 -96.75793995876997,32.717772430826216,170.3173400882177</coordinates>
                    </LinearRing>
                  </outerBoundaryIs>
                </Polygon>
                <Polygon>
                  <altitudeMode>absolute</altitudeMode>
                  <outerBoundaryIs>
                    <LinearRing>
                      <coordinates>-96.75899607628425,32.717772430826216,90.26734008821771 -96.75899607628425,32.717772430826216,170.3173400882177 -96.75899607628425,32.718602737943755,170.3173400882177 -96.75899607628425,32.718602737943755,90.26734008821771</coordinates>
                    </LinearRing>
                  </outerBoundaryIs>
                </Polygon>
                <Polygon>
                  <altitudeMode>absolute</altitudeMode>
                  <outerBoundaryIs>
                    <LinearRing>
                      <coordinates>-96.75899607628425,32.718602737943755,90.26734008821771 -96.75899607628425,32.718602737943755,170.3173400882177 -96.75793995876997,32.718602737943755,170.3173400882177 -96.75793995876997,32.718602737943755,90.26734008821771</coordinates>
                    </LinearRing>
                  </outerBoundaryIs>
                </Polygon>
                <Polygon>
                  <altitudeMode>absolute</altitudeMode>
                  <outerBoundaryIs>
                    <LinearRing>
                      <coordinates>-96.75793995876997,32.718602737943755,90.26734008821771 -96.75793995876997,32.718602737943755,170.3173400882177 -96.75793995876997,32.717772430826216,170.3173400882177 -96.75793995876997,32.717772430826216,90.26734008821771</coordinates>
                    </LinearRing>
                  </outerBoundaryIs>
                </Polygon>
                <Polygon>
                  <altitudeMode>absolute</altitudeMode>
                  <outerBoundaryIs>
                    <LinearRing>
                      <coordinates>-96.75793995876997,32.717772430826216,90.26734008821771 -96.75793995876997,32.717772430826216,170.3173400882177 -96.75899607628425,32.717772430826216,170.3173400882177 -96.75899607628425,32.717772430826216,90.26734008821771</coordinates>
                    </LinearRing>
                  </outerBoundaryIs>
                </Polygon>
              </MultiGeometry>
            </Placemark>
          </Folder>
        </Folder>
      </Folder>
      <Folder>
        <name>Attempt to plan flight in conflict</name>
        <Folder>
          <name>Plan Flight 2</name>
          <Folder>
            <name>E6: uss1_dss astm.f3548.v21.dss.queryOperationalIntentReferences</name>
            <Placemark>
              <name>area_of_interest</name>
              <styleUrl>#QueryArea</styleUrl>
              <description><![CDATA[(no operational intent references found)]]></description>
              <TimeSpan>
                <begin>2026-10-07T03:44:54.619818+00:00</begin>
                <end>2026-10-07T04:29:55.619818+00:00</end>
              </TimeSpan>
              <MultiGeometry>
                <Polygon>
                  <altitudeMode>absolute</altitudeMode>
                  <outerBoundaryIs>
                    <LinearRing>
                      <coordinates>-96.75899607628425,32.717821632855895,119.24813014424481 -96.75899607628425,32.718424015430124,119.24813014424481 -96.75846501195453,32.718424015430124,119.24813014424481 -96.75846501195453,32.717821632855895,119.24813014424481</coordinates>
                    </LinearRing>
                  </outerBoundaryIs>
                </Polygon>
                <Polygon>
                  <altitudeMode>absolute</altitudeMode>
                  <outerBoundaryIs>
                    <LinearRing>
                      <coordinates>-96.75899607628425,32.717821632855895,148.3181301442448 -96.75899607628425,32.718424015430124,148.3181301442448 -96.75846501195453,32.718424015430124,148.3181301442448 -96.75846501195453,32.717821632855895,148.3181301442448</coordinates>
                    </LinearRing>
                  </outerBoundaryIs>
                </Polygon>
                <Polygon>
                  <altitudeMode>absolute</altitudeMode>
                  <outerBoundaryIs>
                    <LinearRing>
                      <coordinates>-96.75899607628425,32.717821632855895,119.24813014424481 -96.75899607628425,32.717821632855895,148.3181301442448 -96.75899607628425,32.718424015430124,148.3181301442448 -96.75899607628425,32.718424015430124,119.24813014424481</coordinates>
                    </LinearRing>
                  </outerBoundaryIs>
                </Polygon>
                <Polygon>
                  <altitudeMode>absolute</altitudeMode>
                  <outerBoundaryIs>
                    <LinearRing>
                      <coordinates>-96.75899607628425,32.718424015430124,119.24813014424481 -96.75899607628425,32.718424015430124,148.3181301442448 -96.75846501195453,32.718424015430124,148.3181301442448 -96.75846501195453,32.718424015430124,119.24813014424481</coordinates>
                    </LinearRing>
                  </outerBoundaryIs>
                </Polygon>
                <Polygon>
                  <altitudeMode>absolute</altitudeMode>
                  <outerBoundaryIs>
                    <LinearRing>
                      <coordinates>-96.75846501195453,32.718424015430124,119.24813014424481 -96.75846501195453,32.718424015430124,148.3181301442448 -96.75846501195453,32.717821632855895,148.3181301442448 -96.75846501195453,32.717821632855895,119.24813014424481</coordinates>
                    </LinearRing>
                  </outerBoundaryIs>
                </Polygon>
                <Polygon>
                  <altitudeMode>absolute</altitudeMode>
                  <outerBoundaryIs>
                    <LinearRing>
                      <coordinates>-96.75846501195453,32.717821632855895,119.24813014424481 -96.75846501195453,32.717821632855895,148.3181301442448 -96.75899607628425,32.717821632855895,148.3181301442448 -96.75899607628425,32.717821632855895,119.24813014424481</coordinates>
                    </LinearRing>
                  </outerBoundaryIs>
                </Polygon>
              </MultiGeometry>
            </Placemark>
          </Folder>
          <Folder>
            <name>E8: uss1_core interuss.automated_testing.flight_planning.v1.UpsertFlightPlan</name>
            <Folder>
              <name>Activity Completed, flight Planned</name>
              <Placemark>
                <name>Volume 0</name>
                <styleUrl>#Planned_Nominal</styleUrl>
                <TimeSpan>
                  <begin>2026-10-07T03:44:54.619818+00:00</begin>
                  <end>2026-10-07T04:29:55.619818+00:00</end>
                </TimeSpan>
                <MultiGeometry>
                  <Polygon>
                    <altitudeMode>absolute</altitudeMode>
                    <outerBoundaryIs>
                      <LinearRing>
                        <coordinates>-96.75897457751377,32.718063914286866,119.2481663576577 -96.75846501195453,32.717821632855895,119.2481663576577 -96.7585573170772,32.71826205187992,119.2481663576577 -96.75899607628425,32.718424015430124,119.2481663576577</coordinates>
                      </LinearRing>
                    </outerBoundaryIs>
                  </Polygon>
                  <Polygon>
                    <altitudeMode>absolute</altitudeMode>
                    <outerBoundaryIs>
                      <LinearRing>
                        <coordinates>-96.75897457751377,32.718063914286866,148.3181663576577 -96.75846501195453,32.717821632855895,148.3181663576577 -96.7585573170772,32.71826205187992,148.3181663576577 -96.75899607628425,32.718424015430124,148.3181663576577</coordinates>
                      </LinearRing>
                    </outerBoundaryIs>
                  </Polygon>
                  <Polygon>
                    <altitudeMode>absolute</altitudeMode>
                    <outerBoundaryIs>
                      <LinearRing>
                        <coordinates>-96.75897457751377,32.718063914286866,119.2481663576577 -96.75897457751377,32.718063914286866,148.3181663576577 -96.75846501195453,32.717821632855895,148.3181663576577 -96.75846501195453,32.717821632855895,119.2481663576577</coordinates>
                      </LinearRing>
                    </outerBoundaryIs>
                  </Polygon>
                  <Polygon>
                    <altitudeMode>absolute</altitudeMode>
                    <outerBoundaryIs>
                      <LinearRing>
                        <coordinates>-96.75846501195453,32.717821632855895,119.2481663576577 -96.75846501195453,32.717821632855895,148.3181663576577 -96.7585573170772,32.71826205187992,148.3181663576577 -96.7585573170772,32.71826205187992,119.2481663576577</coordinates>
                      </LinearRing>
                    </outerBoundaryIs>
                  </Polygon>
                  <Polygon>
                    <altitudeMode>absolute</altitudeMode>
                    <outerBoundaryIs>
                      <LinearRing>
                        <coordinates>-96.7585573170772,32.71826205187992,119.2481663576577 -96.7585573170772,32.71826205187992,148.3181663576577 -96.75899607628425,32.718424015430124,148.3181663576577 -96.75899607628425,32.718424015430124,119.2481663576577</coordinates>
                      </LinearRing>
                    </outerBoundaryIs>
                  </Polygon>
                  <Polygon>
                    <altitudeMode>absolute</altitudeMode>
                    <outerBoundaryIs>
                      <LinearRing>
                        <coordinates>-96.75899607628425,32.718424015430124,119.2481663576577 -96.75899607628425,32.718424015430124,148.3181663576577 -96.75897457751377,32.718063914286866,148.3181663576577 -96.75897457751377,32.718063914286866,119.2481663576577</coordinates>
                      </LinearRing>
                    </outerBoundaryIs>
                  </Polygon>
                </MultiGeometry>
              </Placemark>
            </Folder>
          </Folder>
          <Folder>
            <name>E12: uss1_dss astm.f3548.v21.dss.queryOperationalIntentReferences</name>
            <Placemark>
              <name>area_of_interest</name>
              <styleUrl>#QueryArea</styleUrl>
              <description><![CDATA[<ul><li>uss1's Accepted 951b35e0-3a83-48ac-b18e-0feb26aa15df[1]</li></ul>]]></description>
              <TimeSpan>
                <begin>2026-10-07T03:44:54.619818+00:00</begin>
                <end>2026-10-07T04:29:55.619818+00:00</end>
              </TimeSpan>
              <MultiGeometry>
                <Polygon>
                  <altitudeMode>absolute</altitudeMode>
                  <outerBoundaryIs>
                    <LinearRing>
                      <coordinates>-96.75899607628425,32.717821632855895,119.24813014424481 -96.75899607628425,32.718424015430124,119.24813014424481 -96.75846501195453,32.718424015430124,119.24813014424481 -96.75846501195453,32.717821632855895,119.24813014424481</coordinates>
                    </LinearRing>
                  </outerBoundaryIs>
                </Polygon>
                <Polygon>
                  <altitudeMode>absolute</altitudeMode>
                  <outerBoundaryIs>
                    <LinearRing>
                      <coordinates>-96.75899607628425,32.717821632855895,148.3181301442448 -96.75899607628425,32.718424015430124,148.3181301442448 -96.75846501195453,32.718424015430124,148.3181301442448 -96.75846501195453,32.717821632855895,148.3181301442448</coordinates>
                    </LinearRing>
                  </outerBoundaryIs>
                </Polygon>
                <Polygon>
                  <altitudeMode>absolute</altitudeMode>
                  <outerBoundaryIs>
                    <LinearRing>
                      <coordinates>-96.75899607628425,32.717821632855895,119.24813014424481 -96.75899607628425,32.717821632855895,148.3181301442448 -96.75899607628425,32.718424015430124,148.3181301442448 -96.75899607628425,32.718424015430124,119.24813014424481</coordinates>
                    </LinearRing>
                  </outerBoundaryIs>
                </Polygon>
                <Polygon>
                  <altitudeMode>absolute</altitudeMode>
                  <outerBoundaryIs>
                    <LinearRing>
                      <coordinates>-96.75899607628425,32.718424015430124,119.24813014424481 -96.75899607628425,32.718424015430124,148.3181301442448 -96.75846501195453,32.718424015430124,148.3181301442448 -96.75846501195453,32.718424015430124,119.24813014424481</coordinates>
                    </LinearRing>
                  </outerBoundaryIs>
                </Polygon>
                <Polygon>
                  <altitudeMode>absolute</altitudeMode>
                  <outerBoundaryIs>
                    <LinearRing>
                      <coordinates>-96.75846501195453,32.718424015430124,119.24813014424481 -96.75846501195453,32.718424015430124,148.3181301442448 -96.75846501195453,32.717821632855895,148.3181301442448 -96.75846501195453,32.717821632855895,119.24813014424481</coordinates>
                    </LinearRing>
                  </outerBoundaryIs>
                </Polygon>
                <Polygon>
                  <altitudeMode>absolute</altitudeMode>
                  <outerBoundaryIs>
                    <LinearRing>
                      <coordinates>-96.75846501195453,32.717821632855895,119.24813014424481 -96.75846501195453,32.717821632855895,148.3181301442448 -96.75899607628425,32.717821632855895,148.3181301442448 -96.75899607628425,32.717821632855895,119.24813014424481</coordinates>
                    </LinearRing>
                  </outerBoundaryIs>
                </Polygon>
              </MultiGeometry>
            </Placemark>
          </Folder>
          <Folder>
            <name>E16: uss1_core astm.f3548.v21.uss.getOperationalIntentDetails</name>
            <Folder>
              <name>uss1's P100 Accepted 951b35e0-3a83-48ac-b18e-0feb26aa15df[1] @ LEHXtAiaz48oxgAOytb77GKTeZtPKHpRvNtDKcnJ204_</name>
              <Placemark>
                <name>Nominal volume 0</name>
                <styleUrl>#F3548v21Accepted</styleUrl>
                <TimeSpan>
                  <begin>2026-10-07T03:44:55.640114+00:00</begin>
                  <end>2026-10-07T04:29:55.619818+00:00</end>
                </TimeSpan>
                <MultiGeometry>
                  <Polygon>
                    <altitudeMode>absolute</altitudeMode>
                    <outerBoundaryIs>
                      <LinearRing>
                        <coordinates>-96.75897457751377,32.718063914286866,119.2481663576577 -96.75846501195453,32.717821632855895,119.2481663576577 -96.7585573170772,32.71826205187992,119.2481663576577 -96.75899607628425,32.718424015430124,119.2481663576577</coordinates>
                      </LinearRing>
                    </outerBoundaryIs>
                  </Polygon>
                  <Polygon>
                    <altitudeMode>absolute</altitudeMode>
                    <outerBoundaryIs>
                      <LinearRing>
                        <coordinates>-96.75897457751377,32.718063914286866,148.3181663576577 -96.75846501195453,32.717821632855895,148.3181663576577 -96.7585573170772,32.71826205187992,148.3181663576577 -96.75899607628425,32.718424015430124,148.3181663576577</coordinates>
                      </LinearRing>
                    </outerBoundaryIs>
                  </Polygon>
                  <Polygon>
                    <altitudeMode>absolute</altitudeMode>
                    <outerBoundaryIs>
                      <LinearRing>
                        <coordinates>-96.75897457751377,32.718063914286866,119.2481663576577 -96.75897457751377,32.718063914286866,148.3181663576577 -96.75846501195453,32.717821632855895,148.3181663576577 -96.75846501195453,32.717821632855895,119.2481663576577</coordinates>
                      </LinearRing>
                    </outerBoundaryIs>
                  </Polygon>
                  <Polygon>
                    <altitudeMode>absolute</altitudeMode>
                    <outerBoundaryIs>
                      <LinearRing>
                        <coordinates>-96.75846501195453,32.717821632855895,119.2481663576577 -96.75846501195453,32.717821632855895,148.3181663576577 -96.7585573170772,32.71826205187992,148.3181663576577 -96.7585573170772,32.71826205187992,119.2481663576577</coordinates>
                      </LinearRing>
                    </outerBoundaryIs>
                  </Polygon>
                  <Polygon>
                    <altitudeMode>absolute</altitudeMode>
                    <outerBoundaryIs>
                      <LinearRing>
                        <coordinates>-96.7585573170772,32.71826205187992,119.2481663576577 -96.7585573170772,32.71826205187992,148.3181663576577 -96.75899607628425,32.718424015430124,148.3181663576577 -96.75899607628425,32.718424015430124,119.2481663576577</coordinates>
                      </LinearRing>
                    </outerBoundaryIs>
                  </Polygon>
                  <Polygon>
                    <altitudeMode>absolute</altitudeMode>
                    <outerBoundaryIs>
                      <LinearRing>
                        <coordinates>-96.75899607628425,32.718424015430124,119.2481663576577 -96.75899607628425,32.718424015430124,148.3181663576577 -96.75897457751377,32.718063914286866,148.3181663576577 -96.75897457751377,32.718063914286866,119.2481663576577</coordinates>
                      </LinearRing>
                    </outerBoundaryIs>
                  </Polygon>
                </MultiGeometry>
              </Placemark>
            </Folder>
          </Folder>
        </Folder>
        <Folder>
          <name>Attempt to plan Flight 1</name>
          <Folder>
            <name>E25: uss1_dss astm.f3548.v21.dss.queryOperationalIntentReferences</name>
            <Placemark>
              <name>area_of_interest</name>
              <styleUrl>#QueryArea</styleUrl>
              <description><![CDATA[<ul><li>uss1's Accepted 951b35e0-3a83-48ac-b18e-0feb26aa15df[1]</li></ul>]]></description>
              <TimeSpan>
                <begin>2026-10-07T03:44:54.722524+00:00</begin>
                <end>2026-10-07T04:29:55.722524+00:00</end>
              </TimeSpan>
              <MultiGeometry>
                <Polygon>
                  <altitudeMode>absolute</altitudeMode>
                  <outerBoundaryIs>
                    <LinearRing>
                      <coordinates>-96.75885603693884,32.717772430826216,120.32721197182734 -96.75885603693884,32.71840061442382,120.32721197182734 -96.75793995876997,32.71840061442382,120.32721197182734 -96.75793995876997,32.717772430826216,120.32721197182734</coordinates>
                    </LinearRing>
                  </outerBoundaryIs>
                </Polygon>
                <Polygon>
                  <altitudeMode>absolute</altitudeMode>
                  <outerBoundaryIs>
                    <LinearRing>
                      <coordinates>-96.75885603693884,32.717772430826216,150.31721197182733 -96.75885603693884,32.71840061442382,150.31721197182733 -96.75793995876997,32.71840061442382,150.31721197182733 -96.75793995876997,32.717772430826216,150.31721197182733</coordinates>
                    </LinearRing>
                  </outerBoundaryIs>
                </Polygon>
                <Polygon>
                  <altitudeMode>absolute</altitudeMode>
                  <outerBoundaryIs>
                    <LinearRing>
                      <coordinates>-96.75885603693884,32.717772430826216,120.32721197182734 -96.75885603693884,32.717772430826216,150.31721197182733 -96.75885603693884,32.71840061442382,150.31721197182733 -96.75885603693884,32.71840061442382,120.32721197182734</coordinates>
                    </LinearRing>
                  </outerBoundaryIs>
                </Polygon>
                <Polygon>
                  <altitudeMode>absolute</altitudeMode>
                  <outerBoundaryIs>
                    <LinearRing>
                      <coordinates>-96.75885603693884,32.71840061442382,120.32721197182734 -96.75885603693884,32.71840061442382,150.31721197182733 -96.75793995876997,32.71840061442382,150.31721197182733 -96.75793995876997,32.71840061442382,120.32721197182734</coordinates>
                    </LinearRing>
                  </outerBoundaryIs>
                </Polygon>
                <Polygon>
                  <altitudeMode>absolute</altitudeMode>
                  <outerBoundaryIs>
                    <LinearRing>
                      <coordinates>-96.75793995876997,32.71840061442382,120.32721197182734 -96.75793995876997,32.71840061442382,150.31721197182733 -96.75793995876997,32.717772430826216,150.31721197182733 -96.75793995876997,32.717772430826216,120.32721197182734</coordinates>
                    </LinearRing>
                  </outerBoundaryIs>
                </Polygon>
                <Polygon>
                  <altitudeMode>absolute</altitudeMode>
                  <outerBoundaryIs>
                    <LinearRing>
                      <coordinates>-96.75793995876997,32.717772430826216,120.32721197182734 -96.75793995876997,32.717772430826216,150.31721197182733 -96.75885603693884,32.717772430826216,150.31721197182733 -96.75885603693884,32.717772430826216,120.32721197182734</coordinates>
                    </LinearRing>
                  </outerBoundaryIs>
                </Polygon>
              </MultiGeometry>
            </Placemark>
          </Folder>
          <Folder>
            <name>E27: uss1_core interuss.automated_testing.flight_planning.v1.UpsertFlightPlan</name>
            <Folder>
              <name>Activity Rejected, flight NotPlanned</name>
              <Placemark>
                <name>Volume 0</name>
                <styleUrl>#Planned_Nominal</styleUrl>
                <TimeSpan>
                  <begin>2026-10-07T03:44:54.722524+00:00</begin>
                  <end>2026-10-07T04:29:55.722524+00:00</end>
                </TimeSpan>
                <MultiGeometry>
                  <Polygon>
                    <altitudeMode>absolute</altitudeMode>
                    <outerBoundaryIs>
                      <LinearRing>
                        <coordinates>-96.7586436117025,32.717772430826216,120.32727274253008 -96.75885603693884,32.71801338382339,120.32727274253008 -96.75823551948804,32.71840061442382,120.32727274253008 -96.75793995876997,32.718149288087204,120.32727274253008</coordinates>
                      </LinearRing>
                    </outerBoundaryIs>
                  </Polygon>
                  <Polygon>
                    <altitudeMode>absolute</altitudeMode>
                    <outerBoundaryIs>
                      <LinearRing>
                        <coordinates>-96.7586436117025,32.717772430826216,150.31727274253006 -96.75885603693884,32.71801338382339,150.31727274253006 -96.75823551948804,32.71840061442382,150.31727274253006 -96.75793995876997,32.718149288087204,150.31727274253006</coordinates>
                      </LinearRing>
                    </outerBoundaryIs>
                  </Polygon>
                  <Polygon>
                    <altitudeMode>absolute</altitudeMode>
                    <outerBoundaryIs>
                      <LinearRing>
                        <coordinates>-96.7586436117025,32.717772430826216,120.32727274253008 -96.7586436117025,32.717772430826216,150.31727274253006 -96.75885603693884,32.71801338382339,150.31727274253006 -96.75885603693884,32.71801338382339,120.32727274253008</coordinates>
                      </LinearRing>
                    </outerBoundaryIs>
                  </Polygon>
                  <Polygon>
                    <altitudeMode>absolute</altitudeMode>
                    <outerBoundaryIs>
                      <LinearRing>
                        <coordinates>-96.75885603693884,32.71801338382339,120.32727274253008 -96.75885603693884,32.71801338382339,150.31727274253006 -96.75823551948804,32.71840061442382,150.31727274253006 -96.75823551948804,32.71840061442382,120.32727274253008</coordinates>
                      </LinearRing>
                    </outerBoundaryIs>
                  </Polygon>
                  <Polygon>
                    <altitudeMode>absolute</altitudeMode>
                    <outerBoundaryIs>
                      <LinearRing>
                        <coordinates>-96.75823551948804,32.71840061442382,120.32727274253008 -96.75823551948804,32.71840061442382,150.31727274253006 -96.75793995876997,32.718149288087204,150.31727274253006 -96.75793995876997,32.718149288087204,120.32727274253008</coordinates>
                      </LinearRing>
                    </outerBoundaryIs>
                  </Polygon>
                  <Polygon>
                    <altitudeMode>absolute</altitudeMode>
                    <outerBoundaryIs>
                      <LinearRing>
                        <coordinates>-96.75793995876997,32.718149288087204,120.32727274253008 -96.75793995876997,32.718149288087204,150.31727274253006 -96.7586436117025,32.717772430826216,150.31727274253006 -96.7586436117025,32.717772430826216,120.32727274253008</coordinates>
                      </LinearRing>
                    </outerBoundaryIs>
                  </Polygon>
                </MultiGeometry>
              </Placemark>
            </Folder>
          </Folder>
          <Folder>
            <name>E30: uss1_dss astm.f3548.v21.dss.queryOperationalIntentReferences</name>
            <Placemark>
              <name>area_of_interest</name>
              <styleUrl>#QueryArea</styleUrl>
              <description><![CDATA[<ul><li>uss1's Accepted 951b35e0-3a83-48ac-b18e-0feb26aa15df[1]</li></ul>]]></description>
              <TimeSpan>
                <begin>2026-10-07T03:44:54.722524+00:00</begin>
                <end>2026-10-07T04:29:55.722524+00:00</end>
              </TimeSpan>
              <MultiGeometry>
                <Polygon>
                  <altitudeMode>absolute</altitudeMode>
                  <outerBoundaryIs>
                    <LinearRing>
                      <coordinates>-96.75885603693884,32.717772430826216,120.32721197182734 -96.75885603693884,32.71840061442382,120.32721197182734 -96.75793995876997,32.71840061442382,120.32721197182734 -96.75793995876997,32.717772430826216,120.32721197182734</coordinates>
                    </LinearRing>
                  </outerBoundaryIs>
                </Polygon>
                <Polygon>
                  <altitudeMode>absolute</altitudeMode>
                  <outerBoundaryIs>
                    <LinearRing>
                      <coordinates>-96.75885603693884,32.717772430826216,150.31721197182733 -96.75885603693884,32.71840061442382,150.31721197182733 -96.75793995876997,32.71840061442382,150.31721197182733 -96.75793995876997,32.717772430826216,150.31721197182733</coordinates>
                    </LinearRing>
                  </outerBoundaryIs>
                </Polygon>
                <Polygon>
                  <altitudeMode>absolute</altitudeMode>
                  <outerBoundaryIs>
                    <LinearRing>
                      <coordinates>-96.75885603693884,32.717772430826216,120.32721197182734 -96.75885603693884,32.717772430826216,150.31721197182733 -96.75885603693884,32.71840061442382,150.31721197182733 -96.75885603693884,32.71840061442382,120.32721197182734</coordinates>
                    </LinearRing>
                  </outerBoundaryIs>
                </Polygon>
                <Polygon>
                  <altitudeMode>absolute</altitudeMode>
                  <outerBoundaryIs>
                    <LinearRing>
                      <coordinates>-96.75885603693884,32.71840061442382,120.32721197182734 -96.75885603693884,32.71840061442382,150.31721197182733 -96.75793995876997,32.71840061442382,150.31721197182733 -96.75793995876997,32.71840061442382,120.32721197182734</coordinates>
                    </LinearRing>
                  </outerBoundaryIs>
                </Polygon>
                <Polygon>
                  <altitudeMode>absolute</altitudeMode>
                  <outerBoundaryIs>
                    <LinearRing>
                      <coordinates>-96.75793995876997,32.71840061442382,120.32721197182734 -96.75793995876997,32.71840061442382,150.31721197182733 -96.75793995876997,32.717772430826216,150.31721197182733 -96.75793995876997,32.717772430826216,120.32721197182734</coordinates>
                    </LinearRing>
                  </outerBoundaryIs>
                </Polygon>
                <Polygon>
                  <altitudeMode>absolute</altitudeMode>
                  <outerBoundaryIs>
                    <LinearRing>
                      <coordinates>-96.75793995876997,32.717772430826216,120.32721197182734 -96.75793995876997,32.717772430826216,150.31721197182733 -96.75885603693884,32.717772430826216,150.31721197182733 -96.75885603693884,32.717772430826216,120.32721197182734</coordinates>
                    </LinearRing>
                  </outerBoundaryIs>
                </Polygon>
              </MultiGeometry>
            </Placemark>
          </Folder>
        </Folder>
        <Folder>
          <name>Delete Flight 2</name>
        </Folder>
      </Folder>
      <Folder>
        <name>Attempt to modify planned flight in conflict</name>
        <Folder>
          <name>Plan Flight 1</name>
          <Folder>
            <name>E35: uss1_dss astm.f3548.v21.dss.queryOperationalIntentReferences</name>
            <Placemark>
              <name>area_of_interest</name>
              <styleUrl>#QueryArea</styleUrl>
              <description><![CDATA[(no operational intent references found)]]></description>
              <TimeSpan>
                <begin>2026-10-07T03:44:54.812414+00:00</begin>
                <end>2026-10-07T04:29:55.812414+00:00</end>
              </TimeSpan>
              <MultiGeometry>
                <Polygon>
                  <altitudeMode>absolute</altitudeMode>
                  <outerBoundaryIs>
                    <LinearRing>
                      <coordinates>-96.75885603693884,32.717772430826216,120.32721197182734 -96.75885603693884,32.71840061442382,120.32721197182734 -96.75793995876997,32.71840061442382,120.32721197182734 -96.75793995876997,32.717772430826216,120.32721197182734</coordinates>
                    </LinearRing>
                  </outerBoundaryIs>
                </Polygon>
                <Polygon>
                  <altitudeMode>absolute</altitudeMode>
                  <outerBoundaryIs>
                    <LinearRing>
                      <coordinates>-96.75885603693884,32.717772430826216,150.31721197182733 -96.75885603693884,32.71840061442382,150.31721197182733 -96.75793995876997,32.71840061442382,150.31721197182733 -96.75793995876997,32.717772430826216,150.31721197182733</coordinates>
                    </LinearRing>
                  </outerBoundaryIs>
                </Polygon>
                <Polygon>
                  <altitudeMode>absolute</altitudeMode>
                  <outerBoundaryIs>
                    <LinearRing>
                      <coordinates>-96.75885603693884,32.717772430826216,120.32721197182734 -96.75885603693884,32.717772430826216,150.31721197182733 -96.75885603693884,32.71840061442382,150.31721197182733 -96.75885603693884,32.71840061442382,120.32721197182734</coordinates>
                    </LinearRing>
                  </outerBoundaryIs>
                </Polygon>
                <Polygon>
                  <altitudeMode>absolute</altitudeMode>
                  <outerBoundaryIs>
                    <LinearRing>
                      <coordinates>-96.75885603693884,32.71840061442382,120.32721197182734 -96.75885603693884,32.71840061442382,150.31721197182733 -96.75793995876997,32.71840061442382,150.31721197182733 -96.75793995876997,32.71840061442382,120.32721197182734</coordinates>
                    </LinearRing>
                  </outerBoundaryIs>
                </Polygon>
                <Polygon>
                  <altitudeMode>absolute</altitudeMode>
                  <outerBoundaryIs>
                    <LinearRing>
                      <coordinates>-96.75793995876997,32.71840061442382,120.32721197182734 -96.75793995876997,32.71840061442382,150.31721197182733 -96.75793995876997,32.717772430826216,150.31721197182733 -96.75793995876997,32.717772430826216,120.32721197182734</coordinates>
                    </LinearRing>
                  </outerBoundaryIs>
                </Polygon>
                <Polygon>
                  <altitudeMode>absolute</altitudeMode>
                  <outerBoundaryIs>
                    <LinearRing>
                      <coordinates>-96.75793995876997,32.717772430826216,120.32721197182734 -96.75793995876997,32.717772430826216,150.31721197182733 -96.75885603693884,32.717772430826216,150.31721197182733 -96.75885603693884,32.717772430826216,120.32721197182734</coordinates>
                    </LinearRing>
                  </outerBoundaryIs>
                </Polygon>
              </MultiGeometry>
            </Placemark>
          </Folder>
          <Folder>
            <name>E37: uss1_core interuss.automated_testing.flight_planning.v1.UpsertFlightPlan</name>
            <Folder>
              <name>Activity Completed, flight Planned</name>
              <Placemark>
                <name>Volume 0</name>
                <styleUrl>#Planned_Nominal</styleUrl>
                <TimeSpan>
                  <begin>2026-10-07T03:44:54.812414+00:00</begin>
                  <end>2026-10-07T04:29:55.812414+00:00</end>
                </TimeSpan>
                <MultiGeometry>
                  <Polygon>
                    <altitudeMode>absolute</altitudeMode>
                    <outerBoundaryIs>
                      <LinearRing>
                        <coordinates>-96.7586436117025,32.717772430826216,120.32727274253008 -96.75885603693884,32.71801338382339,120.32727274253008 -96.75823551948804,32.71840061442382,120.32727274253008 -96.75793995876997,32.718149288087204,120.32727274253008</coordinates>
                      </LinearRing>
                    </outerBoundaryIs>
                  </Polygon>
                  <Polygon>
                    <altitudeMode>absolute</altitudeMode>
                    <outerBoundaryIs>
                      <LinearRing>
                        <coordinates>-96.7586436117025,32.717772430826216,150.31727274253006 -96.75885603693884,32.71801338382339,150.31727274253006 -96.75823551948804,32.71840061442382,150.31727274253006 -96.75793995876997,32.718149288087204,150.31727274253006</coordinates>
                      </LinearRing>
                    </outerBoundaryIs>
                  </Polygon>
                  <Polygon>
                    <altitudeMode>absolute</altitudeMode>
                    <outerBoundaryIs>
                      <LinearRing>
                        <coordinates>-96.7586436117025,32.717772430826216,120.32727274253008 -96.7586436117025,32.717772430826216,150.31727274253006 -96.75885603693884,32.71801338382339,150.31727274253006 -96.75885603693884,32.71801338382339,120.32727274253008</coordinates>
                      </LinearRing>
                    </outerBoundaryIs>
                  </Polygon>
                  <Polygon>
                    <altitudeMode>absolute</altitudeMode>
                    <outerBoundaryIs>
                      <LinearRing>
                        <coordinates>-96.75885603693884,32.71801338382339,120.32727274253008 -96.75885603693884,32.71801338382339,150.31727274253006 -96.75823551948804,32.71840061442382,150.31727274253006 -96.75823551948804,32.71840061442382,120.32727274253008</coordinates>
                      </LinearRing>
                    </outerBoundaryIs>
                  </Polygon>
                  <Polygon>
                    <altitudeMode>absolute</altitudeMode>
                    <outerBoundaryIs>
                      <LinearRing>
                        <coordinates>-96.75823551948804,32.71840061442382,120.32727274253008 -96.75823551948804,32.71840061442382,150.31727274253006 -96.75793995876997,32.718149288087204,150.31727274253006 -96.75793995876997,32.718149288087204,120.32727274253008</coordinates>
                      </LinearRing>
                    </outerBoundaryIs>
                  </Polygon>
                  <Polygon>
                    <altitudeMode>absolute</altitudeMode>
                    <outerBoundaryIs>
                      <LinearRing>
                        <coordinates>-96.75793995876997,32.718149288087204,120.32727274253008 -96.75793995876997,32.718149288087204,150.31727274253006 -96.7586436117025,32.717772430826216,150.31727274253006 -96.7586436117025,32.717772430826216,120.32727274253008</coordinates>
                      </LinearRing>
                    </outerBoundaryIs>
                  </Polygon>
                </MultiGeometry>
              </Placemark>
            </Folder>
          </Folder>
          <Folder>
            <name>E41: uss1_dss astm.f3548.v21.dss.queryOperationalIntentReferences</name>
            <Placemark>
              <name>area_of_interest</name>
              <styleUrl>#QueryArea</styleUrl>
              <description><![CDATA[<ul><li>uss1's Accepted ea07eddd-28b4-4e2e-9bb7-40c034e570ea[1]</li></ul>]]></description>
              <TimeSpan>
                <begin>2026-10-07T03:44:54.812414+00:00</begin>
                <end>2026-10-07T04:29:55.812414+00:00</end>
              </TimeSpan>
              <MultiGeometry>
                <Polygon>
                  <altitudeMode>absolute</altitudeMode>
                  <outerBoundaryIs>
                    <LinearRing>
                      <coordinates>-96.75885603693884,32.717772430826216,120.32721197182734 -96.75885603693884,32.71840061442382,120.32721197182734 -96.75793995876997,32.71840061442382,120.32721197182734 -96.75793995876997,32.717772430826216,120.32721197182734</coordinates>
                    </LinearRing>
                  </outerBoundaryIs>
                </Polygon>
                <Polygon>
                  <altitudeMode>absolute</altitudeMode>
                  <outerBoundaryIs>
                    <LinearRing>
                      <coordinates>-96.75885603693884,32.717772430826216,150.31721197182733 -96.75885603693884,32.71840061442382,150.31721197182733 -96.75793995876997,32.71840061442382,150.31721197182733 -96.75793995876997,32.717772430826216,150.31721197182733</coordinates>
                    </LinearRing>
                  </outerBoundaryIs>
                </Polygon>
                <Polygon>
                  <altitudeMode>absolute</altitudeMode>
                  <outerBoundaryIs>
                    <LinearRing>
                      <coordinates>-96.75885603693884,32.717772430826216,120.32721197182734 -96.75885603693884,32.717772430826216,150.31721197182733 -96.75885603693884,32.71840061442382,150.31721197182733 -96.75885603693884,32.71840061442382,120.32721197182734</coordinates>
                    </LinearRing>
                  </outerBoundaryIs>
                </Polygon>
                <Polygon>
                  <altitudeMode>absolute</altitudeMode>
                  <outerBoundaryIs>
                    <LinearRing>
                      <coordinates>-96.75885603693884,32.71840061442382,120.32721197182734 -96.75885603693884,32.71840061442382,150.31721197182733 -96.75793995876997,32.71840061442382,150.31721197182733 -96.75793995876997,32.71840061442382,120.32721197182734</coordinates>
                    </LinearRing>
                  </outerBoundaryIs>
                </Polygon>
                <Polygon>
                  <altitudeMode>absolute</altitudeMode>
                  <outerBoundaryIs>
                    <LinearRing>
                      <coordinates>-96.75793995876997,32.71840061442382,120.32721197182734 -96.75793995876997,32.71840061442382,150.31721197182733 -96.75793995876997,32.717772430826216,150.31721197182733 -96.75793995876997,32.717772430826216,120.32721197182734</coordinates>
                    </LinearRing>
                  </outerBoundaryIs>
                </Polygon>
                <Polygon>
                  <altitudeMode>absolute</altitudeMode>
                  <outerBoundaryIs>
                    <LinearRing>
                      <coordinates>-96.75793995876997,32.717772430826216,120.32721197182734 -96.75793995876997,32.717772430826216,150.31721197182733 -96.75885603693884,32.717772430826216,150.31721197182733 -96.75885603693884,32.717772430826216,120.32721197182734</coordinates>
                    </LinearRing>
                  </outerBoundaryIs>
                </Polygon>
              </MultiGeometry>
            </Placemark>
          </Folder>
          <Folder>
            <name>E45: uss1_core astm.f3548.v21.uss.getOperationalIntentDetails</name>
            <Folder>
              <name>uss1's P0 Accepted ea07eddd-28b4-4e2e-9bb7-40c034e570ea[1] @ 8-5et4oR.vubOHjQhHmv51dkqA23bQd7tDlRxTA8bi4_</name>
              <Placemark>
                <name>Nominal volume 0</name>
                <styleUrl>#F3548v21Accepted</styleUrl>
                <TimeSpan>
                  <begin>2026-10-07T03:44:55.844184+00:00</begin>
                  <end>2026-10-07T04:29:55.812414+00:00</end>
                </TimeSpan>
                <MultiGeometry>
                  <Polygon>
                    <altitudeMode>absolute</altitudeMode>
                    <outerBoundaryIs>
                      <LinearRing>
                        <coordinates>-96.7586436117025,32.717772430826216,120.32727274253008 -96.75885603693884,32.71801338382339,120.32727274253008 -96.75823551948804,32.71840061442382,120.32727274253008 -96.75793995876997,32.718149288087204,120.32727274253008</coordinates>
                      </LinearRing>
                    </outerBoundaryIs>
                  </Polygon>
                  <Polygon>
                    <altitudeMode>absolute</altitudeMode>
                    <outerBoundaryIs>
                      <LinearRing>
                        <coordinates>-96.7586436117025,32.717772430826216,150.31727274253006 -96.75885603693884,32.71801338382339,150.31727274253006 -96.75823551948804,32.71840061442382,150.31727274253006 -96.75793995876997,32.718149288087204,150.31727274253006</coordinates>
                      </LinearRing>
                    </outerBoundaryIs>
                  </Polygon>
                  <Polygon>
                    <altitudeMode>absolute</altitudeMode>
                    <outerBoundaryIs>
                      <LinearRing>
                        <coordinates>-96.7586436117025,32.717772430826216,120.32727274253008 -96.7586436117025,32.717772430826216,150.31727274253006 -96.75885603693884,32.71801338382339,150.31727274253006 -96.75885603693884,32.71801338382339,120.32727274253008</coordinates>
                      </LinearRing>
                    </outerBoundaryIs>
                  </Polygon>
                  <Polygon>
                    <altitudeMode>absolute</altitudeMode>
                    <outerBoundaryIs>
                      <LinearRing>
                        <coordinates>-96.75885603693884,32.71801338382339,120.32727274253008 -96.75885603693884,32.71801338382339,150.31727274253006 -96.75823551948804,32.71840061442382,150.31727274253006 -96.75823551948804,32.71840061442382,120.32727274253008</coordinates>
                      </LinearRing>
                    </outerBoundaryIs>
                  </Polygon>
                  <Polygon>
                    <altitudeMode>absolute</altitudeMode>
                    <outerBoundaryIs>
                      <LinearRing>
                        <coordinates>-96.75823551948804,32.71840061442382,120.32727274253008 -96.75823551948804,32.71840061442382,150.31727274253006 -96.75793995876997,32.718149288087204,150.31727274253006 -96.75793995876997,32.718149288087204,120.32727274253008</coordinates>
                      </LinearRing>
                    </outerBoundaryIs>
                  </Polygon>
                  <Polygon>
                    <altitudeMode>absolute</altitudeMode>
                    <outerBoundaryIs>
                      <LinearRing>
                        <coordinates>-96.75793995876997,32.718149288087204,120.32727274253008 -96.75793995876997,32.718149288087204,150.31727274253006 -96.7586436117025,32.717772430826216,150.31727274253006 -96.7586436117025,32.717772430826216,120.32727274253008</coordinates>
                      </LinearRing>
                    </outerBoundaryIs>
                  </Polygon>
                </MultiGeometry>
              </Placemark>
            </Folder>
          </Folder>
        </Folder>
        <Folder>
          <name>Plan Flight 2</name>
          <Folder>
            <name>E58: uss1_dss astm.f3548.v21.dss.queryOperationalIntentReferences</name>
            <Placemark>
              <name>area_of_interest</name>
              <styleUrl>#QueryArea</styleUrl>
              <description><![CDATA[<ul><li>uss1's Accepted ea07eddd-28b4-4e2e-9bb7-40c034e570ea[1]</li></ul>]]></description>
              <TimeSpan>
                <begin>2026-10-07T03:44:54.971293+00:00</begin>
                <end>2026-10-07T04:29:55.971293+00:00</end>
              </TimeSpan>
              <MultiGeometry>
                <Polygon>
                  <altitudeMode>absolute</altitudeMode>
                  <outerBoundaryIs>
                    <LinearRing>
                      <coordinates>-96.75899607628425,32.717821632855895,119.24813014424481 -96.75899607628425,32.718424015430124,119.24813014424481 -96.75846501195453,32.718424015430124,119.24813014424481 -96.75846501195453,32.717821632855895,119.24813014424481</coordinates>
                    </LinearRing>
                  </outerBoundaryIs>
                </Polygon>
                <Polygon>
                  <altitudeMode>absolute</altitudeMode>
                  <outerBoundaryIs>
                    <LinearRing>
                      <coordinates>-96.75899607628425,32.717821632855895,148.3181301442448 -96.75899607628425,32.718424015430124,148.3181301442448 -96.75846501195453,32.718424015430124,148.3181301442448 -96.75846501195453,32.717821632855895,148.3181301442448</coordinates>
                    </LinearRing>
                  </outerBoundaryIs>
                </Polygon>
                <Polygon>
                  <altitudeMode>absolute</altitudeMode>
                  <outerBoundaryIs>
                    <LinearRing>
                      <coordinates>-96.75899607628425,32.717821632855895,119.24813014424481 -96.75899607628425,32.717821632855895,148.3181301442448 -96.75899607628425,32.718424015430124,148.3181301442448 -96.75899607628425,32.718424015430124,119.24813014424481</coordinates>
                    </LinearRing>
                  </outerBoundaryIs>
                </Polygon>
                <Polygon>
                  <altitudeMode>absolute</altitudeMode>
                  <outerBoundaryIs>
                    <LinearRing>
                      <coordinates>-96.75899607628425,32.718424015430124,119.24813014424481 -96.75899607628425,32.718424015430124,148.3181301442448 -96.75846501195453,32.718424015430124,148.3181301442448 -96.75846501195453,32.718424015430124,119.24813014424481</coordinates>
                    </LinearRing>
                  </outerBoundaryIs>
                </Polygon>
                <Polygon>
                  <altitudeMode>absolute</altitudeMode>
                  <outerBoundaryIs>
                    <LinearRing>
                      <coordinates>-96.75846501195453,32.718424015430124,119.24813014424481 -96.75846501195453,32.718424015430124,148.3181301442448 -96.75846501195453,32.717821632855895,148.3181301442448 -96.75846501195453,32.717821632855895,119.24813014424481</coordinates>
                    </LinearRing>
                  </outerBoundaryIs>
                </Polygon>
                <Polygon>
                  <altitudeMode>absolute</altitudeMode>
                  <outerBoundaryIs>
                    <LinearRing>
                      <coordinates>-96.75846501195453,32.717821632855895,119.24813014424481 -96.75846501195453,32.717821632855895,148.3181301442448 -96.75899607628425,32.717821632855895,148.3181301442448 -96.75899607628425,32.717821632855895,119.24813014424481</coordinates>
                    </LinearRing>
                  </outerBoundaryIs>
                </Polygon>
              </MultiGeometry>
            </Placemark>
          </Folder>
          <Folder>
            <name>E60: uss1_core interuss.automated_testing.flight_planning.v1.UpsertFlightPlan</name>
            <Folder>
              <name>Activity Completed, flight Planned</name>
              <Placemark>
                <name>Volume 0</name>
                <styleUrl>#Planned_Nominal</styleUrl>
                <TimeSpan>
                  <begin>2026-10-07T03:44:54.971293+00:00</begin>
                  <end>2026-10-07T04:29:55.971293+00:00</end>
                </TimeSpan>
                <MultiGeometry>
                  <Polygon>
                    <altitudeMode>absolute</altitudeMode>
                    <outerBoundaryIs>
                      <LinearRing>
                        <coordinates>-96.75897457751377,32.718063914286866,119.2481663576577 -96.75846501195453,32.717821632855895,119.2481663576577 -96.7585573170772,32.71826205187992,119.2481663576577 -96.75899607628425,32.718424015430124,119.2481663576577</coordinates>
                      </LinearRing>
                    </outerBoundaryIs>
                  </Polygon>
                  <Polygon>
                    <altitudeMode>absolute</altitudeMode>
                    <outerBoundaryIs>
                      <LinearRing>
                        <coordinates>-96.75897457751377,32.718063914286866,148.3181663576577 -96.75846501195453,32.717821632855895,148.3181663576577 -96.7585573170772,32.71826205187992,148.3181663576577 -96.75899607628425,32.718424015430124,148.3181663576577</coordinates>
                      </LinearRing>
                    </outerBoundaryIs>
                  </Polygon>
                  <Polygon>
                    <altitudeMode>absolute</altitudeMode>
                    <outerBoundaryIs>
                      <LinearRing>
                        <coordinates>-96.75897457751377,32.718063914286866,119.2481663576577 -96.75897457751377,32.718063914286866,148.3181663576577 -96.75846501195453,32.717821632855895,148.3181663576577 -96.75846501195453,32.717821632855895,119.2481663576577</coordinates>
                      </LinearRing>
                    </outerBoundaryIs>
                  </Polygon>
                  <Polygon>
                    <altitudeMode>absolute</altitudeMode>
                    <outerBoundaryIs>
                      <LinearRing>
                        <coordinates>-96.75846501195453,32.717821632855895,119.2481663576577 -96.75846501195453,32.717821632855895,148.3181663576577 -96.7585573170772,32.71826205187992,148.3181663576577 -96.7585573170772,32.71826205187992,119.2481663576577</coordinates>
                      </LinearRing>
                    </outerBoundaryIs>
                  </Polygon>
                  <Polygon>
                    <altitudeMode>absolute</altitudeMode>
                    <outerBoundaryIs>
                      <LinearRing>
                        <coordinates>-96.7585573170772,32.71826205187992,119.2481663576577 -96.7585573170772,32.71826205187992,148.3181663576577 -96.75899607628425,32.718424015430124,148.3181663576577 -96.75899607628425,32.718424015430124,119.2481663576577</coordinates>
                      </LinearRing>
                    </outerBoundaryIs>
                  </Polygon>
                  <Polygon>
                    <altitudeMode>absolute</altitudeMode>
                    <outerBoundaryIs>
                      <LinearRing>
                        <coordinates>-96.75899607628425,32.718424015430124,119.2481663576577 -96.75899607628425,32.718424015430124,148.3181663576577 -96.75897457751377,32.718063914286866,148.3181663576577 -96.75897457751377,32.718063914286866,119.2481663576577</coordinates>
                      </LinearRing>
                    </outerBoundaryIs>
                  </Polygon>
                </MultiGeometry>
              </Placemark>
            </Folder>
          </Folder>
          <Folder>
            <name>E64: uss1_dss astm.f3548.v21.dss.queryOperationalIntentReferences</name>
            <Placemark>
              <name>area_of_interest</name>
              <styleUrl>#QueryArea</styleUrl>
              <description><![CDATA[<ul><li>uss1's Accepted 8be47069-8891-4f92-a81d-7f5a5cd97596[1]</li><li>uss1's Accepted ea07eddd-28b4-4e2e-9bb7-40c034e570ea[1]</li></ul>]]></description>
              <TimeSpan>
                <begin>2026-10-07T03:44:54.971293+00:00</begin>
                <end>2026-10-07T04:29:55.971293+00:00</end>
              </TimeSpan>
              <MultiGeometry>
                <Polygon>
                  <altitudeMode>absolute</altitudeMode>
                  <outerBoundaryIs>
                    <LinearRing>
                      <coordinates>-96.75899607628425,32.717821632855895,119.24813014424481 -96.75899607628425,32.718424015430124,119.24813014424481 -96.75846501195453,32.718424015430124,119.24813014424481 -96.75846501195453,32.717821632855895,119.24813014424481</coordinates>
                    </LinearRing>
                  </outerBoundaryIs>
                </Polygon>
                <Polygon>
                  <altitudeMode>absolute</altitudeMode>
                  <outerBoundaryIs>
                    <LinearRing>
                      <coordinates>-96.75899607628425,32.717821632855895,148.3181301442448 -96.75899607628425,32.718424015430124,148.3181301442448 -96.75846501195453,32.718424015430124,148.3181301442448 -96.75846501195453,32.717821632855895,148.3181301442448</coordinates>
                    </LinearRing>
                  </outerBoundaryIs>
                </Polygon>
                <Polygon>
                  <altitudeMode>absolute</altitudeMode>
                  <outerBoundaryIs>
                    <LinearRing>
                      <coordinates>-96.75899607628425,32.717821632855895,119.24813014424481 -96.75899607628425,32.717821632855895,148.3181301442448 -96.75899607628425,32.718424015430124,148.3181301442448 -96.75899607628425,32.718424015430124,119.24813014424481</coordinates>
                    </LinearRing>
                  </outerBoundaryIs>
                </Polygon>
                <Polygon>
                  <altitudeMode>absolute</altitudeMode>
                  <outerBoundaryIs>
                    <LinearRing>
                      <coordinates>-96.75899607628425,32.718424015430124,119.24813014424481 -96.75899607628425,32.718424015430124,148.3181301442448 -96.75846501195453,32.718424015430124,148.3181301442448 -96.75846501195453,32.718424015430124,119.24813014424481</coordinates>
                    </LinearRing>
                  </outerBoundaryIs>
                </Polygon>
                <Polygon>
                  <altitudeMode>absolute</altitudeMode>
                  <outerBoundaryIs>
                    <LinearRing>
                      <coordinates>-96.75846501195453,32.718424015430124,119.24813014424481 -96.75846501195453,32.718424015430124,148.3181301442448 -96.75846501195453,32.717821632855895,148.3181301442448 -96.75846501195453,32.717821632855895,119.24813014424481</coordinates>
                    </LinearRing>
                  </outerBoundaryIs>
                </Polygon>
                <Polygon>
                  <altitudeMode>absolute</altitudeMode>
                  <outerBoundaryIs>
                    <LinearRing>
                      <coordinates>-96.75846501195453,32.717821632855895,119.24813014424481 -96.75846501195453,32.717821632855895,148.3181301442448 -96.75899607628425,32.717821632855895,148.3181301442448 -96.75899607628425,32.717821632855895,119.24813014424481</coordinates>
                    </LinearRing>
                  </outerBoundaryIs>
                </Polygon>
              </MultiGeometry>
            </Placemark>
          </Folder>
          <Folder>
            <name>E68: uss1_core astm.f3548.v21.uss.getOperationalIntentDetails</name>
            <Folder>
              <name>uss1's P100 Accepted 8be47069-8891-4f92-a81d-7f5a5cd97596[1] @ nYW0WpLEYi1YvL02I0B8Dky3XRCcSVPbtVU88c2eO.w_</name>
              <Placemark>
                <name>Nominal volume 0</name>
                <styleUrl>#F3548v21Accepted</styleUrl>
                <TimeSpan>
                  <begin>2026-10-07T03:44:56.014849+00:00</begin>
                  <end>2026-10-07T04:29:55.971293+00:00</end>
                </TimeSpan>
                <MultiGeometry>
                  <Polygon>
                    <altitudeMode>absolute</altitudeMode>
                    <outerBoundaryIs>
                      <LinearRing>
                        <coordinates>-96.75897457751377,32.718063914286866,119.2481663576577 -96.75846501195453,32.717821632855895,119.2481663576577 -96.7585573170772,32.71826205187992,119.2481663576577 -96.75899607628425,32.718424015430124,119.2481663576577</coordinates>
                      </LinearRing>
                    </outerBoundaryIs>
                  </Polygon>
                  <Polygon>
                    <altitudeMode>absolute</altitudeMode>
                    <outerBoundaryIs>
                      <LinearRing>
                        <coordinates>-96.75897457751377,32.718063914286866,148.3181663576577 -96.75846501195453,32.717821632855895,148.3181663576577 -96.7585573170772,32.71826205187992,148.3181663576577 -96.75899607628425,32.718424015430124,148.3181663576577</coordinates>
                      </LinearRing>
                    </outerBoundaryIs>
                  </Polygon>
                  <Polygon>
                    <altitudeMode>absolute</altitudeMode>
                    <outerBoundaryIs>
                      <LinearRing>
                        <coordinates>-96.75897457751377,32.718063914286866,119.2481663576577 -96.75897457751377,32.718063914286866,148.3181663576577 -96.75846501195453,32.717821632855895,148.3181663576577 -96.75846501195453,32.717821632855895,119.2481663576577</coordinates>
                      </LinearRing>
                    </outerBoundaryIs>
                  </Polygon>
                  <Polygon>
                    <altitudeMode>absolute</altitudeMode>
                    <outerBoundaryIs>
                      <LinearRing>
                        <coordinates>-96.75846501195453,32.717821632855895,119.2481663576577 -96.75846501195453,32.717821632855895,148.3181663576577 -96.7585573170772,32.71826205187992,148.3181663576577 -96.7585573170772,32.71826205187992,119.2481663576577</coordinates>
                      </LinearRing>
                    </outerBoundaryIs>
                  </Polygon>
                  <Polygon>
                    <altitudeMode>absolute</altitudeMode>
                    <outerBoundaryIs>
                      <LinearRing>
                        <coordinates>-96.7585573170772,32.71826205187992,119.2481663576577 -96.7585573170772,32.71826205187992,148.3181663576577 -96.75899607628425,32.718424015430124,148.3181663576577 -96.75899607628425,32.718424015430124,119.2481663576577</coordinates>
                      </LinearRing>
                    </outerBoundaryIs>
                  </Polygon>
                  <Polygon>
                    <altitudeMode>absolute</altitudeMode>
                    <outerBoundaryIs>
                      <LinearRing>
                        <coordinates>-96.75899607628425,32.718424015430124,119.2481663576577 -96.75899607628425,32.718424015430124,148.3181663576577 -96.75897457751377,32.718063914286866,148.3181663576577 -96.75897457751377,32.718063914286866,119.2481663576577</coordinates>
                      </LinearRing>
                    </outerBoundaryIs>
                  </Polygon>
                </MultiGeometry>
              </Placemark>
            </Folder>
          </Folder>
        </Folder>
        <Folder>
          <name>Check for conflict notifications</name>
        </Folder>
        <Folder>
          <name>Attempt to modify planned Flight 1 in conflict</name>
          <Folder>
            <name>E83: uss1_dss astm.f3548.v21.dss.queryOperationalIntentReferences</name>
            <Placemark>
              <name>area_of_interest</name>
              <styleUrl>#QueryArea</styleUrl>
              <description><![CDATA[<ul><li>uss1's Accepted 8be47069-8891-4f92-a81d-7f5a5cd97596[1]</li><li>uss1's Accepted ea07eddd-28b4-4e2e-9bb7-40c034e570ea[1]</li></ul>]]></description>
              <TimeSpan>
                <begin>2026-10-07T03:44:55.177409+00:00</begin>
                <end>2026-10-07T04:29:56.177409+00:00</end>
              </TimeSpan>
              <MultiGeometry>
                <Polygon>
                  <altitudeMode>absolute</altitudeMode>
                  <outerBoundaryIs>
                    <LinearRing>
                      <coordinates>-96.75885603693884,32.717772430826216,90.28721197182733 -96.75885603693884,32.71840061442382,90.28721197182733 -96.75793995876997,32.71840061442382,90.28721197182733 -96.75793995876997,32.717772430826216,90.28721197182733</coordinates>
                    </LinearRing>
                  </outerBoundaryIs>
                </Polygon>
                <Polygon>
                  <altitudeMode>absolute</altitudeMode>
                  <outerBoundaryIs>
                    <LinearRing>
                      <coordinates>-96.75885603693884,32.717772430826216,150.31721197182733 -96.75885603693884,32.71840061442382,150.31721197182733 -96.75793995876997,32.71840061442382,150.31721197182733 -96.75793995876997,32.717772430826216,150.31721197182733</coordinates>
                    </LinearRing>
                  </outerBoundaryIs>
                </Polygon>
                <Polygon>
                  <altitudeMode>absolute</altitudeMode>
                  <outerBoundaryIs>
                    <LinearRing>
                      <coordinates>-96.75885603693884,32.717772430826216,90.28721197182733 -96.75885603693884,32.717772430826216,150.31721197182733 -96.75885603693884,32.71840061442382,150.31721197182733 -96.75885603693884,32.71840061442382,90.28721197182733</coordinates>
                    </LinearRing>
                  </outerBoundaryIs>
                </Polygon>
                <Polygon>
                  <altitudeMode>absolute</altitudeMode>
                  <outerBoundaryIs>
                    <LinearRing>
                      <coordinates>-96.75885603693884,32.71840061442382,90.28721197182733 -96.75885603693884,32.71840061442382,150.31721197182733 -96.75793995876997,32.71840061442382,150.31721197182733 -96.75793995876997,32.71840061442382,90.28721197182733</coordinates>
                    </LinearRing>
                  </outerBoundaryIs>
                </Polygon>
                <Polygon>
                  <altitudeMode>absolute</altitudeMode>
                  <outerBoundaryIs>
                    <LinearRing>
                      <coordinates>-96.75793995876997,32.71840061442382,90.28721197182733 -96.75793995876997,32.71840061442382,150.31721197182733 -96.75793995876997,32.717772430826216,150.31721197182733 -96.75793995876997,32.717772430826216,90.28721197182733</coordinates>
                    </LinearRing>
                  </outerBoundaryIs>
                </Polygon>
                <Polygon>
                  <altitudeMode>absolute</altitudeMode>
                  <outerBoundaryIs>
                    <LinearRing>
                      <coordinates>-96.75793995876997,32.717772430826216,90.28721197182733 -96.75793995876997,32.717772430826216,150.31721197182733 -96.75885603693884,32.717772430826216,150.31721197182733 -96.75885603693884,32.717772430826216,90.28721197182733</coordinates>
                    </LinearRing>
                  </outerBoundaryIs>
                </Polygon>
              </MultiGeometry>
            </Placemark>
          </Folder>
          <Folder>
            <name>E85: uss1_core interuss.automated_testing.flight_planning.v1.UpsertFlightPlan</name>
            <Folder>
              <name>Activity Rejected, flight Planned</name>
              <Placemark>
                <name>Volume 0</name>
                <styleUrl>#Planned_Nominal</styleUrl>
                <TimeSpan>
                  <begin>2026-10-07T03:44:55.177409+00:00</begin>
                  <end>2026-10-07T04:29:56.177409+00:00</end>
                </TimeSpan>
                <MultiGeometry>
                  <Polygon>
                    <altitudeMode>absolute</altitudeMode>
                    <outerBoundaryIs>
                      <LinearRing>
                        <coordinates>-96.75840495207224,32.71792136563181,90.28688227633265 -96.75861737701852,32.71816231903137,90.28688227633265 -96.75823551948804,32.71840061442382,90.28688227633265 -96.75793995876997,32.718149288087204,90.28688227633265</coordinates>
                      </LinearRing>
                    </outerBoundaryIs>
                  </Polygon>
                  <Polygon>
                    <altitudeMode>absolute</altitudeMode>
                    <outerBoundaryIs>
                      <LinearRing>
                        <coordinates>-96.75840495207224,32.71792136563181,150.31688227633265 -96.75861737701852,32.71816231903137,150.31688227633265 -96.75823551948804,32.71840061442382,150.31688227633265 -96.75793995876997,32.718149288087204,150.31688227633265</coordinates>
                      </LinearRing>
                    </outerBoundaryIs>
                  </Polygon>
                  <Polygon>
                    <altitudeMode>absolute</altitudeMode>
                    <outerBoundaryIs>
                      <LinearRing>
                        <coordinates>-96.75840495207224,32.71792136563181,90.28688227633265 -96.75840495207224,32.71792136563181,150.31688227633265 -96.75861737701852,32.71816231903137,150.31688227633265 -96.75861737701852,32.71816231903137,90.28688227633265</coordinates>
                      </LinearRing>
                    </outerBoundaryIs>
                  </Polygon>
                  <Polygon>
                    <altitudeMode>absolute</altitudeMode>
                    <outerBoundaryIs>
                      <LinearRing>
                        <coordinates>-96.75861737701852,32.71816231903137,90.28688227633265 -96.75861737701852,32.71816231903137,150.31688227633265 -96.75823551948804,32.71840061442382,150.31688227633265 -96.75823551948804,32.71840061442382,90.28688227633265</coordinates>
                      </LinearRing>
                    </outerBoundaryIs>
                  </Polygon>
                  <Polygon>
                    <altitudeMode>absolute</altitudeMode>
                    <outerBoundaryIs>
                      <LinearRing>
                        <coordinates>-96.75823551948804,32.71840061442382,90.28688227633265 -96.75823551948804,32.71840061442382,150.31688227633265 -96.75793995876997,32.718149288087204,150.31688227633265 -96.75793995876997,32.718149288087204,90.28688227633265</coordinates>
                      </LinearRing>
                    </outerBoundaryIs>
                  </Polygon>
                  <Polygon>
                    <altitudeMode>absolute</altitudeMode>
                    <outerBoundaryIs>
                      <LinearRing>
                        <coordinates>-96.75793995876997,32.718149288087204,90.28688227633265 -96.75793995876997,32.718149288087204,150.31688227633265 -96.75840495207224,32.71792136563181,150.31688227633265 -96.75840495207224,32.71792136563181,90.28688227633265</coordinates>
                      </LinearRing>
                    </outerBoundaryIs>
                  </Polygon>
                </MultiGeometry>
              </Placemark>
            </Folder>
          </Folder>
          <Folder>
            <name>E88: uss1_dss astm.f3548.v21.dss.queryOperationalIntentReferences</name>
            <Placemark>
              <name>area_of_interest</name>
              <styleUrl>#QueryArea</styleUrl>
              <description><![CDATA[<ul><li>uss1's Accepted 8be47069-8891-4f92-a81d-7f5a5cd97596[1]</li><li>uss1's Accepted ea07eddd-28b4-4e2e-9bb7-40c034e570ea[1]</li></ul>]]></description>
              <TimeSpan>
                <begin>2026-10-07T03:44:55.177409+00:00</begin>
                <end>2026-10-07T04:29:56.177409+00:00</end>
              </TimeSpan>
              <MultiGeometry>
                <Polygon>
                  <altitudeMode>absolute</altitudeMode>
                  <outerBoundaryIs>
                    <LinearRing>
                      <coordinates>-96.75885603693884,32.717772430826216,90.28721197182733 -96.75885603693884,32.71840061442382,90.28721197182733 -96.75793995876997,32.71840061442382,90.28721197182733 -96.75793995876997,32.717772430826216,90.28721197182733</coordinates>
                    </LinearRing>
                  </outerBoundaryIs>
                </Polygon>
                <Polygon>
                  <altitudeMode>absolute</altitudeMode>
                  <outerBoundaryIs>
                    <LinearRing>
                      <coordinates>-96.75885603693884,32.717772430826216,150.31721197182733 -96.75885603693884,32.71840061442382,150.31721197182733 -96.75793995876997,32.71840061442382,150.31721197182733 -96.75793995876997,32.717772430826216,150.31721197182733</coordinates>
                    </LinearRing>
                  </outerBoundaryIs>
                </Polygon>
                <Polygon>
                  <altitudeMode>absolute</altitudeMode>
                  <outerBoundaryIs>
                    <LinearRing>
                      <coordinates>-96.75885603693884,32.717772430826216,90.28721197182733 -96.75885603693884,32.717772430826216,150.31721197182733 -96.75885603693884,32.71840061442382,150.31721197182733 -96.75885603693884,32.71840061442382,90.28721197182733</coordinates>
                    </LinearRing>
                  </outerBoundaryIs>
                </Polygon>
                <Polygon>
                  <altitudeMode>absolute</altitudeMode>
                  <outerBoundaryIs>
                    <LinearRing>
                      <coordinates>-96.75885603693884,32.71840061442382,90.28721197182733 -96.75885603693884,32.71840061442382,150.31721197182733 -96.75793995876997,32.71840061442382,150.31721197182733 -96.75793995876997,32.71840061442382,90.28721197182733</coordinates>
                    </LinearRing>
                  </outerBoundaryIs>
                </Polygon>
                <Polygon>
                  <altitudeMode>absolute</altitudeMode>
                  <outerBoundaryIs>
                    <LinearRing>
                      <coordinates>-96.75793995876997,32.71840061442382,90.28721197182733 -96.75793995876997,32.71840061442382,150.31721197182733 -96.75793995876997,32.717772430826216,150.31721197182733 -96.75793995876997,32.717772430826216,90.28721197182733</coordinates>
                    </LinearRing>
                  </outerBoundaryIs>
                </Polygon>
                <Polygon>
                  <altitudeMode>absolute</altitudeMode>
                  <outerBoundaryIs>
                    <LinearRing>
                      <coordinates>-96.75793995876997,32.717772430826216,90.28721197182733 -96.75793995876997,32.717772430826216,150.31721197182733 -96.75885603693884,32.717772430826216,150.31721197182733 -96.75885603693884,32.717772430826216,90.28721197182733</coordinates>
                    </LinearRing>
                  </outerBoundaryIs>
                </Polygon>
              </MultiGeometry>
            </Placemark>
          </Folder>
          <Folder>
            <name>E92: uss1_core astm.f3548.v21.uss.getOperationalIntentDetails</name>
            <Folder>
              <name>uss1's P0 Accepted ea07eddd-28b4-4e2e-9bb7-40c034e570ea[1] @ 8-5et4oR.vubOHjQhHmv51dkqA23bQd7tDlRxTA8bi4_</name>
              <Placemark>
                <name>Nominal volume 0</name>
                <styleUrl>#F3548v21Accepted</styleUrl>
                <TimeSpan>
                  <begin>2026-10-07T03:44:55.844184+00:00</begin>
                  <end>2026-10-07T04:29:55.812414+00:00</end>
                </TimeSpan>
                <MultiGeometry>
                  <Polygon>
                    <altitudeMode>absolute</altitudeMode>
                    <outerBoundaryIs>
                      <LinearRing>
                        <coordinates>-96.7586436117025,32.717772430826216,120.32727274253008 -96.75885603693884,32.71801338382339,120.32727274253008 -96.75823551948804,32.71840061442382,120.32727274253008 -96.75793995876997,32.718149288087204,120.32727274253008</coordinates>
                      </LinearRing>
                    </outerBoundaryIs>
                  </Polygon>
                  <Polygon>
                    <altitudeMode>absolute</altitudeMode>
                    <outerBoundaryIs>
                      <LinearRing>
                        <coordinates>-96.7586436117025,32.717772430826216,150.31727274253006 -96.75885603693884,32.71801338382339,150.31727274253006 -96.75823551948804,32.71840061442382,150.31727274253006 -96.75793995876997,32.718149288087204,150.31727274253006</coordinates>
                      </LinearRing>
                    </outerBoundaryIs>
                  </Polygon>
                  <Polygon>
                    <altitudeMode>absolute</altitudeMode>
                    <outerBoundaryIs>
                      <LinearRing>
                        <coordinates>-96.7586436117025,32.717772430826216,120.32727274253008 -96.7586436117025,32.717772430826216,150.31727274253006 -96.75885603693884,32.71801338382339,150.31727274253006 -96.75885603693884,32.71801338382339,120.32727274253008</coordinates>
                      </LinearRing>
                    </outerBoundaryIs>
                  </Polygon>
                  <Polygon>
                    <altitudeMode>absolute</altitudeMode>
                    <outerBoundaryIs>
                      <LinearRing>
                        <coordinates>-96.75885603693884,32.71801338382339,120.32727274253008 -96.75885603693884,32.71801338382339,150.31727274253006 -96.75823551948804,32.71840061442382,150.31727274253006 -96.75823551948804,32.71840061442382,120.32727274253008</coordinates>
                      </LinearRing>
                    </outerBoundaryIs>
                  </Polygon>
                  <Polygon>
                    <altitudeMode>absolute</altitudeMode>
                    <outerBoundaryIs>
                      <LinearRing>
                        <coordinates>-96.75823551948804,32.71840061442382,120.32727274253008 -96.75823551948804,32.71840061442382,150.31727274253006 -96.75793995876997,32.718149288087204,150.31727274253006 -96.75793995876997,32.718149288087204,120.32727274253008</coordinates>
                      </LinearRing>
                    </outerBoundaryIs>
                  </Polygon>
                  <Polygon>
                    <altitudeMode>absolute</altitudeMode>
                    <outerBoundaryIs>
                      <LinearRing>
                        <coordinates>-96.75793995876997,32.718149288087204,120.32727274253008 -96.75793995876997,32.718149288087204,150.31727274253006 -96.7586436117025,32.717772430826216,150.31727274253006 -96.7586436117025,32.717772430826216,120.32727274253008</coordinates>
                      </LinearRing>
                    </outerBoundaryIs>
                  </Polygon>
                </MultiGeometry>
              </Placemark>
            </Folder>
          </Folder>
        </Folder>
      </Folder>
      <Folder>
        <name>Attempt to activate flight in conflict</name>
        <Folder>
          <name>Attempt to activate conflicting Flight 1</name>
          <Folder>
            <name>E101: uss1_dss astm.f3548.v21.dss.queryOperationalIntentReferences</name>
            <Placemark>
              <name>area_of_interest</name>
              <styleUrl>#QueryArea</styleUrl>
              <description><![CDATA[<ul><li>uss1's Accepted 8be47069-8891-4f92-a81d-7f5a5cd97596[1]</li><li>uss1's Accepted ea07eddd-28b4-4e2e-9bb7-40c034e570ea[1]</li></ul>]]></description>
              <TimeSpan>
                <begin>2026-10-07T03:44:55.276836+00:00</begin>
                <end>2026-10-07T04:29:56.276836+00:00</end>
              </TimeSpan>
              <MultiGeometry>
                <Polygon>
                  <altitudeMode>absolute</altitudeMode>
                  <outerBoundaryIs>
                    <LinearRing>
                      <coordinates>-96.75885603693884,32.717772430826216,120.32721197182734 -96.75885603693884,32.71840061442382,120.32721197182734 -96.75793995876997,32.71840061442382,120.32721197182734 -96.75793995876997,32.717772430826216,120.32721197182734</coordinates>
                    </LinearRing>
                  </outerBoundaryIs>
                </Polygon>
                <Polygon>
                  <altitudeMode>absolute</altitudeMode>
                  <outerBoundaryIs>
                    <LinearRing>
                      <coordinates>-96.75885603693884,32.717772430826216,150.31721197182733 -96.75885603693884,32.71840061442382,150.31721197182733 -96.75793995876997,32.71840061442382,150.31721197182733 -96.75793995876997,32.717772430826216,150.31721197182733</coordinates>
                    </LinearRing>
                  </outerBoundaryIs>
                </Polygon>
                <Polygon>
                  <altitudeMode>absolute</altitudeMode>
                  <outerBoundaryIs>
                    <LinearRing>
                      <coordinates>-96.75885603693884,32.717772430826216,120.32721197182734 -96.75885603693884,32.717772430826216,150.31721197182733 -96.75885603693884,32.71840061442382,150.31721197182733 -96.75885603693884,32.71840061442382,120.32721197182734</coordinates>
                    </LinearRing>
                  </outerBoundaryIs>
                </Polygon>
                <Polygon>
                  <altitudeMode>absolute</altitudeMode>
                  <outerBoundaryIs>
                    <LinearRing>
                      <coordinates>-96.75885603693884,32.71840061442382,120.32721197182734 -96.75885603693884,32.71840061442382,150.31721197182733 -96.75793995876997,32.71840061442382,150.31721197182733 -96.75793995876997,32.71840061442382,120.32721197182734</coordinates>
                    </LinearRing>
                  </outerBoundaryIs>
                </Polygon>
                <Polygon>
                  <altitudeMode>absolute</altitudeMode>
                  <outerBoundaryIs>
                    <LinearRing>
                      <coordinates>-96.75793995876997,32.71840061442382,120.32721197182734 -96.75793995876997,32.71840061442382,150.31721197182733 -96.75793995876997,32.717772430826216,150.31721197182733 -96.75793995876997,32.717772430826216,120.32721197182734</coordinates>
                    </LinearRing>
                  </outerBoundaryIs>
                </Polygon>
                <Polygon>
                  <altitudeMode>absolute</altitudeMode>
                  <outerBoundaryIs>
                    <LinearRing>
                      <coordinates>-96.75793995876997,32.717772430826216,120.32721197182734 -96.75793995876997,32.717772430826216,150.31721197182733 -96.75885603693884,32.717772430826216,150.31721197182733 -96.75885603693884,32.717772430826216,120.32721197182734</coordinates>
                    </LinearRing>
                  </outerBoundaryIs>
                </Polygon>
              </MultiGeometry>
            </Placemark>
          </Folder>
          <Folder>
            <name>E103: uss1_core interuss.automated_testing.flight_planning.v1.UpsertFlightPlan</name>
            <Folder>
              <name>Activity Rejected, flight Planned</name>
              <Placemark>
                <name>Volume 0</name>
                <styleUrl>#InUse_Nominal</styleUrl>
                <TimeSpan>
                  <begin>2026-10-07T03:44:55.276836+00:00</begin>
                  <end>2026-10-07T04:29:56.276836+00:00</end>
                </TimeSpan>
                <MultiGeometry>
                  <Polygon>
                    <altitudeMode>absolute</altitudeMode>
                    <outerBoundaryIs>
                      <LinearRing>
                        <coordinates>-96.7586436117025,32.717772430826216,120.33727274253008 -96.75885603693884,32.71801338382339,120.33727274253008 -96.75823551948804,32.71840061442382,120.33727274253008 -96.75793995876997,32.718149288087204,120.33727274253008</coordinates>
                      </LinearRing>
                    </outerBoundaryIs>
                  </Polygon>
                  <Polygon>
                    <altitudeMode>absolute</altitudeMode>
                    <outerBoundaryIs>
                      <LinearRing>
                        <coordinates>-96.7586436117025,32.717772430826216,150.31727274253006 -96.75885603693884,32.71801338382339,150.31727274253006 -96.75823551948804,32.71840061442382,150.31727274253006 -96.75793995876997,32.718149288087204,150.31727274253006</coordinates>
                      </LinearRing>
                    </outerBoundaryIs>
                  </Polygon>
                  <Polygon>
                    <altitudeMode>absolute</altitudeMode>
                    <outerBoundaryIs>
                      <LinearRing>
                        <coordinates>-96.7586436117025,32.717772430826216,120.33727274253008 -96.7586436117025,32.717772430826216,150.31727274253006 -96.75885603693884,32.71801338382339,150.31727274253006 -96.75885603693884,32.71801338382339,120.33727274253008</coordinates>
                      </LinearRing>
                    </outerBoundaryIs>
                  </Polygon>
                  <Polygon>
                    <altitudeMode>absolute</altitudeMode>
                    <outerBoundaryIs>
                      <LinearRing>
                        <coordinates>-96.75885603693884,32.71801338382339,120.33727274253008 -96.75885603693884,32.71801338382339,150.31727274253006 -96.75823551948804,32.71840061442382,150.31727274253006 -96.75823551948804,32.71840061442382,120.33727274253008</coordinates>
                      </LinearRing>
                    </outerBoundaryIs>
                  </Polygon>
                  <Polygon>
                    <altitudeMode>absolute</altitudeMode>
                    <outerBoundaryIs>
                      <LinearRing>
                        <coordinates>-96.75823551948804,32.71840061442382,120.33727274253008 -96.75823551948804,32.71840061442382,150.31727274253006 -96.75793995876997,32.718149288087204,150.31727274253006 -96.75793995876997,32.718149288087204,120.33727274253008</coordinates>
                      </LinearRing>
                    </outerBoundaryIs>
                  </Polygon>
                  <Polygon>
                    <altitudeMode>absolute</altitudeMode>
                    <outerBoundaryIs>
                      <LinearRing>
                        <coordinates>-96.75793995876997,32.718149288087204,120.33727274253008 -96.75793995876997,32.718149288087204,150.31727274253006 -96.7586436117025,32.717772430826216,150.31727274253006 -96.7586436117025,32.717772430826216,120.33727274253008</coordinates>
                      </LinearRing>
                    </outerBoundaryIs>
                  </Polygon>
                </MultiGeometry>
              </Placemark>
            </Folder>
          </Folder>
          <Folder>
            <name>E106: uss1_dss astm.f3548.v21.dss.queryOperationalIntentReferences</name>
            <Placemark>
              <name>area_of_interest</name>
              <styleUrl>#QueryArea</styleUrl>
              <description><![CDATA[<ul><li>uss1's Accepted 8be47069-8891-4f92-a81d-7f5a5cd97596[1]</li><li>uss1's Accepted ea07eddd-28b4-4e2e-9bb7-40c034e570ea[1]</li></ul>]]></description>
              <TimeSpan>
                <begin>2026-10-07T03:44:55.276836+00:00</begin>
                <end>2026-10-07T04:29:56.276836+00:00</end>
              </TimeSpan>
              <MultiGeometry>
                <Polygon>
                  <altitudeMode>absolute</altitudeMode>
                  <outerBoundaryIs>
                    <LinearRing>
                      <coordinates>-96.75885603693884,32.717772430826216,120.32721197182734 -96.75885603693884,32.71840061442382,120.32721197182734 -96.75793995876997,32.71840061442382,120.32721197182734 -96.75793995876997,32.717772430826216,120.32721197182734</coordinates>
                    </LinearRing>
                  </outerBoundaryIs>
                </Polygon>
                <Polygon>
                  <altitudeMode>absolute</altitudeMode>
                  <outerBoundaryIs>
                    <LinearRing>
                      <coordinates>-96.75885603693884,32.717772430826216,150.31721197182733 -96.75885603693884,32.71840061442382,150.31721197182733 -96.75793995876997,32.71840061442382,150.31721197182733 -96.75793995876997,32.717772430826216,150.31721197182733</coordinates>
                    </LinearRing>
                  </outerBoundaryIs>
                </Polygon>
                <Polygon>
                  <altitudeMode>absolute</altitudeMode>
                  <outerBoundaryIs>
                    <LinearRing>
                      <coordinates>-96.75885603693884,32.717772430826216,120.32721197182734 -96.75885603693884,32.717772430826216,150.31721197182733 -96.75885603693884,32.71840061442382,150.31721197182733 -96.75885603693884,32.71840061442382,120.32721197182734</coordinates>
                    </LinearRing>
                  </outerBoundaryIs>
                </Polygon>
                <Polygon>
                  <altitudeMode>absolute</altitudeMode>
                  <outerBoundaryIs>
                    <LinearRing>
                      <coordinates>-96.75885603693884,32.71840061442382,120.32721197182734 -96.75885603693884,32.71840061442382,150.31721197182733 -96.75793995876997,32.71840061442382,150.31721197182733 -96.75793995876997,32.71840061442382,120.32721197182734</coordinates>
                    </LinearRing>
                  </outerBoundaryIs>
                </Polygon>
                <Polygon>
                  <altitudeMode>absolute</altitudeMode>
                  <outerBoundaryIs>
                    <LinearRing>
                      <coordinates>-96.75793995876997,32.71840061442382,120.32721197182734 -96.75793995876997,32.71840061442382,150.31721197182733 -96.75793995876997,32.717772430826216,150.31721197182733 -96.75793995876997,32.717772430826216,120.32721197182734</coordinates>
                    </LinearRing>
                  </outerBoundaryIs>
                </Polygon>
                <Polygon>
                  <altitudeMode>absolute</altitudeMode>
                  <outerBoundaryIs>
                    <LinearRing>
                      <coordinates>-96.75793995876997,32.717772430826216,120.32721197182734 -96.75793995876997,32.717772430826216,150.31721197182733 -96.75885603693884,32.717772430826216,150.31721197182733 -96.75885603693884,32.717772430826216,120.32721197182734</coordinates>
                    </LinearRing>
                  </outerBoundaryIs>
                </Polygon>
              </MultiGeometry>
            </Placemark>
          </Folder>
          <Folder>
            <name>E110: uss1_core astm.f3548.v21.uss.getOperationalIntentDetails</name>
            <Folder>
              <name>uss1's P0 Accepted ea07eddd-28b4-4e2e-9bb7-40c034e570ea[1] @ 8-5et4oR.vubOHjQhHmv51dkqA23bQd7tDlRxTA8bi4_</name>
              <Placemark>
                <name>Nominal volume 0</name>
                <styleUrl>#F3548v21Accepted</styleUrl>
                <TimeSpan>
                  <begin>2026-10-07T03:44:55.844184+00:00</begin>
                  <end>2026-10-07T04:29:55.812414+00:00</end>
                </TimeSpan>
                <MultiGeometry>
                  <Polygon>
                    <altitudeMode>absolute</altitudeMode>
                    <outerBoundaryIs>
                      <LinearRing>
                        <coordinates>-96.7586436117025,32.717772430826216,120.32727274253008 -96.75885603693884,32.71801338382339,120.32727274253008 -96.75823551948804,32.71840061442382,120.32727274253008 -96.75793995876997,32.718149288087204,120.32727274253008</coordinates>
                      </LinearRing>
                    </outerBoundaryIs>
                  </Polygon>
                  <Polygon>
                    <altitudeMode>absolute</altitudeMode>
                    <outerBoundaryIs>
                      <LinearRing>
                        <coordinates>-96.7586436117025,32.717772430826216,150.31727274253006 -96.75885603693884,32.71801338382339,150.31727274253006 -96.75823551948804,32.71840061442382,150.31727274253006 -96.75793995876997,32.718149288087204,150.31727274253006</coordinates>
                      </LinearRing>
                    </outerBoundaryIs>
                  </Polygon>
                  <Polygon>
                    <altitudeMode>absolute</altitudeMode>
                    <outerBoundaryIs>
                      <LinearRing>
                        <coordinates>-96.7586436117025,32.717772430826216,120.32727274253008 -96.7586436117025,32.717772430826216,150.31727274253006 -96.75885603693884,32.71801338382339,150.31727274253006 -96.75885603693884,32.71801338382339,120.32727274253008</coordinates>
                      </LinearRing>
                    </outerBoundaryIs>
                  </Polygon>
                  <Polygon>
                    <altitudeMode>absolute</altitudeMode>
                    <outerBoundaryIs>
                      <LinearRing>
                        <coordinates>-96.75885603693884,32.71801338382339,120.32727274253008 -96.75885603693884,32.71801338382339,150.31727274253006 -96.75823551948804,32.71840061442382,150.31727274253006 -96.75823551948804,32.71840061442382,120.32727274253008</coordinates>
                      </LinearRing>
                    </outerBoundaryIs>
                  </Polygon>
                  <Polygon>
                    <altitudeMode>absolute</altitudeMode>
                    <outerBoundaryIs>
                      <LinearRing>
                        <coordinates>-96.75823551948804,32.71840061442382,120.32727274253008 -96.75823551948804,32.71840061442382,150.31727274253006 -96.75793995876997,32.718149288087204,150.31727274253006 -96.75793995876997,32.718149288087204,120.32727274253008</coordinates>
                      </LinearRing>
                    </outerBoundaryIs>
                  </Polygon>
                  <Polygon>
                    <altitudeMode>absolute</altitudeMode>
                    <outerBoundaryIs>
                      <LinearRing>
                        <coordinates>-96.75793995876997,32.718149288087204,120.32727274253008 -96.75793995876997,32.718149288087204,150.31727274253006 -96.7586436117025,32.717772430826216,150.31727274253006 -96.7586436117025,32.717772430826216,120.32727274253008</coordinates>
                      </LinearRing>
                    </outerBoundaryIs>
                  </Polygon>
                </MultiGeometry>
              </Placemark>
            </Folder>
          </Folder>
        </Folder>
      </Folder>
      <Folder>
        <name>Modify activated flight with pre-existing conflict</name>
        <Folder>
          <name>Delete Flight 2</name>
        </Folder>
        <Folder>
          <name>Activate Flight 1</name>
          <Folder>
            <name>E121: uss1_dss astm.f3548.v21.dss.queryOperationalIntentReferences</name>
            <Placemark>
              <name>area_of_interest</name>
              <styleUrl>#QueryArea</styleUrl>
              <description><![CDATA[<ul><li>uss1's Accepted ea07eddd-28b4-4e2e-9bb7-40c034e570ea[1]</li></ul>]]></description>
              <TimeSpan>
                <begin>2026-10-07T03:44:55.427230+00:00</begin>
                <end>2026-10-07T04:29:56.427230+00:00</end>
              </TimeSpan>
              <MultiGeometry>
                <Polygon>
                  <altitudeMode>absolute</altitudeMode>
                  <outerBoundaryIs>
                    <LinearRing>
                      <coordinates>-96.75885603693884,32.717772430826216,120.33721197182733 -96.75885603693884,32.71840061442382,120.33721197182733 -96.75793995876997,32.71840061442382,120.33721197182733 -96.75793995876997,32.717772430826216,120.33721197182733</coordinates>
                    </LinearRing>
                  </outerBoundaryIs>
                </Polygon>
                <Polygon>
                  <altitudeMode>absolute</altitudeMode>
                  <outerBoundaryIs>
                    <LinearRing>
                      <coordinates>-96.75885603693884,32.717772430826216,150.31721197182733 -96.75885603693884,32.71840061442382,150.31721197182733 -96.75793995876997,32.71840061442382,150.31721197182733 -96.75793995876997,32.717772430826216,150.31721197182733</coordinates>
                    </LinearRing>
                  </outerBoundaryIs>
                </Polygon>
                <Polygon>
                  <altitudeMode>absolute</altitudeMode>
                  <outerBoundaryIs>
                    <LinearRing>
                      <coordinates>-96.75885603693884,32.717772430826216,120.33721197182733 -96.75885603693884,32.717772430826216,150.31721197182733 -96.75885603693884,32.71840061442382,150.31721197182733 -96.75885603693884,32.71840061442382,120.33721197182733</coordinates>
                    </LinearRing>
                  </outerBoundaryIs>
                </Polygon>
                <Polygon>
                  <altitudeMode>absolute</altitudeMode>
                  <outerBoundaryIs>
                    <LinearRing>
                      <coordinates>-96.75885603693884,32.71840061442382,120.33721197182733 -96.75885603693884,32.71840061442382,150.31721197182733 -96.75793995876997,32.71840061442382,150.31721197182733 -96.75793995876997,32.71840061442382,120.33721197182733</coordinates>
                    </LinearRing>
                  </outerBoundaryIs>
                </Polygon>
                <Polygon>
                  <altitudeMode>absolute</altitudeMode>
                  <outerBoundaryIs>
                    <LinearRing>
                      <coordinates>-96.75793995876997,32.71840061442382,120.33721197182733 -96.75793995876997,32.71840061442382,150.31721197182733 -96.75793995876997,32.717772430826216,150.31721197182733 -96.75793995876997,32.717772430826216,120.33721197182733</coordinates>
                    </LinearRing>
                  </outerBoundaryIs>
                </Polygon>
                <Polygon>
                  <altitudeMode>absolute</altitudeMode>
                  <outerBoundaryIs>
                    <LinearRing>
                      <coordinates>-96.75793995876997,32.717772430826216,120.33721197182733 -96.75793995876997,32.717772430826216,150.31721197182733 -96.75885603693884,32.717772430826216,150.31721197182733 -96.75885603693884,32.717772430826216,120.33721197182733</coordinates>
                    </LinearRing>
                  </outerBoundaryIs>
                </Polygon>
              </MultiGeometry>
            </Placemark>
          </Folder>
          <Folder>
            <name>E123: uss1_core interuss.automated_testing.flight_planning.v1.UpsertFlightPlan</name>
            <Folder>
              <name>Activity Completed, flight OkToFly</name>
              <Placemark>
                <name>Volume 0</name>
                <styleUrl>#InUse_Nominal</styleUrl>
                <TimeSpan>
                  <begin>2026-10-07T03:44:55.427230+00:00</begin>
                  <end>2026-10-07T04:29:56.427230+00:00</end>
                </TimeSpan>
                <MultiGeometry>
                  <Polygon>
                    <altitudeMode>absolute</altitudeMode>
                    <outerBoundaryIs>
                      <LinearRing>
                        <coordinates>-96.7586436117025,32.717772430826216,120.33727274253008 -96.75885603693884,32.71801338382339,120.33727274253008 -96.75823551948804,32.71840061442382,120.33727274253008 -96.75793995876997,32.718149288087204,120.33727274253008</coordinates>
                      </LinearRing>
                    </outerBoundaryIs>
                  </Polygon>
                  <Polygon>
                    <altitudeMode>absolute</altitudeMode>
                    <outerBoundaryIs>
                      <LinearRing>
                        <coordinates>-96.7586436117025,32.717772430826216,150.31727274253006 -96.75885603693884,32.71801338382339,150.31727274253006 -96.75823551948804,32.71840061442382,150.31727274253006 -96.75793995876997,32.718149288087204,150.31727274253006</coordinates>
                      </LinearRing>
                    </outerBoundaryIs>
                  </Polygon>
                  <Polygon>
                    <altitudeMode>absolute</altitudeMode>
                    <outerBoundaryIs>
                      <LinearRing>
                        <coordinates>-96.7586436117025,32.717772430826216,120.33727274253008 -96.7586436117025,32.717772430826216,150.31727274253006 -96.75885603693884,32.71801338382339,150.31727274253006 -96.75885603693884,32.71801338382339,120.33727274253008</coordinates>
                      </LinearRing>
                    </outerBoundaryIs>
                  </Polygon>
                  <Polygon>
                    <altitudeMode>absolute</altitudeMode>
                    <outerBoundaryIs>
                      <LinearRing>
                        <coordinates>-96.75885603693884,32.71801338382339,120.33727274253008 -96.75885603693884,32.71801338382339,150.31727274253006 -96.75823551948804,32.71840061442382,150.31727274253006 -96.75823551948804,32.71840061442382,120.33727274253008</coordinates>
                      </LinearRing>
                    </outerBoundaryIs>
                  </Polygon>
                  <Polygon>
                    <altitudeMode>absolute</altitudeMode>
                    <outerBoundaryIs>
                      <LinearRing>
                        <coordinates>-96.75823551948804,32.71840061442382,120.33727274253008 -96.75823551948804,32.71840061442382,150.31727274253006 -96.75793995876997,32.718149288087204,150.31727274253006 -96.75793995876997,32.718149288087204,120.33727274253008</coordinates>
                      </LinearRing>
                    </outerBoundaryIs>
                  </Polygon>
                  <Polygon>
                    <altitudeMode>absolute</altitudeMode>
                    <outerBoundaryIs>
                      <LinearRing>
                        <coordinates>-96.75793995876997,32.718149288087204,120.33727274253008 -96.75793995876997,32.718149288087204,150.31727274253006 -96.7586436117025,32.717772430826216,150.31727274253006 -96.7586436117025,32.717772430826216,120.33727274253008</coordinates>
                      </LinearRing>
                    </outerBoundaryIs>
                  </Polygon>
                </MultiGeometry>
              </Placemark>
            </Folder>
          </Folder>
          <Folder>
            <name>E127: uss1_dss astm.f3548.v21.dss.queryOperationalIntentReferences</name>
            <Placemark>
              <name>area_of_interest</name>
              <styleUrl>#QueryArea</styleUrl>
              <description><![CDATA[<ul><li>uss1's Activated ea07eddd-28b4-4e2e-9bb7-40c034e570ea[2]</li></ul>]]></description>
              <TimeSpan>
                <begin>2026-10-07T03:44:55.427230+00:00</begin>
                <end>2026-10-07T04:29:56.427230+00:00</end>
              </TimeSpan>
              <MultiGeometry>
                <Polygon>
                  <altitudeMode>absolute</altitudeMode>
                  <outerBoundaryIs>
                    <LinearRing>
                      <coordinates>-96.75885603693884,32.717772430826216,120.33721197182733 -96.75885603693884,32.71840061442382,120.33721197182733 -96.75793995876997,32.71840061442382,120.33721197182733 -96.75793995876997,32.717772430826216,120.33721197182733</coordinates>
                    </LinearRing>
                  </outerBoundaryIs>
                </Polygon>
                <Polygon>
                  <altitudeMode>absolute</altitudeMode>
                  <outerBoundaryIs>
                    <LinearRing>
                      <coordinates>-96.75885603693884,32.717772430826216,150.31721197182733 -96.75885603693884,32.71840061442382,150.31721197182733 -96.75793995876997,32.71840061442382,150.31721197182733 -96.75793995876997,32.717772430826216,150.31721197182733</coordinates>
                    </LinearRing>
                  </outerBoundaryIs>
                </Polygon>
                <Polygon>
                  <altitudeMode>absolute</altitudeMode>
                  <outerBoundaryIs>
                    <LinearRing>
                      <coordinates>-96.75885603693884,32.717772430826216,120.33721197182733 -96.75885603693884,32.717772430826216,150.31721197182733 -96.75885603693884,32.71840061442382,150.31721197182733 -96.75885603693884,32.71840061442382,120.33721197182733</coordinates>
                    </LinearRing>
                  </outerBoundaryIs>
                </Polygon>
                <Polygon>
                  <altitudeMode>absolute</altitudeMode>
                  <outerBoundaryIs>
                    <LinearRing>
                      <coordinates>-96.75885603693884,32.71840061442382,120.33721197182733 -96.75885603693884,32.71840061442382,150.31721197182733 -96.75793995876997,32.71840061442382,150.31721197182733 -96.75793995876997,32.71840061442382,120.33721197182733</coordinates>
                    </LinearRing>
                  </outerBoundaryIs>
                </Polygon>
                <Polygon>
                  <altitudeMode>absolute</altitudeMode>
                  <outerBoundaryIs>
                    <LinearRing>
                      <coordinates>-96.75793995876997,32.71840061442382,120.33721197182733 -96.75793995876997,32.71840061442382,150.31721197182733 -96.75793995876997,32.717772430826216,150.31721197182733 -96.75793995876997,32.717772430826216,120.33721197182733</coordinates>
                    </LinearRing>
                  </outerBoundaryIs>
                </Polygon>
                <Polygon>
                  <altitudeMode>absolute</altitudeMode>
                  <outerBoundaryIs>
                    <LinearRing>
                      <coordinates>-96.75793995876997,32.717772430826216,120.33721197182733 -96.75793995876997,32.717772430826216,150.31721197182733 -96.75885603693884,32.717772430826216,150.31721197182733 -96.75885603693884,32.717772430826216,120.33721197182733</coordinates>
                    </LinearRing>
                  </outerBoundaryIs>
                </Polygon>
              </MultiGeometry>
            </Placemark>
          </Folder>
          <Folder>
            <name>E132: uss1_core astm.f3548.v21.uss.getOperationalIntentDetails</name>
            <Folder>
              <name>uss1's P0 Activated ea07eddd-28b4-4e2e-9bb7-40c034e570ea[2] @ zN82Nl7VJjEC0Woy5APdurBaNH-lN4psGUtWva77JPQ_</name>
              <Placemark>
                <name>Nominal volume 0</name>
                <styleUrl>#F3548v21Activated</styleUrl>
                <TimeSpan>
                  <begin>2026-10-07T03:44:56.451839+00:00</begin>
                  <end>2026-10-07T04:29:56.427230+00:00</end>
                </TimeSpan>
                <MultiGeometry>
                  <Polygon>
                    <altitudeMode>absolute</altitudeMode>
                    <outerBoundaryIs>
                      <LinearRing>
                        <coordinates>-96.7586436117025,32.717772430826216,120.33727274253008 -96.75885603693884,32.71801338382339,120.33727274253008 -96.75823551948804,32.71840061442382,120.33727274253008 -96.75793995876997,32.718149288087204,120.33727274253008</coordinates>
                      </LinearRing>
                    </outerBoundaryIs>
                  </Polygon>
                  <Polygon>
                    <altitudeMode>absolute</altitudeMode>
                    <outerBoundaryIs>
                      <LinearRing>
                        <coordinates>-96.7586436117025,32.717772430826216,150.31727274253006 -96.75885603693884,32.71801338382339,150.31727274253006 -96.75823551948804,32.71840061442382,150.31727274253006 -96.75793995876997,32.718149288087204,150.31727274253006</coordinates>
                      </LinearRing>
                    </outerBoundaryIs>
                  </Polygon>
                  <Polygon>
                    <altitudeMode>absolute</altitudeMode>
                    <outerBoundaryIs>
                      <LinearRing>
                        <coordinates>-96.7586436117025,32.717772430826216,120.33727274253008 -96.7586436117025,32.717772430826216,150.31727274253006 -96.75885603693884,32.71801338382339,150.31727274253006 -96.75885603693884,32.71801338382339,120.33727274253008</coordinates>
                      </LinearRing>
                    </outerBoundaryIs>
                  </Polygon>
                  <Polygon>
                    <altitudeMode>absolute</altitudeMode>
                    <outerBoundaryIs>
                      <LinearRing>
                        <coordinates>-96.75885603693884,32.71801338382339,120.33727274253008 -96.75885603693884,32.71801338382339,150.31727274253006 -96.75823551948804,32.71840061442382,150.31727274253006 -96.75823551948804,32.71840061442382,120.33727274253008</coordinates>
                      </LinearRing>
                    </outerBoundaryIs>
                  </Polygon>
                  <Polygon>
                    <altitudeMode>absolute</altitudeMode>
                    <outerBoundaryIs>
                      <LinearRing>
                        <coordinates>-96.75823551948804,32.71840061442382,120.33727274253008 -96.75823551948804,32.71840061442382,150.31727274253006 -96.75793995876997,32.718149288087204,150.31727274253006 -96.75793995876997,32.718149288087204,120.33727274253008</coordinates>
                      </LinearRing>
                    </outerBoundaryIs>
                  </Polygon>
                  <Polygon>
                    <altitudeMode>absolute</altitudeMode>
                    <outerBoundaryIs>
                      <LinearRing>
                        <coordinates>-96.75793995876997,32.718149288087204,120.33727274253008 -96.75793995876997,32.718149288087204,150.31727274253006 -96.7586436117025,32.717772430826216,150.31727274253006 -96.7586436117025,32.717772430826216,120.33727274253008</coordinates>
                      </LinearRing>
                    </outerBoundaryIs>
                  </Polygon>
                </MultiGeometry>
              </Placemark>
            </Folder>
          </Folder>
        </Folder>
        <Folder>
          <name>Plan Flight 2</name>
          <Folder>
            <name>E141: uss1_dss astm.f3548.v21.dss.queryOperationalIntentReferences</name>
            <Placemark>
              <name>area_of_interest</name>
              <styleUrl>#QueryArea</styleUrl>
              <description><![CDATA[<ul><li>uss1's Activated ea07eddd-28b4-4e2e-9bb7-40c034e570ea[2]</li></ul>]]></description>
              <TimeSpan>
                <begin>2026-10-07T03:44:55.551170+00:00</begin>
                <end>2026-10-07T04:29:56.551170+00:00</end>
              </TimeSpan>
              <MultiGeometry>
                <Polygon>
                  <altitudeMode>absolute</altitudeMode>
                  <outerBoundaryIs>
                    <LinearRing>
                      <coordinates>-96.75899607628425,32.717821632855895,119.24813014424481 -96.75899607628425,32.718424015430124,119.24813014424481 -96.75846501195453,32.718424015430124,119.24813014424481 -96.75846501195453,32.717821632855895,119.24813014424481</coordinates>
                    </LinearRing>
                  </outerBoundaryIs>
                </Polygon>
                <Polygon>
                  <altitudeMode>absolute</altitudeMode>
                  <outerBoundaryIs>
                    <LinearRing>
                      <coordinates>-96.75899607628425,32.717821632855895,148.3181301442448 -96.75899607628425,32.718424015430124,148.3181301442448 -96.75846501195453,32.718424015430124,148.3181301442448 -96.75846501195453,32.717821632855895,148.3181301442448</coordinates>
                    </LinearRing>
                  </outerBoundaryIs>
                </Polygon>
                <Polygon>
                  <altitudeMode>absolute</altitudeMode>
                  <outerBoundaryIs>
                    <LinearRing>
                      <coordinates>-96.75899607628425,32.717821632855895,119.24813014424481 -96.75899607628425,32.717821632855895,148.3181301442448 -96.75899607628425,32.718424015430124,148.3181301442448 -96.75899607628425,32.718424015430124,119.24813014424481</coordinates>
                    </LinearRing>
                  </outerBoundaryIs>
                </Polygon>
                <Polygon>
                  <altitudeMode>absolute</altitudeMode>
                  <outerBoundaryIs>
                    <LinearRing>
                      <coordinates>-96.75899607628425,32.718424015430124,119.24813014424481 -96.75899607628425,32.718424015430124,148.3181301442448 -96.75846501195453,32.718424015430124,148.3181301442448 -96.75846501195453,32.718424015430124,119.24813014424481</coordinates>
                    </LinearRing>
                  </outerBoundaryIs>
                </Polygon>
                <Polygon>
                  <altitudeMode>absolute</altitudeMode>
                  <outerBoundaryIs>
                    <LinearRing>
                      <coordinates>-96.75846501195453,32.718424015430124,119.24813014424481 -96.75846501195453,32.718424015430124,148.3181301442448 -96.75846501195453,32.717821632855895,148.3181301442448 -96.75846501195453,32.717821632855895,119.24813014424481</coordinates>
                    </LinearRing>
                  </outerBoundaryIs>
                </Polygon>
                <Polygon>
                  <altitudeMode>absolute</altitudeMode>
                  <outerBoundaryIs>
                    <LinearRing>
                      <coordinates>-96.75846501195453,32.717821632855895,119.24813014424481 -96.75846501195453,32.717821632855895,148.3181301442448 -96.75899607628425,32.717821632855895,148.3181301442448 -96.75899607628425,32.717821632855895,119.24813014424481</coordinates>
                    </LinearRing>
                  </outerBoundaryIs>
                </Polygon>
              </MultiGeometry>
            </Placemark>
          </Folder>
          <Folder>
            <name>E143: uss1_core interuss.automated_testing.flight_planning.v1.UpsertFlightPlan</name>
            <Folder>
              <name>Activity Completed, flight Planned</name>
              <Placemark>
                <name>Volume 0</name>
                <styleUrl>#Planned_Nominal</styleUrl>
                <TimeSpan>
                  <begin>2026-10-07T03:44:55.551170+00:00</begin>
                  <end>2026-10-07T04:29:56.551170+00:00</end>
                </TimeSpan>
                <MultiGeometry>
                  <Polygon>
                    <altitudeMode>absolute</altitudeMode>
                    <outerBoundaryIs>
                      <LinearRing>
                        <coordinates>-96.75897457751377,32.718063914286866,119.2481663576577 -96.75846501195453,32.717821632855895,119.2481663576577 -96.7585573170772,32.71826205187992,119.2481663576577 -96.75899607628425,32.718424015430124,119.2481663576577</coordinates>
                      </LinearRing>
                    </outerBoundaryIs>
                  </Polygon>
                  <Polygon>
                    <altitudeMode>absolute</altitudeMode>
                    <outerBoundaryIs>
                      <LinearRing>
                        <coordinates>-96.75897457751377,32.718063914286866,148.3181663576577 -96.75846501195453,32.717821632855895,148.3181663576577 -96.7585573170772,32.71826205187992,148.3181663576577 -96.75899607628425,32.718424015430124,148.3181663576577</coordinates>
                      </LinearRing>
                    </outerBoundaryIs>
                  </Polygon>
                  <Polygon>
                    <altitudeMode>absolute</altitudeMode>
                    <outerBoundaryIs>
                      <LinearRing>
                        <coordinates>-96.75897457751377,32.718063914286866,119.2481663576577 -96.75897457751377,32.718063914286866,148.3181663576577 -96.75846501195453,32.717821632855895,148.3181663576577 -96.75846501195453,32.717821632855895,119.2481663576577</coordinates>
                      </LinearRing>
                    </outerBoundaryIs>
                  </Polygon>
                  <Polygon>
                    <altitudeMode>absolute</altitudeMode>
                    <outerBoundaryIs>
                      <LinearRing>
                        <coordinates>-96.75846501195453,32.717821632855895,119.2481663576577 -96.75846501195453,32.717821632855895,148.3181663576577 -96.7585573170772,32.71826205187992,148.3181663576577 -96.7585573170772,32.71826205187992,119.2481663576577</coordinates>
                      </LinearRing>
                    </outerBoundaryIs>
                  </Polygon>
                  <Polygon>
                    <altitudeMode>absolute</altitudeMode>
                    <outerBoundaryIs>
                      <LinearRing>
                        <coordinates>-96.7585573170772,32.71826205187992,119.2481663576577 -96.7585573170772,32.71826205187992,148.3181663576577 -96.75899607628425,32.718424015430124,148.3181663576577 -96.75899607628425,32.718424015430124,119.2481663576577</coordinates>
                      </LinearRing>
                    </outerBoundaryIs>
                  </Polygon>
                  <Polygon>
                    <altitudeMode>absolute</altitudeMode>
                    <outerBoundaryIs>
                      <LinearRing>
                        <coordinates>-96.75899607628425,32.718424015430124,119.2481663576577 -96.75899607628425,32.718424015430124,148.3181663576577 -96.75897457751377,32.718063914286866,148.3181663576577 -96.75897457751377,32.718063914286866,119.2481663576577</coordinates>
                      </LinearRing>
                    </outerBoundaryIs>
                  </Polygon>
                </MultiGeometry>
              </Placemark>
            </Folder>
          </Folder>
          <Folder>
            <name>E147: uss1_dss astm.f3548.v21.dss.queryOperationalIntentReferences</name>
            <Placemark>
              <name>area_of_interest</name>
              <styleUrl>#QueryArea</styleUrl>
              <description><![CDATA[<ul><li>uss1's Accepted 80e554fb-bd08-4dd8-89cc-b3803a66fbdc[1]</li><li>uss1's Activated ea07eddd-28b4-4e2e-9bb7-40c034e570ea[2]</li></ul>]]></description>
              <TimeSpan>
                <begin>2026-10-07T03:44:55.551170+00:00</begin>
                <end>2026-10-07T04:29:56.551170+00:00</end>
              </TimeSpan>
              <MultiGeometry>
                <Polygon>
                  <altitudeMode>absolute</altitudeMode>
                  <outerBoundaryIs>
                    <LinearRing>
                      <coordinates>-96.75899607628425,32.717821632855895,119.24813014424481 -96.75899607628425,32.718424015430124,119.24813014424481 -96.75846501195453,32.718424015430124,119.24813014424481 -96.75846501195453,32.717821632855895,119.24813014424481</coordinates>
                    </LinearRing>
                  </outerBoundaryIs>
                </Polygon>
                <Polygon>
                  <altitudeMode>absolute</altitudeMode>
                  <outerBoundaryIs>
                    <LinearRing>
                      <coordinates>-96.75899607628425,32.717821632855895,148.3181301442448 -96.75899607628425,32.718424015430124,148.3181301442448 -96.75846501195453,32.718424015430124,148.3181301442448 -96.75846501195453,32.717821632855895,148.3181301442448</coordinates>
                    </LinearRing>
                  </outerBoundaryIs>
                </Polygon>
                <Polygon>
                  <altitudeMode>absolute</altitudeMode>
                  <outerBoundaryIs>
                    <LinearRing>
                      <coordinates>-96.75899607628425,32.717821632855895,119.24813014424481 -96.75899607628425,32.717821632855895,148.3181301442448 -96.75899607628425,32.718424015430124,148.3181301442448 -96.75899607628425,32.718424015430124,119.24813014424481</coordinates>
                    </LinearRing>
                  </outerBoundaryIs>
                </Polygon>
                <Polygon>
                  <altitudeMode>absolute</altitudeMode>
                  <outerBoundaryIs>
                    <LinearRing>
                      <coordinates>-96.75899607628425,32.718424015430124,119.24813014424481 -96.75899607628425,32.718424015430124,148.3181301442448 -96.75846501195453,32.718424015430124,148.3181301442448 -96.75846501195453,32.718424015430124,119.24813014424481</coordinates>
                    </LinearRing>
                  </outerBoundaryIs>
                </Polygon>
                <Polygon>
                  <altitudeMode>absolute</altitudeMode>
                  <outerBoundaryIs>
                    <LinearRing>
                      <coordinates>-96.75846501195453,32.718424015430124,119.24813014424481 -96.75846501195453,32.718424015430124,148.3181301442448 -96.75846501195453,32.717821632855895,148.3181301442448 -96.75846501195453,32.717821632855895,119.24813014424481</coordinates>
                    </LinearRing>
                  </outerBoundaryIs>
                </Polygon>
                <Polygon>
                  <altitudeMode>absolute</altitudeMode>
                  <outerBoundaryIs>
                    <LinearRing>
                      <coordinates>-96.75846501195453,32.717821632855895,119.24813014424481 -96.75846501195453,32.717821632855895,148.3181301442448 -96.75899607628425,32.717821632855895,148.3181301442448 -96.75899607628425,32.717821632855895,119.24813014424481</coordinates>
                    </LinearRing>
                  </outerBoundaryIs>
                </Polygon>
              </MultiGeometry>
            </Placemark>
          </Folder>
          <Folder>
            <name>E151: uss1_core astm.f3548.v21.uss.getOperationalIntentDetails</name>
            <Folder>
              <name>uss1's P100 Accepted 80e554fb-bd08-4dd8-89cc-b3803a66fbdc[1] @ Su383yLJSekh2vBQSBwzbUvOh6g-Mkqtl5F96svFYhI_</name>
              <Placemark>
                <name>Nominal volume 0</name>
                <styleUrl>#F3548v21Accepted</styleUrl>
                <TimeSpan>
                  <begin>2026-10-07T03:44:56.577235+00:00</begin>
                  <end>2026-10-07T04:29:56.551170+00:00</end>
                </TimeSpan>
                <MultiGeometry>
                  <Polygon>
                    <altitudeMode>absolute</altitudeMode>
                    <outerBoundaryIs>
                      <LinearRing>
                        <coordinates>-96.75897457751377,32.718063914286866,119.2481663576577 -96.75846501195453,32.717821632855895,119.2481663576577 -96.7585573170772,32.71826205187992,119.2481663576577 -96.75899607628425,32.718424015430124,119.2481663576577</coordinates>
                      </LinearRing>
                    </outerBoundaryIs>
                  </Polygon>
                  <Polygon>
                    <altitudeMode>absolute</altitudeMode>
                    <outerBoundaryIs>
                      <LinearRing>
                        <coordinates>-96.75897457751377,32.718063914286866,148.3181663576577 -96.75846501195453,32.717821632855895,148.3181663576577 -96.7585573170772,32.71826205187992,148.3181663576577 -96.75899607628425,32.718424015430124,148.3181663576577</coordinates>
                      </LinearRing>
                    </outerBoundaryIs>
                  </Polygon>
                  <Polygon>
                    <altitudeMode>absolute</altitudeMode>
                    <outerBoundaryIs>
                      <LinearRing>
                        <coordinates>-96.75897457751377,32.718063914286866,119.2481663576577 -96.75897457751377,32.718063914286866,148.3181663576577 -96.75846501195453,32.717821632855895,148.3181663576577 -96.75846501195453,32.717821632855895,119.2481663576577</coordinates>
                      </LinearRing>
                    </outerBoundaryIs>
                  </Polygon>
                  <Polygon>
                    <altitudeMode>absolute</altitudeMode>
                    <outerBoundaryIs>
                      <LinearRing>
                        <coordinates>-96.75846501195453,32.717821632855895,119.2481663576577 -96.75846501195453,32.717821632855895,148.3181663576577 -96.7585573170772,32.71826205187992,148.3181663576577 -96.7585573170772,32.71826205187992,119.2481663576577</coordinates>
                      </LinearRing>
                    </outerBoundaryIs>
                  </Polygon>
                  <Polygon>
                    <altitudeMode>absolute</altitudeMode>
                    <outerBoundaryIs>
                      <LinearRing>
                        <coordinates>-96.7585573170772,32.71826205187992,119.2481663576577 -96.7585573170772,32.71826205187992,148.3181663576577 -96.75899607628425,32.718424015430124,148.3181663576577 -96.75899607628425,32.718424015430124,119.2481663576577</coordinates>
                      </LinearRing>
                    </outerBoundaryIs>
                  </Polygon>
                  <Polygon>
                    <altitudeMode>absolute</altitudeMode>
                    <outerBoundaryIs>
                      <LinearRing>
                        <coordinates>-96.75899607628425,32.718424015430124,119.2481663576577 -96.75899607628425,32.718424015430124,148.3181663576577 -96.75897457751377,32.718063914286866,148.3181663576577 -96.75897457751377,32.718063914286866,119.2481663576577</coordinates>
                      </LinearRing>
                    </outerBoundaryIs>
                  </Polygon>
                </MultiGeometry>
              </Placemark>
            </Folder>
          </Folder>
        </Folder>
        <Folder>
          <name>Activate Flight 2</name>
          <Folder>
            <name>E164: uss1_dss astm.f3548.v21.dss.queryOperationalIntentReferences</name>
            <Placemark>
              <name>area_of_interest</name>
              <styleUrl>#QueryArea</styleUrl>
              <description><![CDATA[<ul><li>uss1's Accepted 80e554fb-bd08-4dd8-89cc-b3803a66fbdc[1]</li><li>uss1's Activated ea07eddd-28b4-4e2e-9bb7-40c034e570ea[2]</li></ul>]]></description>
              <TimeSpan>
                <begin>2026-10-07T03:44:55.719221+00:00</begin>
                <end>2026-10-07T04:29:56.719221+00:00</end>
              </TimeSpan>
              <MultiGeometry>
                <Polygon>
                  <altitudeMode>absolute</altitudeMode>
                  <outerBoundaryIs>
                    <LinearRing>
                      <coordinates>-96.75899607628425,32.717821632855895,120.3981301442448 -96.75899607628425,32.718424015430124,120.3981301442448 -96.75846501195453,32.718424015430124,120.3981301442448 -96.75846501195453,32.717821632855895,120.3981301442448</coordinates>
                    </LinearRing>
                  </outerBoundaryIs>
                </Polygon>
                <Polygon>
                  <altitudeMode>absolute</altitudeMode>
                  <outerBoundaryIs>
                    <LinearRing>
                      <coordinates>-96.75899607628425,32.717821632855895,148.3181301442448 -96.75899607628425,32.718424015430124,148.3181301442448 -96.75846501195453,32.718424015430124,148.3181301442448 -96.75846501195453,32.717821632855895,148.3181301442448</coordinates>
                    </LinearRing>
                  </outerBoundaryIs>
                </Polygon>
                <Polygon>
                  <altitudeMode>absolute</altitudeMode>
                  <outerBoundaryIs>
                    <LinearRing>
                      <coordinates>-96.75899607628425,32.717821632855895,120.3981301442448 -96.75899607628425,32.717821632855895,148.3181301442448 -96.75899607628425,32.718424015430124,148.3181301442448 -96.75899607628425,32.718424015430124,120.3981301442448</coordinates>
                    </LinearRing>
                  </outerBoundaryIs>
                </Polygon>
                <Polygon>
                  <altitudeMode>absolute</altitudeMode>
                  <outerBoundaryIs>
                    <LinearRing>
                      <coordinates>-96.75899607628425,32.718424015430124,120.3981301442448 -96.75899607628425,32.718424015430124,148.3181301442448 -96.75846501195453,32.718424015430124,148.3181301442448 -96.75846501195453,32.718424015430124,120.3981301442448</coordinates>
                    </LinearRing>
                  </outerBoundaryIs>
                </Polygon>
                <Polygon>
                  <altitudeMode>absolute</altitudeMode>
                  <outerBoundaryIs>
                    <LinearRing>
                      <coordinates>-96.75846501195453,32.718424015430124,120.3981301442448 -96.75846501195453,32.718424015430124,148.3181301442448 -96.75846501195453,32.717821632855895,148.3181301442448 -96.75846501195453,32.717821632855895,120.3981301442448</coordinates>
                    </LinearRing>
                  </outerBoundaryIs>
                </Polygon>
                <Polygon>
                  <altitudeMode>absolute</altitudeMode>
                  <outerBoundaryIs>
                    <LinearRing>
                      <coordinates>-96.75846501195453,32.717821632855895,120.3981301442448 -96.75846501195453,32.717821632855895,148.3181301442448 -96.75899607628425,32.717821632855895,148.3181301442448 -96.75899607628425,32.717821632855895,120.3981301442448</coordinates>
                    </LinearRing>
                  </outerBoundaryIs>
                </Polygon>
              </MultiGeometry>
            </Placemark>
          </Folder>
          <Folder>
            <name>E166: uss1_core interuss.automated_testing.flight_planning.v1.UpsertFlightPlan</name>
            <Folder>
              <name>Activity Completed, flight OkToFly</name>
              <Placemark>
                <name>Volume 0</name>
                <styleUrl>#InUse_Nominal</styleUrl>
                <TimeSpan>
                  <begin>2026-10-07T03:44:55.719221+00:00</begin>
                  <end>2026-10-07T04:29:56.719221+00:00</end>
                </TimeSpan>
                <MultiGeometry>
                  <Polygon>
                    <altitudeMode>absolute</altitudeMode>
                    <outerBoundaryIs>
                      <LinearRing>
                        <coordinates>-96.75897457751377,32.718063914286866,120.39816635765769 -96.75846501195453,32.717821632855895,120.39816635765769 -96.7585573170772,32.71826205187992,120.39816635765769 -96.75899607628425,32.718424015430124,120.39816635765769</coordinates>
                      </LinearRing>
                    </outerBoundaryIs>
                  </Polygon>
                  <Polygon>
                    <altitudeMode>absolute</altitudeMode>
                    <outerBoundaryIs>
                      <LinearRing>
                        <coordinates>-96.75897457751377,32.718063914286866,148.3181663576577 -96.75846501195453,32.717821632855895,148.3181663576577 -96.7585573170772,32.71826205187992,148.3181663576577 -96.75899607628425,32.718424015430124,148.3181663576577</coordinates>
                      </LinearRing>
                    </outerBoundaryIs>
                  </Polygon>
                  <Polygon>
                    <altitudeMode>absolute</altitudeMode>
                    <outerBoundaryIs>
                      <LinearRing>
                        <coordinates>-96.75897457751377,32.718063914286866,120.39816635765769 -96.75897457751377,32.718063914286866,148.3181663576577 -96.75846501195453,32.717821632855895,148.3181663576577 -96.75846501195453,32.717821632855895,120.39816635765769</coordinates>
                      </LinearRing>
                    </outerBoundaryIs>
                  </Polygon>
                  <Polygon>
                    <altitudeMode>absolute</altitudeMode>
                    <outerBoundaryIs>
                      <LinearRing>
                        <coordinates>-96.75846501195453,32.717821632855895,120.39816635765769 -96.75846501195453,32.717821632855895,148.3181663576577 -96.7585573170772,32.71826205187992,148.3181663576577 -96.7585573170772,32.71826205187992,120.39816635765769</coordinates>
                      </LinearRing>
                    </outerBoundaryIs>
                  </Polygon>
                  <Polygon>
                    <altitudeMode>absolute</altitudeMode>
                    <outerBoundaryIs>
                      <LinearRing>
                        <coordinates>-96.7585573170772,32.71826205187992,120.39816635765769 -96.7585573170772,32.71826205187992,148.3181663576577 -96.75899607628425,32.718424015430124,148.3181663576577 -96.75899607628425,32.718424015430124,120.39816635765769</coordinates>
                      </LinearRing>
                    </outerBoundaryIs>
                  </Polygon>
                  <Polygon>
                    <altitudeMode>absolute</altitudeMode>
                    <outerBoundaryIs>
                      <LinearRing>
                        <coordinates>-96.75899607628425,32.718424015430124,120.39816635765769 -96.75899607628425,32.718424015430124,148.3181663576577 -96.75897457751377,32.718063914286866,148.3181663576577 -96.75897457751377,32.718063914286866,120.39816635765769</coordinates>
                      </LinearRing>
                    </outerBoundaryIs>
                  </Polygon>
                </MultiGeometry>
              </Placemark>
            </Folder>
          </Folder>
          <Folder>
            <name>E170: uss1_dss astm.f3548.v21.dss.queryOperationalIntentReferences</name>
            <Placemark>
              <name>area_of_interest</name>
              <styleUrl>#QueryArea</styleUrl>
              <description><![CDATA[<ul><li>uss1's Activated 80e554fb-bd08-4dd8-89cc-b3803a66fbdc[2]</li><li>uss1's Activated ea07eddd-28b4-4e2e-9bb7-40c034e570ea[2]</li></ul>]]></description>
              <TimeSpan>
                <begin>2026-10-07T03:44:55.719221+00:00</begin>
                <end>2026-10-07T04:29:56.719221+00:00</end>
              </TimeSpan>
              <MultiGeometry>
                <Polygon>
                  <altitudeMode>absolute</altitudeMode>
                  <outerBoundaryIs>
                    <LinearRing>
                      <coordinates>-96.75899607628425,32.717821632855895,120.3981301442448 -96.75899607628425,32.718424015430124,120.3981301442448 -96.75846501195453,32.718424015430124,120.3981301442448 -96.75846501195453,32.717821632855895,120.3981301442448</coordinates>
                    </LinearRing>
                  </outerBoundaryIs>
                </Polygon>
                <Polygon>
                  <altitudeMode>absolute</altitudeMode>
                  <outerBoundaryIs>
                    <LinearRing>
                      <coordinates>-96.75899607628425,32.717821632855895,148.3181301442448 -96.75899607628425,32.718424015430124,148.3181301442448 -96.75846501195453,32.718424015430124,148.3181301442448 -96.75846501195453,32.717821632855895,148.3181301442448</coordinates>
                    </LinearRing>
                  </outerBoundaryIs>
                </Polygon>
                <Polygon>
                  <altitudeMode>absolute</altitudeMode>
                  <outerBoundaryIs>
                    <LinearRing>
                      <coordinates>-96.75899607628425,32.717821632855895,120.3981301442448 -96.75899607628425,32.717821632855895,148.3181301442448 -96.75899607628425,32.718424015430124,148.3181301442448 -96.75899607628425,32.718424015430124,120.3981301442448</coordinates>
                    </LinearRing>
                  </outerBoundaryIs>
                </Polygon>
                <Polygon>
                  <altitudeMode>absolute</altitudeMode>
                  <outerBoundaryIs>
                    <LinearRing>
                      <coordinates>-96.75899607628425,32.718424015430124,120.3981301442448 -96.75899607628425,32.718424015430124,148.3181301442448 -96.75846501195453,32.718424015430124,148.3181301442448 -96.75846501195453,32.718424015430124,120.3981301442448</coordinates>
                    </LinearRing>
                  </outerBoundaryIs>
                </Polygon>
                <Polygon>
                  <altitudeMode>absolute</altitudeMode>
                  <outerBoundaryIs>
                    <LinearRing>
                      <coordinates>-96.75846501195453,32.718424015430124,120.3981301442448 -96.75846501195453,32.718424015430124,148.3181301442448 -96.75846501195453,32.717821632855895,148.3181301442448 -96.75846501195453,32.717821632855895,120.3981301442448</coordinates>
                    </LinearRing>
                  </outerBoundaryIs>
                </Polygon>
                <Polygon>
                  <altitudeMode>absolute</altitudeMode>
                  <outerBoundaryIs>
                    <LinearRing>
                      <coordinates>-96.75846501195453,32.717821632855895,120.3981301442448 -96.75846501195453,32.717821632855895,148.3181301442448 -96.75899607628425,32.717821632855895,148.3181301442448 -96.75899607628425,32.717821632855895,120.3981301442448</coordinates>
                    </LinearRing>
                  </outerBoundaryIs>
                </Polygon>
              </MultiGeometry>
            </Placemark>
          </Folder>
          <Folder>
            <name>E175: uss1_core astm.f3548.v21.uss.getOperationalIntentDetails</name>
            <Folder>
              <name>uss1's P100 Activated 80e554fb-bd08-4dd8-89cc-b3803a66fbdc[2] @ S2nJV9s.Ai.4R6sOCP6Wj8nCaUTQf-3Os7uD1jQM0o4_</name>
              <Placemark>
                <name>Nominal volume 0</name>
                <styleUrl>#F3548v21Activated</styleUrl>
                <TimeSpan>
                  <begin>2026-10-07T03:44:56.753984+00:00</begin>
                  <end>2026-10-07T04:29:56.719221+00:00</end>
                </TimeSpan>
                <MultiGeometry>
                  <Polygon>
                    <altitudeMode>absolute</altitudeMode>
                    <outerBoundaryIs>
                      <LinearRing>
                        <coordinates>-96.75897457751377,32.718063914286866,120.39816635765769 -96.75846501195453,32.717821632855895,120.39816635765769 -96.7585573170772,32.71826205187992,120.39816635765769 -96.75899607628425,32.718424015430124,120.39816635765769</coordinates>
                      </LinearRing>
                    </outerBoundaryIs>
                  </Polygon>
                  <Polygon>
                    <altitudeMode>absolute</altitudeMode>
                    <outerBoundaryIs>
                      <LinearRing>
                        <coordinates>-96.75897457751377,32.718063914286866,148.3181663576577 -96.75846501195453,32.717821632855895,148.3181663576577 -96.7585573170772,32.71826205187992,148.3181663576577 -96.75899607628425,32.718424015430124,148.3181663576577</coordinates>
                      </LinearRing>
                    </outerBoundaryIs>
                  </Polygon>
                  <Polygon>
                    <altitudeMode>absolute</altitudeMode>
                    <outerBoundaryIs>
                      <LinearRing>
                        <coordinates>-96.75897457751377,32.718063914286866,120.39816635765769 -96.75897457751377,32.718063914286866,148.3181663576577 -96.75846501195453,32.717821632855895,148.3181663576577 -96.75846501195453,32.717821632855895,120.39816635765769</coordinates>
                      </LinearRing>
                    </outerBoundaryIs>
                  </Polygon>
                  <Polygon>
                    <altitudeMode>absolute</altitudeMode>
                    <outerBoundaryIs>
                      <LinearRing>
                        <coordinates>-96.75846501195453,32.717821632855895,120.39816635765769 -96.75846501195453,32.717821632855895,148.3181663576577 -96.7585573170772,32.71826205187992,148.3181663576577 -96.7585573170772,32.71826205187992,120.39816635765769</coordinates>
                      </LinearRing>
                    </outerBoundaryIs>
                  </Polygon>
                  <Polygon>
                    <altitudeMode>absolute</altitudeMode>
                    <outerBoundaryIs>
                      <LinearRing>
                        <coordinates>-96.7585573170772,32.71826205187992,120.39816635765769 -96.7585573170772,32.71826205187992,148.3181663576577 -96.75899607628425,32.718424015430124,148.3181663576577 -96.75899607628425,32.718424015430124,120.39816635765769</coordinates>
                      </LinearRing>
                    </outerBoundaryIs>
                  </Polygon>
                  <Polygon>
                    <altitudeMode>absolute</altitudeMode>
                    <outerBoundaryIs>
                      <LinearRing>
                        <coordinates>-96.75899607628425,32.718424015430124,120.39816635765769 -96.75899607628425,32.718424015430124,148.3181663576577 -96.75897457751377,32.718063914286866,148.3181663576577 -96.75897457751377,32.718063914286866,120.39816635765769</coordinates>
                      </LinearRing>
                    </outerBoundaryIs>
                  </Polygon>
                </MultiGeometry>
              </Placemark>
            </Folder>
          </Folder>
        </Folder>
        <Folder>
          <name>Check for conflict notifications</name>
        </Folder>
        <Folder>
          <name>Modify activated Flight 1 in conflict with activated Flight 2</name>
          <Folder>
            <name>E190: uss1_dss astm.f3548.v21.dss.queryOperationalIntentReferences</name>
            <Placemark>
              <name>area_of_interest</name>
              <styleUrl>#QueryArea</styleUrl>
              <description><![CDATA[<ul><li>uss1's Activated 80e554fb-bd08-4dd8-89cc-b3803a66fbdc[2]</li><li>uss1's Activated ea07eddd-28b4-4e2e-9bb7-40c034e570ea[2]</li></ul>]]></description>
              <TimeSpan>
                <begin>2026-10-07T03:44:55.894414+00:00</begin>
                <end>2026-10-07T04:29:56.894414+00:00</end>
              </TimeSpan>
              <MultiGeometry>
                <Polygon>
                  <altitudeMode>absolute</altitudeMode>
                  <outerBoundaryIs>
                    <LinearRing>
                      <coordinates>-96.75885603693884,32.717772430826216,90.26721197182734 -96.75885603693884,32.71840061442382,90.26721197182734 -96.75793995876997,32.71840061442382,90.26721197182734 -96.75793995876997,32.717772430826216,90.26721197182734</coordinates>
                    </LinearRing>
                  </outerBoundaryIs>
                </Polygon>
                <Polygon>
                  <altitudeMode>absolute</altitudeMode>
                  <outerBoundaryIs>
                    <LinearRing>
                      <coordinates>-96.75885603693884,32.717772430826216,150.31721197182733 -96.75885603693884,32.71840061442382,150.31721197182733 -96.75793995876997,32.71840061442382,150.31721197182733 -96.75793995876997,32.717772430826216,150.31721197182733</coordinates>
                    </LinearRing>
                  </outerBoundaryIs>
                </Polygon>
                <Polygon>
                  <altitudeMode>absolute</altitudeMode>
                  <outerBoundaryIs>
                    <LinearRing>
                      <coordinates>-96.75885603693884,32.717772430826216,90.26721197182734 -96.75885603693884,32.717772430826216,150.31721197182733 -96.75885603693884,32.71840061442382,150.31721197182733 -96.75885603693884,32.71840061442382,90.26721197182734</coordinates>
                    </LinearRing>
                  </outerBoundaryIs>
                </Polygon>
                <Polygon>
                  <altitudeMode>absolute</altitudeMode>
                  <outerBoundaryIs>
                    <LinearRing>
                      <coordinates>-96.75885603693884,32.71840061442382,90.26721197182734 -96.75885603693884,32.71840061442382,150.31721197182733 -96.75793995876997,32.71840061442382,150.31721197182733 -96.75793995876997,32.71840061442382,90.26721197182734</coordinates>
                    </LinearRing>
                  </outerBoundaryIs>
                </Polygon>
                <Polygon>
                  <altitudeMode>absolute</altitudeMode>
                  <outerBoundaryIs>
                    <LinearRing>
                      <coordinates>-96.75793995876997,32.71840061442382,90.26721197182734 -96.75793995876997,32.71840061442382,150.31721197182733 -96.75793995876997,32.717772430826216,150.31721197182733 -96.75793995876997,32.717772430826216,90.26721197182734</coordinates>
                    </LinearRing>
                  </outerBoundaryIs>
                </Polygon>
                <Polygon>
                  <altitudeMode>absolute</altitudeMode>
                  <outerBoundaryIs>
                    <LinearRing>
                      <coordinates>-96.75793995876997,32.717772430826216,90.26721197182734 -96.75793995876997,32.717772430826216,150.31721197182733 -96.75885603693884,32.717772430826216,150.31721197182733 -96.75885603693884,32.717772430826216,90.26721197182734</coordinates>
                    </LinearRing>
                  </outerBoundaryIs>
                </Polygon>
              </MultiGeometry>
            </Placemark>
          </Folder>
          <Folder>
            <name>E192: uss1_core interuss.automated_testing.flight_planning.v1.UpsertFlightPlan</name>
            <Folder>
              <name>Activity Completed, flight OkToFly</name>
              <Placemark>
                <name>Volume 0</name>
                <styleUrl>#InUse_Nominal</styleUrl>
                <TimeSpan>
                  <begin>2026-10-07T03:44:55.894414+00:00</begin>
                  <end>2026-10-07T04:29:56.894414+00:00</end>
                </TimeSpan>
                <MultiGeometry>
                  <Polygon>
                    <altitudeMode>absolute</altitudeMode>
                    <outerBoundaryIs>
                      <LinearRing>
                        <coordinates>-96.75840495207224,32.71792136563181,90.26688227633265 -96.75861737701852,32.71816231903137,90.26688227633265 -96.75823551948804,32.71840061442382,90.26688227633265 -96.75793995876997,32.718149288087204,90.26688227633265</coordinates>
                      </LinearRing>
                    </outerBoundaryIs>
                  </Polygon>
                  <Polygon>
                    <altitudeMode>absolute</altitudeMode>
                    <outerBoundaryIs>
                      <LinearRing>
                        <coordinates>-96.75840495207224,32.71792136563181,150.31688227633265 -96.75861737701852,32.71816231903137,150.31688227633265 -96.75823551948804,32.71840061442382,150.31688227633265 -96.75793995876997,32.718149288087204,150.31688227633265</coordinates>
                      </LinearRing>
                    </outerBoundaryIs>
                  </Polygon>
                  <Polygon>
                    <altitudeMode>absolute</altitudeMode>
                    <outerBoundaryIs>
                      <LinearRing>
                        <coordinates>-96.75840495207224,32.71792136563181,90.26688227633265 -96.75840495207224,32.71792136563181,150.31688227633265 -96.75861737701852,32.71816231903137,150.31688227633265 -96.75861737701852,32.71816231903137,90.26688227633265</coordinates>
                      </LinearRing>
                    </outerBoundaryIs>
                  </Polygon>
                  <Polygon>
                    <altitudeMode>absolute</altitudeMode>
                    <outerBoundaryIs>
                      <LinearRing>
                        <coordinates>-96.75861737701852,32.71816231903137,90.26688227633265 -96.75861737701852,32.71816231903137,150.31688227633265 -96.75823551948804,32.71840061442382,150.31688227633265 -96.75823551948804,32.71840061442382,90.26688227633265</coordinates>
                      </LinearRing>
                    </outerBoundaryIs>
                  </Polygon>
                  <Polygon>
                    <altitudeMode>absolute</altitudeMode>
                    <outerBoundaryIs>
                      <LinearRing>
                        <coordinates>-96.75823551948804,32.71840061442382,90.26688227633265 -96.75823551948804,32.71840061442382,150.31688227633265 -96.75793995876997,32.718149288087204,150.31688227633265 -96.75793995876997,32.718149288087204,90.26688227633265</coordinates>
                      </LinearRing>
                    </outerBoundaryIs>
                  </Polygon>
                  <Polygon>
                    <altitudeMode>absolute</altitudeMode>
                    <outerBoundaryIs>
                      <LinearRing>
                        <coordinates>-96.75793995876997,32.718149288087204,90.26688227633265 -96.75793995876997,32.718149288087204,150.31688227633265 -96.75840495207224,32.71792136563181,150.31688227633265 -96.75840495207224,32.71792136563181,90.26688227633265</coordinates>
                      </LinearRing>
                    </outerBoundaryIs>
                  </Polygon>
                </MultiGeometry>
              </Placemark>
            </Folder>
          </Folder>
          <Folder>
            <name>E197: uss1_dss astm.f3548.v21.dss.queryOperationalIntentReferences</name>
            <Placemark>
              <name>area_of_interest</name>
              <styleUrl>#QueryArea</styleUrl>
              <description><![CDATA[<ul><li>uss1's Activated 80e554fb-bd08-4dd8-89cc-b3803a66fbdc[2]</li><li>uss1's Activated ea07eddd-28b4-4e2e-9bb7-40c034e570ea[3]</li></ul>]]></description>
              <TimeSpan>
                <begin>2026-10-07T03:44:55.894414+00:00</begin>
                <end>2026-10-07T04:29:56.894414+00:00</end>
              </TimeSpan>
              <MultiGeometry>
                <Polygon>
                  <altitudeMode>absolute</altitudeMode>
                  <outerBoundaryIs>
                    <LinearRing>
                      <coordinates>-96.75885603693884,32.717772430826216,90.26721197182734 -96.75885603693884,32.71840061442382,90.26721197182734 -96.75793995876997,32.71840061442382,90.26721197182734 -96.75793995876997,32.717772430826216,90.26721197182734</coordinates>
                    </LinearRing>
                  </outerBoundaryIs>
                </Polygon>
                <Polygon>
                  <altitudeMode>absolute</altitudeMode>
                  <outerBoundaryIs>
                    <LinearRing>
                      <coordinates>-96.75885603693884,32.717772430826216,150.31721197182733 -96.75885603693884,32.71840061442382,150.31721197182733 -96.75793995876997,32.71840061442382,150.31721197182733 -96.75793995876997,32.717772430826216,150.31721197182733</coordinates>
                    </LinearRing>
                  </outerBoundaryIs>
                </Polygon>
                <Polygon>
                  <altitudeMode>absolute</altitudeMode>
                  <outerBoundaryIs>
                    <LinearRing>
                      <coordinates>-96.75885603693884,32.717772430826216,90.26721197182734 -96.75885603693884,32.717772430826216,150.31721197182733 -96.75885603693884,32.71840061442382,150.31721197182733 -96.75885603693884,32.71840061442382,90.26721197182734</coordinates>
                    </LinearRing>
                  </outerBoundaryIs>
                </Polygon>
                <Polygon>
                  <altitudeMode>absolute</altitudeMode>
                  <outerBoundaryIs>
                    <LinearRing>
                      <coordinates>-96.75885603693884,32.71840061442382,90.26721197182734 -96.75885603693884,32.71840061442382,150.31721197182733 -96.75793995876997,32.71840061442382,150.31721197182733 -96.75793995876997,32.71840061442382,90.26721197182734</coordinates>
                    </LinearRing>
                  </outerBoundaryIs>
                </Polygon>
                <Polygon>
                  <altitudeMode>absolute</altitudeMode>
                  <outerBoundaryIs>
                    <LinearRing>
                      <coordinates>-96.75793995876997,32.71840061442382,90.26721197182734 -96.75793995876997,32.71840061442382,150.31721197182733 -96.75793995876997,32.717772430826216,150.31721197182733 -96.75793995876997,32.717772430826216,90.26721197182734</coordinates>
                    </LinearRing>
                  </outerBoundaryIs>
                </Polygon>
                <Polygon>
                  <altitudeMode>absolute</altitudeMode>
                  <outerBoundaryIs>
                    <LinearRing>
                      <coordinates>-96.75793995876997,32.717772430826216,90.26721197182734 -96.75793995876997,32.717772430826216,150.31721197182733 -96.75885603693884,32.717772430826216,150.31721197182733 -96.75885603693884,32.717772430826216,90.26721197182734</coordinates>
                    </LinearRing>
                  </outerBoundaryIs>
                </Polygon>
              </MultiGeometry>
            </Placemark>
          </Folder>
          <Folder>
            <name>E202: uss1_core astm.f3548.v21.uss.getOperationalIntentDetails</name>
            <Folder>
              <name>uss1's P0 Activated ea07eddd-28b4-4e2e-9bb7-40c034e570ea[3] @ rRdKHvNleOTekOizhRCxDWjwPBYxDEaYVegWSGtc-fo_</name>
              <Placemark>
                <name>Nominal volume 0</name>
                <styleUrl>#F3548v21Activated</styleUrl>
                <TimeSpan>
                  <begin>2026-10-07T03:44:56.925716+00:00</begin>
                  <end>2026-10-07T04:29:56.894414+00:00</end>
                </TimeSpan>
                <MultiGeometry>
                  <Polygon>
                    <altitudeMode>absolute</altitudeMode>
                    <outerBoundaryIs>
                      <LinearRing>
                        <coordinates>-96.75840495207224,32.71792136563181,90.26688227633265 -96.75861737701852,32.71816231903137,90.26688227633265 -96.75823551948804,32.71840061442382,90.26688227633265 -96.75793995876997,32.718149288087204,90.26688227633265</coordinates>
                      </LinearRing>
                    </outerBoundaryIs>
                  </Polygon>
                  <Polygon>
                    <altitudeMode>absolute</altitudeMode>
                    <outerBoundaryIs>
                      <LinearRing>
                        <coordinates>-96.75840495207224,32.71792136563181,150.31688227633265 -96.75861737701852,32.71816231903137,150.31688227633265 -96.75823551948804,32.71840061442382,150.31688227633265 -96.75793995876997,32.718149288087204,150.31688227633265</coordinates>
                      </LinearRing>
                    </outerBoundaryIs>
                  </Polygon>
                  <Polygon>
                    <altitudeMode>absolute</altitudeMode>
                    <outerBoundaryIs>
                      <LinearRing>
                        <coordinates>-96.75840495207224,32.71792136563181,90.26688227633265 -96.75840495207224,32.71792136563181,150.31688227633265 -96.75861737701852,32.71816231903137,150.31688227633265 -96.75861737701852,32.71816231903137,90.26688227633265</coordinates>
                      </LinearRing>
                    </outerBoundaryIs>
                  </Polygon>
                  <Polygon>
                    <altitudeMode>absolute</altitudeMode>
                    <outerBoundaryIs>
                      <LinearRing>
                        <coordinates>-96.75861737701852,32.71816231903137,90.26688227633265 -96.75861737701852,32.71816231903137,150.31688227633265 -96.75823551948804,32.71840061442382,150.31688227633265 -96.75823551948804,32.71840061442382,90.26688227633265</coordinates>
                      </LinearRing>
                    </outerBoundaryIs>
                  </Polygon>
                  <Polygon>
                    <altitudeMode>absolute</altitudeMode>
                    <outerBoundaryIs>
                      <LinearRing>
                        <coordinates>-96.75823551948804,32.71840061442382,90.26688227633265 -96.75823551948804,32.71840061442382,150.31688227633265 -96.75793995876997,32.718149288087204,150.31688227633265 -96.75793995876997,32.718149288087204,90.26688227633265</coordinates>
                      </LinearRing>
                    </outerBoundaryIs>
                  </Polygon>
                  <Polygon>
                    <altitudeMode>absolute</altitudeMode>
                    <outerBoundaryIs>
                      <LinearRing>
                        <coordinates>-96.75793995876997,32.718149288087204,90.26688227633265 -96.75793995876997,32.718149288087204,150.31688227633265 -96.75840495207224,32.71792136563181,150.31688227633265 -96.75840495207224,32.71792136563181,90.26688227633265</coordinates>
                      </LinearRing>
                    </outerBoundaryIs>
                  </Polygon>
                </MultiGeometry>
              </Placemark>
            </Folder>
          </Folder>
        </Folder>
      </Folder>
      <Folder>
        <name>Attempt to modify activated flight into conflict</name>
        <Folder>
          <name>Modify activated Flight 2 to not conflict with activated Flight 1</name>
          <Folder>
            <name>E211: uss1_dss astm.f3548.v21.dss.queryOperationalIntentReferences</name>
            <Placemark>
              <name>area_of_interest</name>
              <styleUrl>#QueryArea</styleUrl>
              <description><![CDATA[<ul><li>uss1's Activated 80e554fb-bd08-4dd8-89cc-b3803a66fbdc[2]</li><li>uss1's Activated ea07eddd-28b4-4e2e-9bb7-40c034e570ea[3]</li></ul>]]></description>
              <TimeSpan>
                <begin>2026-10-07T03:44:56.049782+00:00</begin>
                <end>2026-10-07T04:29:57.049782+00:00</end>
              </TimeSpan>
              <MultiGeometry>
                <Polygon>
                  <altitudeMode>absolute</altitudeMode>
                  <outerBoundaryIs>
                    <LinearRing>
                      <coordinates>-96.75899607628425,32.718063914286866,117.22790564880842 -96.75899607628425,32.718424015430124,117.22790564880842 -96.75836638827326,32.718424015430124,117.22790564880842 -96.75836638827326,32.718063914286866,117.22790564880842</coordinates>
                    </LinearRing>
                  </outerBoundaryIs>
                </Polygon>
                <Polygon>
                  <altitudeMode>absolute</altitudeMode>
                  <outerBoundaryIs>
                    <LinearRing>
                      <coordinates>-96.75899607628425,32.718063914286866,170.31790564880842 -96.75899607628425,32.718424015430124,170.31790564880842 -96.75836638827326,32.718424015430124,170.31790564880842 -96.75836638827326,32.718063914286866,170.31790564880842</coordinates>
                    </LinearRing>
                  </outerBoundaryIs>
                </Polygon>
                <Polygon>
                  <altitudeMode>absolute</altitudeMode>
                  <outerBoundaryIs>
                    <LinearRing>
                      <coordinates>-96.75899607628425,32.718063914286866,117.22790564880842 -96.75899607628425,32.718063914286866,170.31790564880842 -96.75899607628425,32.718424015430124,170.31790564880842 -96.75899607628425,32.718424015430124,117.22790564880842</coordinates>
                    </LinearRing>
                  </outerBoundaryIs>
                </Polygon>
                <Polygon>
                  <altitudeMode>absolute</altitudeMode>
                  <outerBoundaryIs>
                    <LinearRing>
                      <coordinates>-96.75899607628425,32.718424015430124,117.22790564880842 -96.75899607628425,32.718424015430124,170.31790564880842 -96.75836638827326,32.718424015430124,170.31790564880842 -96.75836638827326,32.718424015430124,117.22790564880842</coordinates>
                    </LinearRing>
                  </outerBoundaryIs>
                </Polygon>
                <Polygon>
                  <altitudeMode>absolute</altitudeMode>
                  <outerBoundaryIs>
                    <LinearRing>
                      <coordinates>-96.75836638827326,32.718424015430124,117.22790564880842 -96.75836638827326,32.718424015430124,170.31790564880842 -96.75836638827326,32.718063914286866,170.31790564880842 -96.75836638827326,32.718063914286866,117.22790564880842</coordinates>
                    </LinearRing>
                  </outerBoundaryIs>
                </Polygon>
                <Polygon>
                  <altitudeMode>absolute</altitudeMode>
                  <outerBoundaryIs>
                    <LinearRing>
                      <coordinates>-96.75836638827326,32.718063914286866,117.22790564880842 -96.75836638827326,32.718063914286866,170.31790564880842 -96.75899607628425,32.718063914286866,170.31790564880842 -96.75899607628425,32.718063914286866,117.22790564880842</coordinates>
                    </LinearRing>
                  </outerBoundaryIs>
                </Polygon>
              </MultiGeometry>
            </Placemark>
          </Folder>
          <Folder>
            <name>E213: uss1_core interuss.automated_testing.flight_planning.v1.UpsertFlightPlan</name>
            <Folder>
              <name>Activity Completed, flight OkToFly</name>
              <Placemark>
                <name>Volume 0</name>
                <styleUrl>#InUse_Nominal</styleUrl>
                <TimeSpan>
                  <begin>2026-10-07T03:44:56.049782+00:00</begin>
                  <end>2026-10-07T04:29:57.049782+00:00</end>
                </TimeSpan>
                <MultiGeometry>
                  <Polygon>
                    <altitudeMode>absolute</altitudeMode>
                    <outerBoundaryIs>
                      <LinearRing>
                        <coordinates>-96.75897457751377,32.718063914286866,117.22815115109267 -96.75836638827326,32.71838119962978,117.22815115109267 -96.75899607628425,32.718424015430124,117.22815115109267</coordinates>
                      </LinearRing>
                    </outerBoundaryIs>
                  </Polygon>
                  <Polygon>
                    <altitudeMode>absolute</altitudeMode>
                    <outerBoundaryIs>
                      <LinearRing>
                        <coordinates>-96.75897457751377,32.718063914286866,170.31815115109268 -96.75836638827326,32.71838119962978,170.31815115109268 -96.75899607628425,32.718424015430124,170.31815115109268</coordinates>
                      </LinearRing>
                    </outerBoundaryIs>
                  </Polygon>
                  <Polygon>
                    <altitudeMode>absolute</altitudeMode>
                    <outerBoundaryIs>
                      <LinearRing>
                        <coordinates>-96.75897457751377,32.718063914286866,117.22815115109267 -96.75897457751377,32.718063914286866,170.31815115109268 -96.75836638827326,32.71838119962978,170.31815115109268 -96.75836638827326,32.71838119962978,117.22815115109267</coordinates>
                      </LinearRing>
                    </outerBoundaryIs>
                  </Polygon>
                  <Polygon>
                    <altitudeMode>absolute</altitudeMode>
                    <outerBoundaryIs>
                      <LinearRing>
                        <coordinates>-96.75836638827326,32.71838119962978,117.22815115109267 -96.75836638827326,32.71838119962978,170.31815115109268 -96.75899607628425,32.718424015430124,170.31815115109268 -96.75899607628425,32.718424015430124,117.22815115109267</coordinates>
                      </LinearRing>
                    </outerBoundaryIs>
                  </Polygon>
                  <Polygon>
                    <altitudeMode>absolute</altitudeMode>
                    <outerBoundaryIs>
                      <LinearRing>
                        <coordinates>-96.75899607628425,32.718424015430124,117.22815115109267 -96.75899607628425,32.718424015430124,170.31815115109268 -96.75897457751377,32.718063914286866,170.31815115109268 -96.75897457751377,32.718063914286866,117.22815115109267</coordinates>
                      </LinearRing>
                    </outerBoundaryIs>
                  </Polygon>
                </MultiGeometry>
              </Placemark>
            </Folder>
          </Folder>
          <Folder>
            <name>E217: uss1_dss astm.f3548.v21.dss.queryOperationalIntentReferences</name>
            <Placemark>
              <name>area_of_interest</name>
              <styleUrl>#QueryArea</styleUrl>
              <description><![CDATA[<ul><li>uss1's Activated 80e554fb-bd08-4dd8-89cc-b3803a66fbdc[3]</li><li>uss1's Activated ea07eddd-28b4-4e2e-9bb7-40c034e570ea[3]</li></ul>]]></description>
              <TimeSpan>
                <begin>2026-10-07T03:44:56.049782+00:00</begin>
                <end>2026-10-07T04:29:57.049782+00:00</end>
              </TimeSpan>
              <MultiGeometry>
                <Polygon>
                  <altitudeMode>absolute</altitudeMode>
                  <outerBoundaryIs>
                    <LinearRing>
                      <coordinates>-96.75899607628425,32.718063914286866,117.22790564880842 -96.75899607628425,32.718424015430124,117.22790564880842 -96.75836638827326,32.718424015430124,117.22790564880842 -96.75836638827326,32.718063914286866,117.22790564880842</coordinates>
                    </LinearRing>
                  </outerBoundaryIs>
                </Polygon>
                <Polygon>
                  <altitudeMode>absolute</altitudeMode>
                  <outerBoundaryIs>
                    <LinearRing>
                      <coordinates>-96.75899607628425,32.718063914286866,170.31790564880842 -96.75899607628425,32.718424015430124,170.31790564880842 -96.75836638827326,32.718424015430124,170.31790564880842 -96.75836638827326,32.718063914286866,170.31790564880842</coordinates>
                    </LinearRing>
                  </outerBoundaryIs>
                </Polygon>
                <Polygon>
                  <altitudeMode>absolute</altitudeMode>
                  <outerBoundaryIs>
                    <LinearRing>
                      <coordinates>-96.75899607628425,32.718063914286866,117.22790564880842 -96.75899607628425,32.718063914286866,170.31790564880842 -96.75899607628425,32.718424015430124,170.31790564880842 -96.75899607628425,32.718424015430124,117.22790564880842</coordinates>
                    </LinearRing>
                  </outerBoundaryIs>
                </Polygon>
                <Polygon>
                  <altitudeMode>absolute</altitudeMode>
                  <outerBoundaryIs>
                    <LinearRing>
                      <coordinates>-96.75899607628425,32.718424015430124,117.22790564880842 -96.75899607628425,32.718424015430124,170.31790564880842 -96.75836638827326,32.718424015430124,170.31790564880842 -96.75836638827326,32.718424015430124,117.22790564880842</coordinates>
                    </LinearRing>
                  </outerBoundaryIs>
                </Polygon>
                <Polygon>
                  <altitudeMode>absolute</altitudeMode>
                  <outerBoundaryIs>
                    <LinearRing>
                      <coordinates>-96.75836638827326,32.718424015430124,117.22790564880842 -96.75836638827326,32.718424015430124,170.31790564880842 -96.75836638827326,32.718063914286866,170.31790564880842 -96.75836638827326,32.718063914286866,117.22790564880842</coordinates>
                    </LinearRing>
                  </outerBoundaryIs>
                </Polygon>
                <Polygon>
                  <altitudeMode>absolute</altitudeMode>
                  <outerBoundaryIs>
                    <LinearRing>
                      <coordinates>-96.75836638827326,32.718063914286866,117.22790564880842 -96.75836638827326,32.718063914286866,170.31790564880842 -96.75899607628425,32.718063914286866,170.31790564880842 -96.75899607628425,32.718063914286866,117.22790564880842</coordinates>
                    </LinearRing>
                  </outerBoundaryIs>
                </Polygon>
              </MultiGeometry>
            </Placemark>
          </Folder>
          <Folder>
            <name>E222: uss1_core astm.f3548.v21.uss.getOperationalIntentDetails</name>
            <Folder>
              <name>uss1's P100 Activated 80e554fb-bd08-4dd8-89cc-b3803a66fbdc[3] @ n-EN34o7lTs6V2gKTX6op0UMJwrSzSM7lQBWaqfBH80_</name>
              <Placemark>
                <name>Nominal volume 0</name>
                <styleUrl>#F3548v21Activated</styleUrl>
                <TimeSpan>
                  <begin>2026-10-07T03:44:57.078573+00:00</begin>
                  <end>2026-10-07T04:29:57.049782+00:00</end>
                </TimeSpan>
                <MultiGeometry>
                  <Polygon>
                    <altitudeMode>absolute</altitudeMode>
                    <outerBoundaryIs>
                      <LinearRing>
                        <coordinates>-96.75897457751377,32.718063914286866,117.22815115109267 -96.75836638827326,32.71838119962978,117.22815115109267 -96.75899607628425,32.718424015430124,117.22815115109267</coordinates>
                      </LinearRing>
                    </outerBoundaryIs>
                  </Polygon>
                  <Polygon>
                    <altitudeMode>absolute</altitudeMode>
                    <outerBoundaryIs>
                      <LinearRing>
                        <coordinates>-96.75897457751377,32.718063914286866,170.31815115109268 -96.75836638827326,32.71838119962978,170.31815115109268 -96.75899607628425,32.718424015430124,170.31815115109268</coordinates>
                      </LinearRing>
                    </outerBoundaryIs>
                  </Polygon>
                  <Polygon>
                    <altitudeMode>absolute</altitudeMode>
                    <outerBoundaryIs>
                      <LinearRing>
                        <coordinates>-96.75897457751377,32.718063914286866,117.22815115109267 -96.75897457751377,32.718063914286866,170.31815115109268 -96.75836638827326,32.71838119962978,170.31815115109268 -96.75836638827326,32.71838119962978,117.22815115109267</coordinates>
                      </LinearRing>
                    </outerBoundaryIs>
                  </Polygon>
                  <Polygon>
                    <altitudeMode>absolute</altitudeMode>
                    <outerBoundaryIs>
                      <LinearRing>
                        <coordinates>-96.75836638827326,32.71838119962978,117.22815115109267 -96.75836638827326,32.71838119962978,170.31815115109268 -96.75899607628425,32.718424015430124,170.31815115109268 -96.75899607628425,32.718424015430124,117.22815115109267</coordinates>
                      </LinearRing>
                    </outerBoundaryIs>
                  </Polygon>
                  <Polygon>
                    <altitudeMode>absolute</altitudeMode>
                    <outerBoundaryIs>
                      <LinearRing>
                        <coordinates>-96.75899607628425,32.718424015430124,117.22815115109267 -96.75899607628425,32.718424015430124,170.31815115109268 -96.75897457751377,32.718063914286866,170.31815115109268 -96.75897457751377,32.718063914286866,117.22815115109267</coordinates>
                      </LinearRing>
                    </outerBoundaryIs>
                  </Polygon>
                </MultiGeometry>
              </Placemark>
            </Folder>
          </Folder>
        </Folder>
        <Folder>
          <name>Attempt to modify activated Flight 1 into conflict</name>
          <Folder>
            <name>E231: uss1_dss astm.f3548.v21.dss.queryOperationalIntentReferences</name>
            <Placemark>
              <name>area_of_interest</name>
              <styleUrl>#QueryArea</styleUrl>
              <description><![CDATA[<ul><li>uss1's Activated 80e554fb-bd08-4dd8-89cc-b3803a66fbdc[3]</li><li>uss1's Activated ea07eddd-28b4-4e2e-9bb7-40c034e570ea[3]</li></ul>]]></description>
              <TimeSpan>
                <begin>2026-10-07T03:44:56.198374+00:00</begin>
                <end>2026-10-07T04:29:57.198374+00:00</end>
              </TimeSpan>
              <MultiGeometry>
                <Polygon>
                  <altitudeMode>absolute</altitudeMode>
                  <outerBoundaryIs>
                    <LinearRing>
                      <coordinates>-96.75870968324621,32.71792136563181,90.26688189362217 -96.75870968324621,32.718602737943755,90.26688189362217 -96.75793995876997,32.718602737943755,90.26688189362217 -96.75793995876997,32.71792136563181,90.26688189362217</coordinates>
                    </LinearRing>
                  </outerBoundaryIs>
                </Polygon>
                <Polygon>
                  <altitudeMode>absolute</altitudeMode>
                  <outerBoundaryIs>
                    <LinearRing>
                      <coordinates>-96.75870968324621,32.71792136563181,155.31688189362217 -96.75870968324621,32.718602737943755,155.31688189362217 -96.75793995876997,32.718602737943755,155.31688189362217 -96.75793995876997,32.71792136563181,155.31688189362217</coordinates>
                    </LinearRing>
                  </outerBoundaryIs>
                </Polygon>
                <Polygon>
                  <altitudeMode>absolute</altitudeMode>
                  <outerBoundaryIs>
                    <LinearRing>
                      <coordinates>-96.75870968324621,32.71792136563181,90.26688189362217 -96.75870968324621,32.71792136563181,155.31688189362217 -96.75870968324621,32.718602737943755,155.31688189362217 -96.75870968324621,32.718602737943755,90.26688189362217</coordinates>
                    </LinearRing>
                  </outerBoundaryIs>
                </Polygon>
                <Polygon>
                  <altitudeMode>absolute</altitudeMode>
                  <outerBoundaryIs>
                    <LinearRing>
                      <coordinates>-96.75870968324621,32.718602737943755,90.26688189362217 -96.75870968324621,32.718602737943755,155.31688189362217 -96.75793995876997,32.718602737943755,155.31688189362217 -96.75793995876997,32.718602737943755,90.26688189362217</coordinates>
                    </LinearRing>
                  </outerBoundaryIs>
                </Polygon>
                <Polygon>
                  <altitudeMode>absolute</altitudeMode>
                  <outerBoundaryIs>
                    <LinearRing>
                      <coordinates>-96.75793995876997,32.718602737943755,90.26688189362217 -96.75793995876997,32.718602737943755,155.31688189362217 -96.75793995876997,32.71792136563181,155.31688189362217 -96.75793995876997,32.71792136563181,90.26688189362217</coordinates>
                    </LinearRing>
                  </outerBoundaryIs>
                </Polygon>
                <Polygon>
                  <altitudeMode>absolute</altitudeMode>
                  <outerBoundaryIs>
                    <LinearRing>
                      <coordinates>-96.75793995876997,32.71792136563181,90.26688189362217 -96.75793995876997,32.71792136563181,155.31688189362217 -96.75870968324621,32.71792136563181,155.31688189362217 -96.75870968324621,32.71792136563181,90.26688189362217</coordinates>
                    </LinearRing>
                  </outerBoundaryIs>
                </Polygon>
              </MultiGeometry>
            </Placemark>
          </Folder>
          <Folder>
            <name>E233: uss1_core interuss.automated_testing.flight_planning.v1.UpsertFlightPlan</name>
            <Folder>
              <name>Activity Rejected, flight OkToFly</name>
              <Placemark>
                <name>Volume 0</name>
                <styleUrl>#InUse_Nominal</styleUrl>
                <TimeSpan>
                  <begin>2026-10-07T03:44:56.198374+00:00</begin>
                  <end>2026-10-07T04:29:57.198374+00:00</end>
                </TimeSpan>
                <MultiGeometry>
                  <Polygon>
                    <altitudeMode>absolute</altitudeMode>
                    <outerBoundaryIs>
                      <LinearRing>
                        <coordinates>-96.75821402379411,32.7180405131508,120.37671470082516 -96.75870968324621,32.718602737943755,120.37671470082516 -96.75823551948804,32.71840061442382,120.37671470082516 -96.75793995876997,32.718149288087204,120.37671470082516</coordinates>
                      </LinearRing>
                    </outerBoundaryIs>
                  </Polygon>
                  <Polygon>
                    <altitudeMode>absolute</altitudeMode>
                    <outerBoundaryIs>
                      <LinearRing>
                        <coordinates>-96.75821402379411,32.7180405131508,155.31671470082514 -96.75870968324621,32.718602737943755,155.31671470082514 -96.75823551948804,32.71840061442382,155.31671470082514 -96.75793995876997,32.718149288087204,155.31671470082514</coordinates>
                      </LinearRing>
                    </outerBoundaryIs>
                  </Polygon>
                  <Polygon>
                    <altitudeMode>absolute</altitudeMode>
                    <outerBoundaryIs>
                      <LinearRing>
                        <coordinates>-96.75821402379411,32.7180405131508,120.37671470082516 -96.75821402379411,32.7180405131508,155.31671470082514 -96.75870968324621,32.718602737943755,155.31671470082514 -96.75870968324621,32.718602737943755,120.37671470082516</coordinates>
                      </LinearRing>
                    </outerBoundaryIs>
                  </Polygon>
                  <Polygon>
                    <altitudeMode>absolute</altitudeMode>
                    <outerBoundaryIs>
                      <LinearRing>
                        <coordinates>-96.75870968324621,32.718602737943755,120.37671470082516 -96.75870968324621,32.718602737943755,155.31671470082514 -96.75823551948804,32.71840061442382,155.31671470082514 -96.75823551948804,32.71840061442382,120.37671470082516</coordinates>
                      </LinearRing>
                    </outerBoundaryIs>
                  </Polygon>
                  <Polygon>
                    <altitudeMode>absolute</altitudeMode>
                    <outerBoundaryIs>
                      <LinearRing>
                        <coordinates>-96.75823551948804,32.71840061442382,120.37671470082516 -96.75823551948804,32.71840061442382,155.31671470082514 -96.75793995876997,32.718149288087204,155.31671470082514 -96.75793995876997,32.718149288087204,120.37671470082516</coordinates>
                      </LinearRing>
                    </outerBoundaryIs>
                  </Polygon>
                  <Polygon>
                    <altitudeMode>absolute</altitudeMode>
                    <outerBoundaryIs>
                      <LinearRing>
                        <coordinates>-96.75793995876997,32.718149288087204,120.37671470082516 -96.75793995876997,32.718149288087204,155.31671470082514 -96.75821402379411,32.7180405131508,155.31671470082514 -96.75821402379411,32.7180405131508,120.37671470082516</coordinates>
                      </LinearRing>
                    </outerBoundaryIs>
                  </Polygon>
                </MultiGeometry>
              </Placemark>
            </Folder>
          </Folder>
          <Folder>
            <name>E236: uss1_dss astm.f3548.v21.dss.queryOperationalIntentReferences</name>
            <Placemark>
              <name>area_of_interest</name>
              <styleUrl>#QueryArea</styleUrl>
              <description><![CDATA[<ul><li>uss1's Activated 80e554fb-bd08-4dd8-89cc-b3803a66fbdc[3]</li><li>uss1's Activated ea07eddd-28b4-4e2e-9bb7-40c034e570ea[3]</li></ul>]]></description>
              <TimeSpan>
                <begin>2026-10-07T03:44:56.198374+00:00</begin>
                <end>2026-10-07T04:29:57.198374+00:00</end>
              </TimeSpan>
              <MultiGeometry>
                <Polygon>
                  <altitudeMode>absolute</altitudeMode>
                  <outerBoundaryIs>
                    <LinearRing>
                      <coordinates>-96.75870968324621,32.71792136563181,90.26688189362217 -96.75870968324621,32.718602737943755,90.26688189362217 -96.75793995876997,32.718602737943755,90.26688189362217 -96.75793995876997,32.71792136563181,90.26688189362217</coordinates>
                    </LinearRing>
                  </outerBoundaryIs>
                </Polygon>
                <Polygon>
                  <altitudeMode>absolute</altitudeMode>
                  <outerBoundaryIs>
                    <LinearRing>
                      <coordinates>-96.75870968324621,32.71792136563181,155.31688189362217 -96.75870968324621,32.718602737943755,155.31688189362217 -96.75793995876997,32.718602737943755,155.31688189362217 -96.75793995876997,32.71792136563181,155.31688189362217</coordinates>
                    </LinearRing>
                  </outerBoundaryIs>
                </Polygon>
                <Polygon>
                  <altitudeMode>absolute</altitudeMode>
                  <outerBoundaryIs>
                    <LinearRing>
                      <coordinates>-96.75870968324621,32.71792136563181,90.26688189362217 -96.75870968324621,32.71792136563181,155.31688189362217 -96.75870968324621,32.718602737943755,155.31688189362217 -96.75870968324621,32.718602737943755,90.26688189362217</coordinates>
                    </LinearRing>
                  </outerBoundaryIs>
                </Polygon>
                <Polygon>
                  <altitudeMode>absolute</altitudeMode>
                  <outerBoundaryIs>
                    <LinearRing>
                      <coordinates>-96.75870968324621,32.718602737943755,90.26688189362217 -96.75870968324621,32.718602737943755,155.31688189362217 -96.75793995876997,32.718602737943755,155.31688189362217 -96.75793995876997,32.718602737943755,90.26688189362217</coordinates>
                    </LinearRing>
                  </outerBoundaryIs>
                </Polygon>
                <Polygon>
                  <altitudeMode>absolute</altitudeMode>
                  <outerBoundaryIs>
                    <LinearRing>
                      <coordinates>-96.75793995876997,32.718602737943755,90.26688189362217 -96.75793995876997,32.718602737943755,155.31688189362217 -96.75793995876997,32.71792136563181,155.31688189362217 -96.75793995876997,32.71792136563181,90.26688189362217</coordinates>
                    </LinearRing>
                  </outerBoundaryIs>
                </Polygon>
                <Polygon>
                  <altitudeMode>absolute</altitudeMode>
                  <outerBoundaryIs>
                    <LinearRing>
                      <coordinates>-96.75793995876997,32.71792136563181,90.26688189362217 -96.75793995876997,32.71792136563181,155.31688189362217 -96.75870968324621,32.71792136563181,155.31688189362217 -96.75870968324621,32.71792136563181,90.26688189362217</coordinates>
                    </LinearRing>
                  </outerBoundaryIs>
                </Polygon>
              </MultiGeometry>
            </Placemark>
          </Folder>
        </Folder>
      </Folder>
      <Folder>
        <name/>
        <Folder>
          <name>Cleanup</name>
        </Folder>
      </Folder>
    </Folder>
  </Document>
</kml>
