<kml xmlns="http://www.opengis.net/kml/2.2" xmlns:atom="http://www.w3.org/2005/Atom" xmlns:gx="http://www.google.com/kml/ext/2.2">
  <Document>
    <Style id="QueryArea">
      <LineStyle>
        <color>ffc0c000</color>
        <width>3</width>
      </LineStyle>
      <PolyStyle>
        <color>80ffffaa</color>
      </PolyStyle>
    </Style>
    <Style id="F3548v21Accepted">
      <LineStyle>
        <color>ff00c000</color>
        <width>3</width>
      </LineStyle>
      <PolyStyle>
        <color>80c0c0c0</color>
      </PolyStyle>
    </Style>
    <Style id="F3548v21Activated">
      <LineStyle>
        <color>ff00c000</color>
        <width>3</width>
      </LineStyle>
      <PolyStyle>
        <color>8000ff00</color>
      </PolyStyle>
    </Style>
    <Style id="F3548v21Nonconforming">
      <LineStyle>
        <color>ff00ffff</color>
        <width>5</width>
      </LineStyle>
      <PolyStyle>
        <color>8000ffff</color>
      </PolyStyle>
    </Style>
    <Style id="F3548v21Contingent">
      <LineStyle>
        <color>ff0000ff</color>
        <width>5</width>
      </LineStyle>
      <PolyStyle>
        <color>80ff0000ff</color>
      </PolyStyle>
    </Style>
    <Style id="F3548v21AcceptedFuture">
      <LineStyle>
        <color>80c0c0c0</color>
        <width>1</width>
      </LineStyle>
      <PolyStyle>
        <color>00000000</color>
      </PolyStyle>
    </Style>
    <Style id="F3548v21ActivatedFuture">
      <LineStyle>
        <color>8040c040</color>
        <width>1</width>
      </LineStyle>
      <PolyStyle>
        <color>00000000</color>
      </PolyStyle>
    </Style>
    <Style id="F3548v21NonconformingFuture">
      <LineStyle>
        <color>8000ffff</color>
        <width>1</width>
      </LineStyle>
      <PolyStyle>
        <color>00000000</color>
      </PolyStyle>
    </Style>
    <Style id="F3548v21ContingentFuture">
      <LineStyle>
        <color>80ff0000ff</color>
        <width>1</width>
      </LineStyle>
      <PolyStyle>
        <color>00000000</color>
      </PolyStyle>
    </Style>
    <Style id="Planned_Nominal">
      <LineStyle>
        <color>ff00c000</color>
        <width>3</width>
      </LineStyle>
      <PolyStyle>
        <color>80808080</color>
      </PolyStyle>
    </Style>
    <Style id="InUse_Nominal">
      <LineStyle>
        <color>ff00c000</color>
        <width>3</width>
      </LineStyle>
      <PolyStyle>
        <color>8000ff00</color>
      </PolyStyle>
    </Style>
    <Style id="InUse_OffNominal">
      <LineStyle>
        <color>ff00ffff</color>
        <width>5</width>
      </LineStyle>
      <PolyStyle>
        <color>8000ff00</color>
      </PolyStyle>
    </Style>
    <Style id="InUse_Contingent">
      <LineStyle>
        <color>ff0000ff</color>
        <width>5</width>
      </LineStyle>
      <PolyStyle>
        <color>8000ff00</color>
      </PolyStyle>
    </Style>
    <Style id="unmodifiedtelemetry">
      <IconStyle>
        <scale>1.4</scale>
        <Icon>
          <href>http://maps.google.com/mapfiles/kml/shapes/placemark_circle.png</href>
        </Icon>
      </IconStyle>
    </Style>
    <Style id="modifiedtelemetry">
      <IconStyle>
        <scale>1.4</scale>
        <Icon>
          <href>http://maps.google.com/mapfiles/kml/shapes/placemark_square.png</href>
        </Icon>
      </IconStyle>
    </Style>
    <Style id="aircraft">
      <IconStyle>
        <scale>1.4</scale>
        <Icon>
          <href>http://maps.google.com/mapfiles/kml/shapes/airports.png</href>
        </Icon>
      </IconStyle>
    </Style>
    <Folder>
      <name>ASTM NetRID Service Provider operator notification on missing fields</name>
      <Folder>
        <name>Missing fields flight</name>
        <Folder>
          <name>Retrieve pre-existing operator notification</name>
        </Folder>
        <Folder>
          <name>Injection</name>
          <Folder>
            <name>E4: uss1 interuss.automated_testing.rid.v1.injection.createTest</name>
            <Folder>
              <name>Test flight a7f6ab2c-49f7-49fd-8c29-dac3d2893479</name>
              <Placemark>
                <name>Telemetry 0</name>
                <styleUrl>#modifiedtelemetry</styleUrl>
                <TimeSpan>
                  <begin>2026-10-03T18:36:57.651710+00:00</begin>
                  <end>2026-10-03T18:36:58.651710+00:00</end>
                </TimeSpan>
                <Point>
                  <coordinates>-80.57798081614081,37.197059404721635,0</coordinates>
                </Point>
              </Placemark>
              <Placemark>
                <name>Telemetry 1</name>
                <styleUrl>#modifiedtelemetry</styleUrl>
                <TimeSpan>
                  <begin>2026-10-03T18:36:58.651710+00:00</begin>
                  <end>2026-10-03T18:36:59.651710+00:00</end>
                </TimeSpan>
                <Point>
                  <coordinates>-80.57798798375362,37.197016214133484,0</coordinates>
                </Point>
              </Placemark>
              <Placemark>
                <name>Telemetry 2</name>
                <styleUrl>#modifiedtelemetry</styleUrl>
                <TimeSpan>
                  <begin>2026-10-03T18:36:59.651710+00:00</begin>
                  <end>2026-10-03T18:37:00.651710+00:00</end>
                </TimeSpan>
                <Point>
                  <coordinates>-80.57800212690604,37.196972734164305,0</coordinates>
                </Point>
              </Placemark>
              <Placemark>
                <name>Telemetry 3</name>
                <styleUrl>#modifiedtelemetry</styleUrl>
                <TimeSpan>
                  <begin>2026-10-03T18:37:00.651710+00:00</begin>
                  <end>2026-10-03T18:37:01.651710+00:00</end>
                </TimeSpan>
                <Point>
                  <coordinates>-80.57802342452034,37.196931703788785,0</coordinates>
                </Point>
              </Placemark>
              <Placemark>
                <name>Telemetry 4</name>
                <styleUrl>#modifiedtelemetry</styleUrl>
                <TimeSpan>
                  <begin>2026-10-03T18:37:01.651710+00:00</begin>
                  <end>2026-10-03T18:37:02.651710+00:00</end>
                </TimeSpan>
                <Point>
                  <coordinates>-80.57805344862881,37.19689368575391,0</coordinates>
                </Point>
              </Placemark>
              <Placemark>
                <name>Telemetry 5</name>
                <styleUrl>#modifiedtelemetry</styleUrl>
                <TimeSpan>
                  <begin>2026-10-03T18:37:02.651710+00:00</begin>
                  <end>2026-10-03T18:37:03.651710+00:00</end>
                </TimeSpan>
                <Point>
                  <coordinates>-80.57808720822365,37.19685213076737,0</coordinates>
                </Point>
              </Placemark>
              <Placemark>
                <name>Telemetry 6</name>
                <styleUrl>#modifiedtelemetry</styleUrl>
                <TimeSpan>
                  <begin>2026-10-03T18:37:03.651710+00:00</begin>
                  <end>2026-10-03T18:37:04.651710+00:00</end>
                </TimeSpan>
                <Point>
                  <coordinates>-80.57811722777369,37.19680923519623,0</coordinates>
                </Point>
              </Placemark>
              <Placemark>
                <name>Telemetry 7</name>
                <styleUrl>#modifiedtelemetry</styleUrl>
                <TimeSpan>
                  <begin>2026-10-03T18:37:04.651710+00:00</begin>
                  <end>2026-10-03T18:37:05.651710+00:00</end>
                </TimeSpan>
                <Point>
                  <coordinates>-80.5781323958596,37.1967658046547,0</coordinates>
                </Point>
              </Placemark>
              <Placemark>
                <name>Telemetry 8</name>
                <styleUrl>#modifiedtelemetry</styleUrl>
                <TimeSpan>
                  <begin>2026-10-03T18:37:05.651710+00:00</begin>
                  <end>2026-10-03T18:37:06.651710+00:00</end>
                </TimeSpan>
                <Point>
                  <coordinates>-80.57814392771789,37.19670166260832,0</coordinates>
                </Point>
              </Placemark>
              <Placemark>
                <name>Telemetry 9</name>
                <styleUrl>#modifiedtelemetry</styleUrl>
                <TimeSpan>
                  <begin>2026-10-03T18:37:06.651710+00:00</begin>
                  <end>2026-10-03T18:37:07.651710+00:00</end>
                </TimeSpan>
                <Point>
                  <coordinates>-80.57812974002694,37.19663489860375,0</coordinates>
                </Point>
              </Placemark>
              <Placemark>
                <name>Telemetry 10</name>
                <styleUrl>#modifiedtelemetry</styleUrl>
                <TimeSpan>
                  <begin>2026-10-03T18:37:07.651710+00:00</begin>
                  <end>2026-10-03T18:37:08.651710+00:00</end>
                </TimeSpan>
                <Point>
                  <coordinates>-80.57808680009781,37.19657292090538,0</coordinates>
                </Point>
              </Placemark>
              <Placemark>
                <name>Telemetry 11</name>
                <styleUrl>#modifiedtelemetry</styleUrl>
                <TimeSpan>
                  <begin>2026-10-03T18:37:08.651710+00:00</begin>
                  <end>2026-10-03T18:37:09.651710+00:00</end>
                </TimeSpan>
                <Point>
                  <coordinates>-80.57801685035301,37.19652877181478,0</coordinates>
                </Point>
              </Placemark>
              <Placemark>
                <name>Telemetry 12</name>
                <styleUrl>#modifiedtelemetry</styleUrl>
                <TimeSpan>
                  <begin>2026-10-03T18:37:09.651710+00:00</begin>
                  <end>2026-10-03T18:37:10.651710+00:00</end>
                </TimeSpan>
                <Point>
                  <coordinates>-80.57795541973255,37.19650790849303,0</coordinates>
                </Point>
              </Placemark>
              <Placemark>
                <name>Telemetry 13</name>
                <styleUrl>#modifiedtelemetry</styleUrl>
                <TimeSpan>
                  <begin>2026-10-03T18:37:10.651710+00:00</begin>
                  <end>2026-10-03T18:37:11.651710+00:00</end>
                </TimeSpan>
                <Point>
                  <coordinates>-80.57779490248247,37.19643592110631,0</coordinates>
                </Point>
              </Placemark>
              <Placemark>
                <name>Telemetry 14</name>
                <styleUrl>#modifiedtelemetry</styleUrl>
                <TimeSpan>
                  <begin>2026-10-03T18:37:11.651710+00:00</begin>
                  <end>2026-10-03T18:37:12.651710+00:00</end>
                </TimeSpan>
                <Point>
                  <coordinates>-80.57771381708879,37.19639543761661,0</coordinates>
                </Point>
              </Placemark>
              <Placemark>
                <name>Telemetry 15</name>
                <styleUrl>#modifiedtelemetry</styleUrl>
                <TimeSpan>
                  <begin>2026-10-03T18:37:12.651710+00:00</begin>
                  <end>2026-10-03T18:37:13.651710+00:00</end>
                </TimeSpan>
                <Point>
                  <coordinates>-80.5776456115435,37.19635960981006,0</coordinates>
                </Point>
              </Placemark>
              <Placemark>
                <name>Telemetry 16</name>
                <styleUrl>#modifiedtelemetry</styleUrl>
                <TimeSpan>
                  <begin>2026-10-03T18:37:13.651710+00:00</begin>
                  <end>2026-10-03T18:37:14.651710+00:00</end>
                </TimeSpan>
                <Point>
                  <coordinates>-80.57757190904874,37.19632841915715,0</coordinates>
                </Point>
              </Placemark>
              <Placemark>
                <name>Telemetry 17</name>
                <styleUrl>#modifiedtelemetry</styleUrl>
                <TimeSpan>
                  <begin>2026-10-03T18:37:14.651710+00:00</begin>
                  <end>2026-10-03T18:37:15.651710+00:00</end>
                </TimeSpan>
                <Point>
                  <coordinates>-80.57751114071674,37.19631735230622,0</coordinates>
                </Point>
              </Placemark>
              <Placemark>
                <name>Telemetry 18</name>
                <styleUrl>#modifiedtelemetry</styleUrl>
                <TimeSpan>
                  <begin>2026-10-03T18:37:15.651710+00:00</begin>
                  <end>2026-10-03T18:37:16.651710+00:00</end>
                </TimeSpan>
                <Point>
                  <coordinates>-80.57742677046657,37.19631370494702,0</coordinates>
                </Point>
              </Placemark>
              <Placemark>
                <name>Telemetry 19</name>
                <styleUrl>#modifiedtelemetry</styleUrl>
                <TimeSpan>
                  <begin>2026-10-03T18:37:16.651710+00:00</begin>
                  <end>2026-10-03T18:37:17.651710+00:00</end>
                </TimeSpan>
                <Point>
                  <coordinates>-80.5773706,37.1963054,0</coordinates>
                </Point>
              </Placemark>
              <Placemark>
                <name>Telemetry 20</name>
                <styleUrl>#modifiedtelemetry</styleUrl>
                <TimeSpan>
                  <begin>2026-10-03T18:37:17.651710+00:00</begin>
                  <end>2026-10-03T18:37:18.651710+00:00</end>
                </TimeSpan>
                <Point>
                  <coordinates>-80.5771453,37.1963577,0</coordinates>
                </Point>
              </Placemark>
              <Placemark>
                <name>Telemetry 21</name>
                <styleUrl>#modifiedtelemetry</styleUrl>
                <TimeSpan>
                  <begin>2026-10-03T18:37:18.651710+00:00</begin>
                  <end>2026-10-03T18:37:19.651710+00:00</end>
                </TimeSpan>
                <Point>
                  <coordinates>-80.5771265,37.1965735,0</coordinates>
                </Point>
              </Placemark>
              <Placemark>
                <name>Telemetry 22</name>
                <styleUrl>#modifiedtelemetry</styleUrl>
                <TimeSpan>
                  <begin>2026-10-03T18:37:19.651710+00:00</begin>
                  <end>2026-10-03T18:37:20.651710+00:00</end>
                </TimeSpan>
                <Point>
                  <coordinates>-80.57744590087025,37.19665029738701,0</coordinates>
                </Point>
              </Placemark>
              <Placemark>
                <name>Telemetry 23</name>
                <styleUrl>#modifiedtelemetry</styleUrl>
                <TimeSpan>
                  <begin>2026-10-03T18:37:20.651710+00:00</begin>
                  <end>2026-10-03T18:37:21.651710+00:00</end>
                </TimeSpan>
                <Point>
                  <coordinates>-80.5776442,37.1966013,0</coordinates>
                </Point>
              </Placemark>
              <Placemark>
                <name>Telemetry 24</name>
                <styleUrl>#modifiedtelemetry</styleUrl>
                <TimeSpan>
                  <begin>2026-10-03T18:37:21.651710+00:00</begin>
                  <end>2026-10-03T18:37:22.651710+00:00</end>
                </TimeSpan>
                <Point>
                  <coordinates>-80.57776806176655,37.1964375298218,0</coordinates>
                </Point>
              </Placemark>
              <Placemark>
                <name>Telemetry 25</name>
                <styleUrl>#modifiedtelemetry</styleUrl>
                <TimeSpan>
                  <begin>2026-10-03T18:37:22.651710+00:00</begin>
                  <end>2026-10-03T18:37:23.651710+00:00</end>
                </TimeSpan>
                <Point>
                  <coordinates>-80.57784172323511,37.1962376762061,0</coordinates>
                </Point>
              </Placemark>
              <Placemark>
                <name>Telemetry 26</name>
                <styleUrl>#modifiedtelemetry</styleUrl>
                <TimeSpan>
                  <begin>2026-10-03T18:37:23.651710+00:00</begin>
                  <end>2026-10-03T18:37:24.651710+00:00</end>
                </TimeSpan>
                <Point>
                  <coordinates>-80.5777311,37.1960563,0</coordinates>
                </Point>
              </Placemark>
              <Placemark>
                <name>Telemetry 27</name>
                <styleUrl>#modifiedtelemetry</styleUrl>
                <TimeSpan>
                  <begin>2026-10-03T18:37:24.651710+00:00</begin>
                  <end>2026-10-03T18:37:25.651710+00:00</end>
                </TimeSpan>
                <Point>
                  <coordinates>-80.57739321491916,37.19605837098315,0</coordinates>
                </Point>
              </Placemark>
              <Placemark>
                <name>Telemetry 28</name>
                <styleUrl>#modifiedtelemetry</styleUrl>
                <TimeSpan>
                  <begin>2026-10-03T18:37:25.651710+00:00</begin>
                  <end>2026-10-03T18:37:26.651710+00:00</end>
                </TimeSpan>
                <Point>
                  <coordinates>-80.5771357,37.1961151,0</coordinates>
                </Point>
              </Placemark>
              <Placemark>
                <name>Telemetry 29</name>
                <styleUrl>#modifiedtelemetry</styleUrl>
                <TimeSpan>
                  <begin>2026-10-03T18:37:26.651710+00:00</begin>
                  <end>2026-10-03T18:37:27.651710+00:00</end>
                </TimeSpan>
                <Point>
                  <coordinates>-80.5769627,37.1962283,0</coordinates>
                </Point>
              </Placemark>
              <Placemark>
                <name>Telemetry 30</name>
                <styleUrl>#modifiedtelemetry</styleUrl>
                <TimeSpan>
                  <begin>2026-10-03T18:37:27.651710+00:00</begin>
                  <end>2026-10-03T18:37:28.651710+00:00</end>
                </TimeSpan>
                <Point>
                  <coordinates>-80.5769184,37.1963885,0</coordinates>
                </Point>
              </Placemark>
              <Placemark>
                <name>Telemetry 31</name>
                <styleUrl>#modifiedtelemetry</styleUrl>
                <TimeSpan>
                  <begin>2026-10-03T18:37:28.651710+00:00</begin>
                  <end>2026-10-03T18:37:29.651710+00:00</end>
                </TimeSpan>
                <Point>
                  <coordinates>-80.5767347,37.1964356,0</coordinates>
                </Point>
              </Placemark>
              <Placemark>
                <name>Telemetry 32</name>
                <styleUrl>#modifiedtelemetry</styleUrl>
                <TimeSpan>
                  <begin>2026-10-03T18:37:29.651710+00:00</begin>
                  <end>2026-10-03T18:37:30.651710+00:00</end>
                </TimeSpan>
                <Point>
                  <coordinates>-80.5766366,37.1963538,0</coordinates>
                </Point>
              </Placemark>
              <Placemark>
                <name>Telemetry 33</name>
                <styleUrl>#modifiedtelemetry</styleUrl>
                <TimeSpan>
                  <begin>2026-10-03T18:37:30.651710+00:00</begin>
                  <end>2026-10-03T18:37:31.651710+00:00</end>
                </TimeSpan>
                <Point>
                  <coordinates>-80.5766634,37.1962096,0</coordinates>
                </Point>
              </Placemark>
              <Placemark>
                <name>Telemetry 34</name>
                <styleUrl>#modifiedtelemetry</styleUrl>
                <TimeSpan>
                  <begin>2026-10-03T18:37:31.651710+00:00</begin>
                  <end>2026-10-03T18:37:32.651710+00:00</end>
                </TimeSpan>
                <Point>
                  <coordinates>-80.5767707,37.1961284,0</coordinates>
                </Point>
              </Placemark>
              <Placemark>
                <name>Telemetry 35</name>
                <styleUrl>#modifiedtelemetry</styleUrl>
                <TimeSpan>
                  <begin>2026-10-03T18:37:32.651710+00:00</begin>
                  <end>2026-10-03T18:37:33.651710+00:00</end>
                </TimeSpan>
                <Point>
                  <coordinates>-80.5768887,37.1960493,0</coordinates>
                </Point>
              </Placemark>
              <Placemark>
                <name>Telemetry 36</name>
                <styleUrl>#modifiedtelemetry</styleUrl>
                <TimeSpan>
                  <begin>2026-10-03T18:37:33.651710+00:00</begin>
                  <end>2026-10-03T18:37:34.651710+00:00</end>
                </TimeSpan>
                <Point>
                  <coordinates>-80.5770684,37.1959745,0</coordinates>
                </Point>
              </Placemark>
              <Placemark>
                <name>Telemetry 37</name>
                <styleUrl>#modifiedtelemetry</styleUrl>
                <TimeSpan>
                  <begin>2026-10-03T18:37:34.651710+00:00</begin>
                  <end>2026-10-03T18:37:35.651710+00:00</end>
                </TimeSpan>
                <Point>
                  <coordinates>-80.5771757,37.19596070000001,0</coordinates>
                </Point>
              </Placemark>
              <Placemark>
                <name>Telemetry 38</name>
                <styleUrl>#modifiedtelemetry</styleUrl>
                <TimeSpan>
                  <begin>2026-10-03T18:37:35.651710+00:00</begin>
                  <end>2026-10-03T18:37:36.651710+00:00</end>
                </TimeSpan>
                <Point>
                  <coordinates>-80.5772937,37.19598200000001,0</coordinates>
                </Point>
              </Placemark>
              <Placemark>
                <name>Telemetry 39</name>
                <styleUrl>#modifiedtelemetry</styleUrl>
                <TimeSpan>
                  <begin>2026-10-03T18:37:36.651710+00:00</begin>
                  <end>2026-10-03T18:37:37.651710+00:00</end>
                </TimeSpan>
                <Point>
                  <coordinates>-80.5773326,37.1960942,0</coordinates>
                </Point>
              </Placemark>
              <Placemark>
                <name>Telemetry 40</name>
                <styleUrl>#modifiedtelemetry</styleUrl>
                <TimeSpan>
                  <begin>2026-10-03T18:37:37.651710+00:00</begin>
                  <end>2026-10-03T18:37:38.651710+00:00</end>
                </TimeSpan>
                <Point>
                  <coordinates>-80.577283,37.19619780000001,0</coordinates>
                </Point>
              </Placemark>
              <Placemark>
                <name>Telemetry 41</name>
                <styleUrl>#modifiedtelemetry</styleUrl>
                <TimeSpan>
                  <begin>2026-10-03T18:37:38.651710+00:00</begin>
                  <end>2026-10-03T18:37:39.651710+00:00</end>
                </TimeSpan>
                <Point>
                  <coordinates>-80.5772602,37.1963495,0</coordinates>
                </Point>
              </Placemark>
              <Placemark>
                <name>Telemetry 42</name>
                <styleUrl>#modifiedtelemetry</styleUrl>
                <TimeSpan>
                  <begin>2026-10-03T18:37:39.651710+00:00</begin>
                  <end>2026-10-03T18:37:40.651710+00:00</end>
                </TimeSpan>
                <Point>
                  <coordinates>-80.5772817,37.1964692,0</coordinates>
                </Point>
              </Placemark>
              <Placemark>
                <name>Telemetry 43</name>
                <styleUrl>#modifiedtelemetry</styleUrl>
                <TimeSpan>
                  <begin>2026-10-03T18:37:40.651710+00:00</begin>
                  <end>2026-10-03T18:37:41.651710+00:00</end>
                </TimeSpan>
                <Point>
                  <coordinates>-80.5773863,37.1965546,0</coordinates>
                </Point>
              </Placemark>
              <Placemark>
                <name>Telemetry 44</name>
                <styleUrl>#modifiedtelemetry</styleUrl>
                <TimeSpan>
                  <begin>2026-10-03T18:37:41.651710+00:00</begin>
                  <end>2026-10-03T18:37:42.651710+00:00</end>
                </TimeSpan>
                <Point>
                  <coordinates>-80.5775406,37.1965589,0</coordinates>
                </Point>
              </Placemark>
              <Placemark>
                <name>Telemetry 45</name>
                <styleUrl>#modifiedtelemetry</styleUrl>
                <TimeSpan>
                  <begin>2026-10-03T18:37:42.651710+00:00</begin>
                  <end>2026-10-03T18:37:43.651710+00:00</end>
                </TimeSpan>
                <Point>
                  <coordinates>-80.57763850000002,37.1965782,0</coordinates>
                </Point>
              </Placemark>
              <Placemark>
                <name>Telemetry 46</name>
                <styleUrl>#modifiedtelemetry</styleUrl>
                <TimeSpan>
                  <begin>2026-10-03T18:37:43.651710+00:00</begin>
                  <end>2026-10-03T18:37:44.651710+00:00</end>
                </TimeSpan>
                <Point>
                  <coordinates>-80.57763850000002,37.1966679,0</coordinates>
                </Point>
              </Placemark>
              <Placemark>
                <name>Telemetry 47</name>
                <styleUrl>#modifiedtelemetry</styleUrl>
                <TimeSpan>
                  <begin>2026-10-03T18:37:44.651710+00:00</begin>
                  <end>2026-10-03T18:37:45.651710+00:00</end>
                </TimeSpan>
                <Point>
                  <coordinates>-80.5775473,37.1967074,0</coordinates>
                </Point>
              </Placemark>
              <Placemark>
                <name>Telemetry 48</name>
                <styleUrl>#modifiedtelemetry</styleUrl>
                <TimeSpan>
                  <begin>2026-10-03T18:37:45.651710+00:00</begin>
                  <end>2026-10-03T18:37:46.651710+00:00</end>
                </TimeSpan>
                <Point>
                  <coordinates>-80.5773823,37.1966967,0</coordinates>
                </Point>
              </Placemark>
              <Placemark>
                <name>Telemetry 49</name>
                <styleUrl>#modifiedtelemetry</styleUrl>
                <TimeSpan>
                  <begin>2026-10-03T18:37:46.651710+00:00</begin>
                  <end>2026-10-03T18:37:47.651710+00:00</end>
                </TimeSpan>
                <Point>
                  <coordinates>-80.5773421,37.1966241,0</coordinates>
                </Point>
              </Placemark>
              <Placemark>
                <name>Telemetry 50</name>
                <styleUrl>#modifiedtelemetry</styleUrl>
                <TimeSpan>
                  <begin>2026-10-03T18:37:47.651710+00:00</begin>
                  <end>2026-10-03T18:37:48.651710+00:00</end>
                </TimeSpan>
                <Point>
                  <coordinates>-80.5773005,37.196528,0</coordinates>
                </Point>
              </Placemark>
              <Placemark>
                <name>Telemetry 51</name>
                <styleUrl>#modifiedtelemetry</styleUrl>
                <TimeSpan>
                  <begin>2026-10-03T18:37:48.651710+00:00</begin>
                  <end>2026-10-03T18:37:49.651710+00:00</end>
                </TimeSpan>
                <Point>
                  <coordinates>-80.5771557,37.1965055,0</coordinates>
                </Point>
              </Placemark>
              <Placemark>
                <name>Telemetry 52</name>
                <styleUrl>#modifiedtelemetry</styleUrl>
                <TimeSpan>
                  <begin>2026-10-03T18:37:49.651710+00:00</begin>
                  <end>2026-10-03T18:37:50.651710+00:00</end>
                </TimeSpan>
                <Point>
                  <coordinates>-80.5770457,37.19654400000001,0</coordinates>
                </Point>
              </Placemark>
              <Placemark>
                <name>Telemetry 53</name>
                <styleUrl>#modifiedtelemetry</styleUrl>
                <TimeSpan>
                  <begin>2026-10-03T18:37:50.651710+00:00</begin>
                  <end>2026-10-03T18:37:51.651710+00:00</end>
                </TimeSpan>
                <Point>
                  <coordinates>-80.5768834,37.19654500000001,0</coordinates>
                </Point>
              </Placemark>
              <Placemark>
                <name>Telemetry 54</name>
                <styleUrl>#modifiedtelemetry</styleUrl>
                <TimeSpan>
                  <begin>2026-10-03T18:37:51.651710+00:00</begin>
                  <end>2026-10-03T18:37:52.651710+00:00</end>
                </TimeSpan>
                <Point>
                  <coordinates>-80.5767869,37.1964831,0</coordinates>
                </Point>
              </Placemark>
              <Placemark>
                <name>Telemetry 55</name>
                <styleUrl>#modifiedtelemetry</styleUrl>
                <TimeSpan>
                  <begin>2026-10-03T18:37:52.651710+00:00</begin>
                  <end>2026-10-03T18:37:53.651710+00:00</end>
                </TimeSpan>
                <Point>
                  <coordinates>-80.5767547,37.1964083,0</coordinates>
                </Point>
              </Placemark>
              <Placemark>
                <name>Telemetry 56</name>
                <styleUrl>#modifiedtelemetry</styleUrl>
                <TimeSpan>
                  <begin>2026-10-03T18:37:53.651710+00:00</begin>
                  <end>2026-10-03T18:37:54.651710+00:00</end>
                </TimeSpan>
                <Point>
                  <coordinates>-80.5767587,37.1963228,0</coordinates>
                </Point>
              </Placemark>
              <Placemark>
                <name>Telemetry 57</name>
                <styleUrl>#modifiedtelemetry</styleUrl>
                <TimeSpan>
                  <begin>2026-10-03T18:37:54.651710+00:00</begin>
                  <end>2026-10-03T18:37:55.651710+00:00</end>
                </TimeSpan>
                <Point>
                  <coordinates>-80.5767587,37.1961893,0</coordinates>
                </Point>
              </Placemark>
              <Placemark>
                <name>Telemetry 58</name>
                <styleUrl>#modifiedtelemetry</styleUrl>
                <TimeSpan>
                  <begin>2026-10-03T18:37:55.651710+00:00</begin>
                  <end>2026-10-03T18:37:56.651710+00:00</end>
                </TimeSpan>
                <Point>
                  <coordinates>-80.5766836,37.1961348,0</coordinates>
                </Point>
              </Placemark>
              <Placemark>
                <name>Telemetry 59</name>
                <styleUrl>#modifiedtelemetry</styleUrl>
                <TimeSpan>
                  <begin>2026-10-03T18:37:56.651710+00:00</begin>
                  <end>2026-10-03T18:37:57.651710+00:00</end>
                </TimeSpan>
                <Point>
                  <coordinates>-80.5766836,37.1960205,0</coordinates>
                </Point>
              </Placemark>
              <Placemark>
                <name>Telemetry 60</name>
                <styleUrl>#modifiedtelemetry</styleUrl>
                <TimeSpan>
                  <begin>2026-10-03T18:37:57.651710+00:00</begin>
                  <end>2026-10-03T18:37:58.651710+00:00</end>
                </TimeSpan>
                <Point>
                  <coordinates>-80.5767896,37.1960077,0</coordinates>
                </Point>
              </Placemark>
              <Placemark>
                <name>Telemetry 61</name>
                <styleUrl>#modifiedtelemetry</styleUrl>
                <TimeSpan>
                  <begin>2026-10-03T18:37:58.651710+00:00</begin>
                  <end>2026-10-03T18:37:59.651710+00:00</end>
                </TimeSpan>
                <Point>
                  <coordinates>-80.5769277,37.1959671,0</coordinates>
                </Point>
              </Placemark>
              <Placemark>
                <name>Telemetry 62</name>
                <styleUrl>#modifiedtelemetry</styleUrl>
                <TimeSpan>
                  <begin>2026-10-03T18:37:59.651710+00:00</begin>
                  <end>2026-10-03T18:38:00.651710+00:00</end>
                </TimeSpan>
                <Point>
                  <coordinates>-80.5770806,37.1959051,0</coordinates>
                </Point>
              </Placemark>
              <Placemark>
                <name>Telemetry 63</name>
                <styleUrl>#modifiedtelemetry</styleUrl>
                <TimeSpan>
                  <begin>2026-10-03T18:38:00.651710+00:00</begin>
                  <end>2026-10-03T18:38:01.651710+00:00</end>
                </TimeSpan>
                <Point>
                  <coordinates>-80.5771999,37.195896600000005,0</coordinates>
                </Point>
              </Placemark>
            </Folder>
          </Folder>
        </Folder>
        <Folder>
          <name>Service Provider polling</name>
        </Folder>
        <Folder>
          <name>Service Provider polling</name>
        </Folder>
        <Folder>
          <name>Service Provider polling</name>
        </Folder>
        <Folder>
          <name>Service Provider polling</name>
        </Folder>
        <Folder>
          <name>Service Provider polling</name>
        </Folder>
        <Folder>
          <name>Verify operator notification</name>
        </Folder>
        <Folder>
          <name>Intermediate cleanup</name>
        </Folder>
        <Folder>
          <name>Retrieve pre-existing operator notification</name>
        </Folder>
        <Folder>
          <name>Injection</name>
          <Folder>
            <name>E24: uss1 interuss.automated_testing.rid.v1.injection.createTest</name>
            <Folder>
              <name>Test flight 33de81f4-83b7-43a3-aa42-3ebd37a886d8</name>
              <Placemark>
                <name>Telemetry 0</name>
                <styleUrl>#modifiedtelemetry</styleUrl>
                <TimeSpan>
                  <begin>2026-10-03T18:37:08.267533+00:00</begin>
                  <end>2026-10-03T18:37:09.267533+00:00</end>
                </TimeSpan>
                <Point>
                  <coordinates>-80.57798081614081,37.197059404721635,0</coordinates>
                </Point>
              </Placemark>
              <Placemark>
                <name>Telemetry 1</name>
                <styleUrl>#modifiedtelemetry</styleUrl>
                <TimeSpan>
                  <begin>2026-10-03T18:37:09.267533+00:00</begin>
                  <end>2026-10-03T18:37:10.267533+00:00</end>
                </TimeSpan>
                <Point>
                  <coordinates>-80.57798798375362,37.197016214133484,0</coordinates>
                </Point>
              </Placemark>
              <Placemark>
                <name>Telemetry 2</name>
                <styleUrl>#modifiedtelemetry</styleUrl>
                <TimeSpan>
                  <begin>2026-10-03T18:37:10.267533+00:00</begin>
                  <end>2026-10-03T18:37:11.267533+00:00</end>
                </TimeSpan>
                <Point>
                  <coordinates>-80.57800212690604,37.196972734164305,0</coordinates>
                </Point>
              </Placemark>
              <Placemark>
                <name>Telemetry 3</name>
                <styleUrl>#modifiedtelemetry</styleUrl>
                <TimeSpan>
                  <begin>2026-10-03T18:37:11.267533+00:00</begin>
                  <end>2026-10-03T18:37:12.267533+00:00</end>
                </TimeSpan>
                <Point>
                  <coordinates>-80.57802342452034,37.196931703788785,0</coordinates>
                </Point>
              </Placemark>
              <Placemark>
                <name>Telemetry 4</name>
                <styleUrl>#modifiedtelemetry</styleUrl>
                <TimeSpan>
                  <begin>2026-10-03T18:37:12.267533+00:00</begin>
                  <end>2026-10-03T18:37:13.267533+00:00</end>
                </TimeSpan>
                <Point>
                  <coordinates>-80.57805344862881,37.19689368575391,0</coordinates>
                </Point>
              </Placemark>
              <Placemark>
                <name>Telemetry 5</name>
                <styleUrl>#modifiedtelemetry</styleUrl>
                <TimeSpan>
                  <begin>2026-10-03T18:37:13.267533+00:00</begin>
                  <end>2026-10-03T18:37:14.267533+00:00</end>
                </TimeSpan>
                <Point>
                  <coordinates>-80.57808720822365,37.19685213076737,0</coordinates>
                </Point>
              </Placemark>
              <Placemark>
                <name>Telemetry 6</name>
                <styleUrl>#modifiedtelemetry</styleUrl>
                <TimeSpan>
                  <begin>2026-10-03T18:37:14.267533+00:00</begin>
                  <end>2026-10-03T18:37:15.267533+00:00</end>
                </TimeSpan>
                <Point>
                  <coordinates>-80.57811722777369,37.19680923519623,0</coordinates>
                </Point>
              </Placemark>
              <Placemark>
                <name>Telemetry 7</name>
                <styleUrl>#modifiedtelemetry</styleUrl>
                <TimeSpan>
                  <begin>2026-10-03T18:37:15.267533+00:00</begin>
                  <end>2026-10-03T18:37:16.267533+00:00</end>
                </TimeSpan>
                <Point>
                  <coordinates>-80.5781323958596,37.1967658046547,0</coordinates>
                </Point>
              </Placemark>
              <Placemark>
                <name>Telemetry 8</name>
                <styleUrl>#modifiedtelemetry</styleUrl>
                <TimeSpan>
                  <begin>2026-10-03T18:37:16.267533+00:00</begin>
                  <end>2026-10-03T18:37:17.267533+00:00</end>
                </TimeSpan>
                <Point>
                  <coordinates>-80.57814392771789,37.19670166260832,0</coordinates>
                </Point>
              </Placemark>
              <Placemark>
                <name>Telemetry 9</name>
                <styleUrl>#modifiedtelemetry</styleUrl>
                <TimeSpan>
                  <begin>2026-10-03T18:37:17.267533+00:00</begin>
                  <end>2026-10-03T18:37:18.267533+00:00</end>
                </TimeSpan>
                <Point>
                  <coordinates>-80.57812974002694,37.19663489860375,0</coordinates>
                </Point>
              </Placemark>
              <Placemark>
                <name>Telemetry 10</name>
                <styleUrl>#modifiedtelemetry</styleUrl>
                <TimeSpan>
                  <begin>2026-10-03T18:37:18.267533+00:00</begin>
                  <end>2026-10-03T18:37:19.267533+00:00</end>
                </TimeSpan>
                <Point>
                  <coordinates>-80.57808680009781,37.19657292090538,0</coordinates>
                </Point>
              </Placemark>
              <Placemark>
                <name>Telemetry 11</name>
                <styleUrl>#modifiedtelemetry</styleUrl>
                <TimeSpan>
                  <begin>2026-10-03T18:37:19.267533+00:00</begin>
                  <end>2026-10-03T18:37:20.267533+00:00</end>
                </TimeSpan>
                <Point>
                  <coordinates>-80.57801685035301,37.19652877181478,0</coordinates>
                </Point>
              </Placemark>
              <Placemark>
                <name>Telemetry 12</name>
                <styleUrl>#modifiedtelemetry</styleUrl>
                <TimeSpan>
                  <begin>2026-10-03T18:37:20.267533+00:00</begin>
                  <end>2026-10-03T18:37:21.267533+00:00</end>
                </TimeSpan>
                <Point>
                  <coordinates>-80.57795541973255,37.19650790849303,0</coordinates>
                </Point>
              </Placemark>
              <Placemark>
                <name>Telemetry 13</name>
                <styleUrl>#modifiedtelemetry</styleUrl>
                <TimeSpan>
                  <begin>2026-10-03T18:37:21.267533+00:00</begin>
                  <end>2026-10-03T18:37:22.267533+00:00</end>
                </TimeSpan>
                <Point>
                  <coordinates>-80.57779490248247,37.19643592110631,0</coordinates>
                </Point>
              </Placemark>
              <Placemark>
                <name>Telemetry 14</name>
                <styleUrl>#modifiedtelemetry</styleUrl>
                <TimeSpan>
                  <begin>2026-10-03T18:37:22.267533+00:00</begin>
                  <end>2026-10-03T18:37:23.267533+00:00</end>
                </TimeSpan>
                <Point>
                  <coordinates>-80.57771381708879,37.19639543761661,0</coordinates>
                </Point>
              </Placemark>
              <Placemark>
                <name>Telemetry 15</name>
                <styleUrl>#modifiedtelemetry</styleUrl>
                <TimeSpan>
                  <begin>2026-10-03T18:37:23.267533+00:00</begin>
                  <end>2026-10-03T18:37:24.267533+00:00</end>
                </TimeSpan>
                <Point>
                  <coordinates>-80.5776456115435,37.19635960981006,0</coordinates>
                </Point>
              </Placemark>
              <Placemark>
                <name>Telemetry 16</name>
                <styleUrl>#modifiedtelemetry</styleUrl>
                <TimeSpan>
                  <begin>2026-10-03T18:37:24.267533+00:00</begin>
                  <end>2026-10-03T18:37:25.267533+00:00</end>
                </TimeSpan>
                <Point>
                  <coordinates>-80.57757190904874,37.19632841915715,0</coordinates>
                </Point>
              </Placemark>
              <Placemark>
                <name>Telemetry 17</name>
                <styleUrl>#modifiedtelemetry</styleUrl>
                <TimeSpan>
                  <begin>2026-10-03T18:37:25.267533+00:00</begin>
                  <end>2026-10-03T18:37:26.267533+00:00</end>
                </TimeSpan>
                <Point>
                  <coordinates>-80.57751114071674,37.19631735230622,0</coordinates>
                </Point>
              </Placemark>
              <Placemark>
                <name>Telemetry 18</name>
                <styleUrl>#modifiedtelemetry</styleUrl>
                <TimeSpan>
                  <begin>2026-10-03T18:37:26.267533+00:00</begin>
                  <end>2026-10-03T18:37:27.267533+00:00</end>
                </TimeSpan>
                <Point>
                  <coordinates>-80.57742677046657,37.19631370494702,0</coordinates>
                </Point>
              </Placemark>
              <Placemark>
                <name>Telemetry 19</name>
                <styleUrl>#modifiedtelemetry</styleUrl>
                <TimeSpan>
                  <begin>2026-10-03T18:37:27.267533+00:00</begin>
                  <end>2026-10-03T18:37:28.267533+00:00</end>
                </TimeSpan>
                <Point>
                  <coordinates>-80.5773706,37.1963054,0</coordinates>
                </Point>
              </Placemark>
              <Placemark>
                <name>Telemetry 20</name>
                <styleUrl>#modifiedtelemetry</styleUrl>
                <TimeSpan>
                  <begin>2026-10-03T18:37:28.267533+00:00</begin>
                  <end>2026-10-03T18:37:29.267533+00:00</end>
                </TimeSpan>
                <Point>
                  <coordinates>-80.5771453,37.1963577,0</coordinates>
                </Point>
              </Placemark>
              <Placemark>
                <name>Telemetry 21</name>
                <styleUrl>#modifiedtelemetry</styleUrl>
                <TimeSpan>
                  <begin>2026-10-03T18:37:29.267533+00:00</begin>
                  <end>2026-10-03T18:37:30.267533+00:00</end>
                </TimeSpan>
                <Point>
                  <coordinates>-80.5771265,37.1965735,0</coordinates>
                </Point>
              </Placemark>
              <Placemark>
                <name>Telemetry 22</name>
                <styleUrl>#modifiedtelemetry</styleUrl>
                <TimeSpan>
                  <begin>2026-10-03T18:37:30.267533+00:00</begin>
                  <end>2026-10-03T18:37:31.267533+00:00</end>
                </TimeSpan>
                <Point>
                  <coordinates>-80.57744590087025,37.19665029738701,0</coordinates>
                </Point>
              </Placemark>
              <Placemark>
                <name>Telemetry 23</name>
                <styleUrl>#modifiedtelemetry</styleUrl>
                <TimeSpan>
                  <begin>2026-10-03T18:37:31.267533+00:00</begin>
                  <end>2026-10-03T18:37:32.267533+00:00</end>
                </TimeSpan>
                <Point>
                  <coordinates>-80.5776442,37.1966013,0</coordinates>
                </Point>
              </Placemark>
              <Placemark>
                <name>Telemetry 24</name>
                <styleUrl>#modifiedtelemetry</styleUrl>
                <TimeSpan>
                  <begin>2026-10-03T18:37:32.267533+00:00</begin>
                  <end>2026-10-03T18:37:33.267533+00:00</end>
                </TimeSpan>
                <Point>
                  <coordinates>-80.57776806176655,37.1964375298218,0</coordinates>
                </Point>
              </Placemark>
              <Placemark>
                <name>Telemetry 25</name>
                <styleUrl>#modifiedtelemetry</styleUrl>
                <TimeSpan>
                  <begin>2026-10-03T18:37:33.267533+00:00</begin>
                  <end>2026-10-03T18:37:34.267533+00:00</end>
                </TimeSpan>
                <Point>
                  <coordinates>-80.57784172323511,37.1962376762061,0</coordinates>
                </Point>
              </Placemark>
              <Placemark>
                <name>Telemetry 26</name>
                <styleUrl>#modifiedtelemetry</styleUrl>
                <TimeSpan>
                  <begin>2026-10-03T18:37:34.267533+00:00</begin>
                  <end>2026-10-03T18:37:35.267533+00:00</end>
                </TimeSpan>
                <Point>
                  <coordinates>-80.5777311,37.1960563,0</coordinates>
                </Point>
              </Placemark>
              <Placemark>
                <name>Telemetry 27</name>
                <styleUrl>#modifiedtelemetry</styleUrl>
                <TimeSpan>
                  <begin>2026-10-03T18:37:35.267533+00:00</begin>
                  <end>2026-10-03T18:37:36.267533+00:00</end>
                </TimeSpan>
                <Point>
                  <coordinates>-80.57739321491916,37.19605837098315,0</coordinates>
                </Point>
              </Placemark>
              <Placemark>
                <name>Telemetry 28</name>
                <styleUrl>#modifiedtelemetry</styleUrl>
                <TimeSpan>
                  <begin>2026-10-03T18:37:36.267533+00:00</begin>
                  <end>2026-10-03T18:37:37.267533+00:00</end>
                </TimeSpan>
                <Point>
                  <coordinates>-80.5771357,37.1961151,0</coordinates>
                </Point>
              </Placemark>
              <Placemark>
                <name>Telemetry 29</name>
                <styleUrl>#modifiedtelemetry</styleUrl>
                <TimeSpan>
                  <begin>2026-10-03T18:37:37.267533+00:00</begin>
                  <end>2026-10-03T18:37:38.267533+00:00</end>
                </TimeSpan>
                <Point>
                  <coordinates>-80.5769627,37.1962283,0</coordinates>
                </Point>
              </Placemark>
              <Placemark>
                <name>Telemetry 30</name>
                <styleUrl>#modifiedtelemetry</styleUrl>
                <TimeSpan>
                  <begin>2026-10-03T18:37:38.267533+00:00</begin>
                  <end>2026-10-03T18:37:39.267533+00:00</end>
                </TimeSpan>
                <Point>
                  <coordinates>-80.5769184,37.1963885,0</coordinates>
                </Point>
              </Placemark>
              <Placemark>
                <name>Telemetry 31</name>
                <styleUrl>#modifiedtelemetry</styleUrl>
                <TimeSpan>
                  <begin>2026-10-03T18:37:39.267533+00:00</begin>
                  <end>2026-10-03T18:37:40.267533+00:00</end>
                </TimeSpan>
                <Point>
                  <coordinates>-80.5767347,37.1964356,0</coordinates>
                </Point>
              </Placemark>
              <Placemark>
                <name>Telemetry 32</name>
                <styleUrl>#modifiedtelemetry</styleUrl>
                <TimeSpan>
                  <begin>2026-10-03T18:37:40.267533+00:00</begin>
                  <end>2026-10-03T18:37:41.267533+00:00</end>
                </TimeSpan>
                <Point>
                  <coordinates>-80.5766366,37.1963538,0</coordinates>
                </Point>
              </Placemark>
              <Placemark>
                <name>Telemetry 33</name>
                <styleUrl>#modifiedtelemetry</styleUrl>
                <TimeSpan>
                  <begin>2026-10-03T18:37:41.267533+00:00</begin>
                  <end>2026-10-03T18:37:42.267533+00:00</end>
                </TimeSpan>
                <Point>
                  <coordinates>-80.5766634,37.1962096,0</coordinates>
                </Point>
              </Placemark>
              <Placemark>
                <name>Telemetry 34</name>
                <styleUrl>#modifiedtelemetry</styleUrl>
                <TimeSpan>
                  <begin>2026-10-03T18:37:42.267533+00:00</begin>
                  <end>2026-10-03T18:37:43.267533+00:00</end>
                </TimeSpan>
                <Point>
                  <coordinates>-80.5767707,37.1961284,0</coordinates>
                </Point>
              </Placemark>
              <Placemark>
                <name>Telemetry 35</name>
                <styleUrl>#modifiedtelemetry</styleUrl>
                <TimeSpan>
                  <begin>2026-10-03T18:37:43.267533+00:00</begin>
                  <end>2026-10-03T18:37:44.267533+00:00</end>
                </TimeSpan>
                <Point>
                  <coordinates>-80.5768887,37.1960493,0</coordinates>
                </Point>
              </Placemark>
              <Placemark>
                <name>Telemetry 36</name>
                <styleUrl>#modifiedtelemetry</styleUrl>
                <TimeSpan>
                  <begin>2026-10-03T18:37:44.267533+00:00</begin>
                  <end>2026-10-03T18:37:45.267533+00:00</end>
                </TimeSpan>
                <Point>
                  <coordinates>-80.5770684,37.1959745,0</coordinates>
                </Point>
              </Placemark>
              <Placemark>
                <name>Telemetry 37</name>
                <styleUrl>#modifiedtelemetry</styleUrl>
                <TimeSpan>
                  <begin>2026-10-03T18:37:45.267533+00:00</begin>
                  <end>2026-10-03T18:37:46.267533+00:00</end>
                </TimeSpan>
                <Point>
                  <coordinates>-80.5771757,37.19596070000001,0</coordinates>
                </Point>
              </Placemark>
              <Placemark>
                <name>Telemetry 38</name>
                <styleUrl>#modifiedtelemetry</styleUrl>
                <TimeSpan>
                  <begin>2026-10-03T18:37:46.267533+00:00</begin>
                  <end>2026-10-03T18:37:47.267533+00:00</end>
                </TimeSpan>
                <Point>
                  <coordinates>-80.5772937,37.19598200000001,0</coordinates>
                </Point>
              </Placemark>
              <Placemark>
                <name>Telemetry 39</name>
                <styleUrl>#modifiedtelemetry</styleUrl>
                <TimeSpan>
                  <begin>2026-10-03T18:37:47.267533+00:00</begin>
                  <end>2026-10-03T18:37:48.267533+00:00</end>
                </TimeSpan>
                <Point>
                  <coordinates>-80.5773326,37.1960942,0</coordinates>
                </Point>
              </Placemark>
              <Placemark>
                <name>Telemetry 40</name>
                <styleUrl>#modifiedtelemetry</styleUrl>
                <TimeSpan>
                  <begin>2026-10-03T18:37:48.267533+00:00</begin>
                  <end>2026-10-03T18:37:49.267533+00:00</end>
                </TimeSpan>
                <Point>
                  <coordinates>-80.577283,37.19619780000001,0</coordinates>
                </Point>
              </Placemark>
              <Placemark>
                <name>Telemetry 41</name>
                <styleUrl>#modifiedtelemetry</styleUrl>
                <TimeSpan>
                  <begin>2026-10-03T18:37:49.267533+00:00</begin>
                  <end>2026-10-03T18:37:50.267533+00:00</end>
                </TimeSpan>
                <Point>
                  <coordinates>-80.5772602,37.1963495,0</coordinates>
                </Point>
              </Placemark>
              <Placemark>
                <name>Telemetry 42</name>
                <styleUrl>#modifiedtelemetry</styleUrl>
                <TimeSpan>
                  <begin>2026-10-03T18:37:50.267533+00:00</begin>
                  <end>2026-10-03T18:37:51.267533+00:00</end>
                </TimeSpan>
                <Point>
                  <coordinates>-80.5772817,37.1964692,0</coordinates>
                </Point>
              </Placemark>
              <Placemark>
                <name>Telemetry 43</name>
                <styleUrl>#modifiedtelemetry</styleUrl>
                <TimeSpan>
                  <begin>2026-10-03T18:37:51.267533+00:00</begin>
                  <end>2026-10-03T18:37:52.267533+00:00</end>
                </TimeSpan>
                <Point>
                  <coordinates>-80.5773863,37.1965546,0</coordinates>
                </Point>
              </Placemark>
              <Placemark>
                <name>Telemetry 44</name>
                <styleUrl>#modifiedtelemetry</styleUrl>
                <TimeSpan>
                  <begin>2026-10-03T18:37:52.267533+00:00</begin>
                  <end>2026-10-03T18:37:53.267533+00:00</end>
                </TimeSpan>
                <Point>
                  <coordinates>-80.5775406,37.1965589,0</coordinates>
                </Point>
              </Placemark>
              <Placemark>
                <name>Telemetry 45</name>
                <styleUrl>#modifiedtelemetry</styleUrl>
                <TimeSpan>
                  <begin>2026-10-03T18:37:53.267533+00:00</begin>
                  <end>2026-10-03T18:37:54.267533+00:00</end>
                </TimeSpan>
                <Point>
                  <coordinates>-80.57763850000002,37.1965782,0</coordinates>
                </Point>
              </Placemark>
              <Placemark>
                <name>Telemetry 46</name>
                <styleUrl>#modifiedtelemetry</styleUrl>
                <TimeSpan>
                  <begin>2026-10-03T18:37:54.267533+00:00</begin>
                  <end>2026-10-03T18:37:55.267533+00:00</end>
                </TimeSpan>
                <Point>
                  <coordinates>-80.57763850000002,37.1966679,0</coordinates>
                </Point>
              </Placemark>
              <Placemark>
                <name>Telemetry 47</name>
                <styleUrl>#modifiedtelemetry</styleUrl>
                <TimeSpan>
                  <begin>2026-10-03T18:37:55.267533+00:00</begin>
                  <end>2026-10-03T18:37:56.267533+00:00</end>
                </TimeSpan>
                <Point>
                  <coordinates>-80.5775473,37.1967074,0</coordinates>
                </Point>
              </Placemark>
              <Placemark>
                <name>Telemetry 48</name>
                <styleUrl>#modifiedtelemetry</styleUrl>
                <TimeSpan>
                  <begin>2026-10-03T18:37:56.267533+00:00</begin>
                  <end>2026-10-03T18:37:57.267533+00:00</end>
                </TimeSpan>
                <Point>
                  <coordinates>-80.5773823,37.1966967,0</coordinates>
                </Point>
              </Placemark>
              <Placemark>
                <name>Telemetry 49</name>
                <styleUrl>#modifiedtelemetry</styleUrl>
                <TimeSpan>
                  <begin>2026-10-03T18:37:57.267533+00:00</begin>
                  <end>2026-10-03T18:37:58.267533+00:00</end>
                </TimeSpan>
                <Point>
                  <coordinates>-80.5773421,37.1966241,0</coordinates>
                </Point>
              </Placemark>
              <Placemark>
                <name>Telemetry 50</name>
                <styleUrl>#modifiedtelemetry</styleUrl>
                <TimeSpan>
                  <begin>2026-10-03T18:37:58.267533+00:00</begin>
                  <end>2026-10-03T18:37:59.267533+00:00</end>
                </TimeSpan>
                <Point>
                  <coordinates>-80.5773005,37.196528,0</coordinates>
                </Point>
              </Placemark>
              <Placemark>
                <name>Telemetry 51</name>
                <styleUrl>#modifiedtelemetry</styleUrl>
                <TimeSpan>
                  <begin>2026-10-03T18:37:59.267533+00:00</begin>
                  <end>2026-10-03T18:38:00.267533+00:00</end>
                </TimeSpan>
                <Point>
                  <coordinates>-80.5771557,37.1965055,0</coordinates>
                </Point>
              </Placemark>
              <Placemark>
                <name>Telemetry 52</name>
                <styleUrl>#modifiedtelemetry</styleUrl>
                <TimeSpan>
                  <begin>2026-10-03T18:38:00.267533+00:00</begin>
                  <end>2026-10-03T18:38:01.267533+00:00</end>
                </TimeSpan>
                <Point>
                  <coordinates>-80.5770457,37.19654400000001,0</coordinates>
                </Point>
              </Placemark>
              <Placemark>
                <name>Telemetry 53</name>
                <styleUrl>#modifiedtelemetry</styleUrl>
                <TimeSpan>
                  <begin>2026-10-03T18:38:01.267533+00:00</begin>
                  <end>2026-10-03T18:38:02.267533+00:00</end>
                </TimeSpan>
                <Point>
                  <coordinates>-80.5768834,37.19654500000001,0</coordinates>
                </Point>
              </Placemark>
              <Placemark>
                <name>Telemetry 54</name>
                <styleUrl>#modifiedtelemetry</styleUrl>
                <TimeSpan>
                  <begin>2026-10-03T18:38:02.267533+00:00</begin>
                  <end>2026-10-03T18:38:03.267533+00:00</end>
                </TimeSpan>
                <Point>
                  <coordinates>-80.5767869,37.1964831,0</coordinates>
                </Point>
              </Placemark>
              <Placemark>
                <name>Telemetry 55</name>
                <styleUrl>#modifiedtelemetry</styleUrl>
                <TimeSpan>
                  <begin>2026-10-03T18:38:03.267533+00:00</begin>
                  <end>2026-10-03T18:38:04.267533+00:00</end>
                </TimeSpan>
                <Point>
                  <coordinates>-80.5767547,37.1964083,0</coordinates>
                </Point>
              </Placemark>
              <Placemark>
                <name>Telemetry 56</name>
                <styleUrl>#modifiedtelemetry</styleUrl>
                <TimeSpan>
                  <begin>2026-10-03T18:38:04.267533+00:00</begin>
                  <end>2026-10-03T18:38:05.267533+00:00</end>
                </TimeSpan>
                <Point>
                  <coordinates>-80.5767587,37.1963228,0</coordinates>
                </Point>
              </Placemark>
              <Placemark>
                <name>Telemetry 57</name>
                <styleUrl>#modifiedtelemetry</styleUrl>
                <TimeSpan>
                  <begin>2026-10-03T18:38:05.267533+00:00</begin>
                  <end>2026-10-03T18:38:06.267533+00:00</end>
                </TimeSpan>
                <Point>
                  <coordinates>-80.5767587,37.1961893,0</coordinates>
                </Point>
              </Placemark>
              <Placemark>
                <name>Telemetry 58</name>
                <styleUrl>#modifiedtelemetry</styleUrl>
                <TimeSpan>
                  <begin>2026-10-03T18:38:06.267533+00:00</begin>
                  <end>2026-10-03T18:38:07.267533+00:00</end>
                </TimeSpan>
                <Point>
                  <coordinates>-80.5766836,37.1961348,0</coordinates>
                </Point>
              </Placemark>
              <Placemark>
                <name>Telemetry 59</name>
                <styleUrl>#modifiedtelemetry</styleUrl>
                <TimeSpan>
                  <begin>2026-10-03T18:38:07.267533+00:00</begin>
                  <end>2026-10-03T18:38:08.267533+00:00</end>
                </TimeSpan>
                <Point>
                  <coordinates>-80.5766836,37.1960205,0</coordinates>
                </Point>
              </Placemark>
              <Placemark>
                <name>Telemetry 60</name>
                <styleUrl>#modifiedtelemetry</styleUrl>
                <TimeSpan>
                  <begin>2026-10-03T18:38:08.267533+00:00</begin>
                  <end>2026-10-03T18:38:09.267533+00:00</end>
                </TimeSpan>
                <Point>
                  <coordinates>-80.5767896,37.1960077,0</coordinates>
                </Point>
              </Placemark>
              <Placemark>
                <name>Telemetry 61</name>
                <styleUrl>#modifiedtelemetry</styleUrl>
                <TimeSpan>
                  <begin>2026-10-03T18:38:09.267533+00:00</begin>
                  <end>2026-10-03T18:38:10.267533+00:00</end>
                </TimeSpan>
                <Point>
                  <coordinates>-80.5769277,37.1959671,0</coordinates>
                </Point>
              </Placemark>
              <Placemark>
                <name>Telemetry 62</name>
                <styleUrl>#modifiedtelemetry</styleUrl>
                <TimeSpan>
                  <begin>2026-10-03T18:38:10.267533+00:00</begin>
                  <end>2026-10-03T18:38:11.267533+00:00</end>
                </TimeSpan>
                <Point>
                  <coordinates>-80.5770806,37.1959051,0</coordinates>
                </Point>
              </Placemark>
              <Placemark>
                <name>Telemetry 63</name>
                <styleUrl>#modifiedtelemetry</styleUrl>
                <TimeSpan>
                  <begin>2026-10-03T18:38:11.267533+00:00</begin>
                  <end>2026-10-03T18:38:12.267533+00:00</end>
                </TimeSpan>
                <Point>
                  <coordinates>-80.5771999,37.195896600000005,0</coordinates>
                </Point>
              </Placemark>
            </Folder>
          </Folder>
        </Folder>
        <Folder>
          <name>Service Provider polling</name>
        </Folder>
        <Folder>
          <name>Service Provider polling</name>
        </Folder>
        <Folder>
          <name>Service Provider polling</name>
        </Folder>
        <Folder>
          <name>Service Provider polling</name>
        </Folder>
        <Folder>
          <name>Service Provider polling</name>
        </Folder>
        <Folder>
          <name>Verify operator notification</name>
        </Folder>
        <Folder>
          <name>Intermediate cleanup</name>
        </Folder>
        <Folder>
          <name>Retrieve pre-existing operator notification</name>
        </Folder>
        <Folder>
          <name>Injection</name>
          <Folder>
            <name>E44: uss1 interuss.automated_testing.rid.v1.injection.createTest</name>
            <Folder>
              <name>Test flight ca02f987-f249-4ad2-a45d-07ff4c9d306f</name>
              <Placemark>
                <name>Telemetry 0</name>
                <styleUrl>#modifiedtelemetry</styleUrl>
                <TimeSpan>
                  <begin>2026-10-03T18:37:18.899477+00:00</begin>
                  <end>2026-10-03T18:37:19.899477+00:00</end>
                </TimeSpan>
                <Point>
                  <coordinates>-80.57798081614081,37.197059404721635,0</coordinates>
                </Point>
              </Placemark>
              <Placemark>
                <name>Telemetry 1</name>
                <styleUrl>#modifiedtelemetry</styleUrl>
                <TimeSpan>
                  <begin>2026-10-03T18:37:19.899477+00:00</begin>
                  <end>2026-10-03T18:37:20.899477+00:00</end>
                </TimeSpan>
                <Point>
                  <coordinates>-80.57798798375362,37.197016214133484,0</coordinates>
                </Point>
              </Placemark>
              <Placemark>
                <name>Telemetry 2</name>
                <styleUrl>#modifiedtelemetry</styleUrl>
                <TimeSpan>
                  <begin>2026-10-03T18:37:20.899477+00:00</begin>
                  <end>2026-10-03T18:37:21.899477+00:00</end>
                </TimeSpan>
                <Point>
                  <coordinates>-80.57800212690604,37.196972734164305,0</coordinates>
                </Point>
              </Placemark>
              <Placemark>
                <name>Telemetry 3</name>
                <styleUrl>#modifiedtelemetry</styleUrl>
                <TimeSpan>
                  <begin>2026-10-03T18:37:21.899477+00:00</begin>
                  <end>2026-10-03T18:37:22.899477+00:00</end>
                </TimeSpan>
                <Point>
                  <coordinates>-80.57802342452034,37.196931703788785,0</coordinates>
                </Point>
              </Placemark>
              <Placemark>
                <name>Telemetry 4</name>
                <styleUrl>#modifiedtelemetry</styleUrl>
                <TimeSpan>
                  <begin>2026-10-03T18:37:22.899477+00:00</begin>
                  <end>2026-10-03T18:37:23.899477+00:00</end>
                </TimeSpan>
                <Point>
                  <coordinates>-80.57805344862881,37.19689368575391,0</coordinates>
                </Point>
              </Placemark>
              <Placemark>
                <name>Telemetry 5</name>
                <styleUrl>#modifiedtelemetry</styleUrl>
                <TimeSpan>
                  <begin>2026-10-03T18:37:23.899477+00:00</begin>
                  <end>2026-10-03T18:37:24.899477+00:00</end>
                </TimeSpan>
                <Point>
                  <coordinates>-80.57808720822365,37.19685213076737,0</coordinates>
                </Point>
              </Placemark>
              <Placemark>
                <name>Telemetry 6</name>
                <styleUrl>#modifiedtelemetry</styleUrl>
                <TimeSpan>
                  <begin>2026-10-03T18:37:24.899477+00:00</begin>
                  <end>2026-10-03T18:37:25.899477+00:00</end>
                </TimeSpan>
                <Point>
                  <coordinates>-80.57811722777369,37.19680923519623,0</coordinates>
                </Point>
              </Placemark>
              <Placemark>
                <name>Telemetry 7</name>
                <styleUrl>#modifiedtelemetry</styleUrl>
                <TimeSpan>
                  <begin>2026-10-03T18:37:25.899477+00:00</begin>
                  <end>2026-10-03T18:37:26.899477+00:00</end>
                </TimeSpan>
                <Point>
                  <coordinates>-80.5781323958596,37.1967658046547,0</coordinates>
                </Point>
              </Placemark>
              <Placemark>
                <name>Telemetry 8</name>
                <styleUrl>#modifiedtelemetry</styleUrl>
                <TimeSpan>
                  <begin>2026-10-03T18:37:26.899477+00:00</begin>
                  <end>2026-10-03T18:37:27.899477+00:00</end>
                </TimeSpan>
                <Point>
                  <coordinates>-80.57814392771789,37.19670166260832,0</coordinates>
                </Point>
              </Placemark>
              <Placemark>
                <name>Telemetry 9</name>
                <styleUrl>#modifiedtelemetry</styleUrl>
                <TimeSpan>
                  <begin>2026-10-03T18:37:27.899477+00:00</begin>
                  <end>2026-10-03T18:37:28.899477+00:00</end>
                </TimeSpan>
                <Point>
                  <coordinates>-80.57812974002694,37.19663489860375,0</coordinates>
                </Point>
              </Placemark>
              <Placemark>
                <name>Telemetry 10</name>
                <styleUrl>#modifiedtelemetry</styleUrl>
                <TimeSpan>
                  <begin>2026-10-03T18:37:28.899477+00:00</begin>
                  <end>2026-10-03T18:37:29.899477+00:00</end>
                </TimeSpan>
                <Point>
                  <coordinates>-80.57808680009781,37.19657292090538,0</coordinates>
                </Point>
              </Placemark>
              <Placemark>
                <name>Telemetry 11</name>
                <styleUrl>#modifiedtelemetry</styleUrl>
                <TimeSpan>
                  <begin>2026-10-03T18:37:29.899477+00:00</begin>
                  <end>2026-10-03T18:37:30.899477+00:00</end>
                </TimeSpan>
                <Point>
                  <coordinates>-80.57801685035301,37.19652877181478,0</coordinates>
                </Point>
              </Placemark>
              <Placemark>
                <name>Telemetry 12</name>
                <styleUrl>#modifiedtelemetry</styleUrl>
                <TimeSpan>
                  <begin>2026-10-03T18:37:30.899477+00:00</begin>
                  <end>2026-10-03T18:37:31.899477+00:00</end>
                </TimeSpan>
                <Point>
                  <coordinates>-80.57795541973255,37.19650790849303,0</coordinates>
                </Point>
              </Placemark>
              <Placemark>
                <name>Telemetry 13</name>
                <styleUrl>#modifiedtelemetry</styleUrl>
                <TimeSpan>
                  <begin>2026-10-03T18:37:31.899477+00:00</begin>
                  <end>2026-10-03T18:37:32.899477+00:00</end>
                </TimeSpan>
                <Point>
                  <coordinates>-80.57779490248247,37.19643592110631,0</coordinates>
                </Point>
              </Placemark>
              <Placemark>
                <name>Telemetry 14</name>
                <styleUrl>#modifiedtelemetry</styleUrl>
                <TimeSpan>
                  <begin>2026-10-03T18:37:32.899477+00:00</begin>
                  <end>2026-10-03T18:37:33.899477+00:00</end>
                </TimeSpan>
                <Point>
                  <coordinates>-80.57771381708879,37.19639543761661,0</coordinates>
                </Point>
              </Placemark>
              <Placemark>
                <name>Telemetry 15</name>
                <styleUrl>#modifiedtelemetry</styleUrl>
                <TimeSpan>
                  <begin>2026-10-03T18:37:33.899477+00:00</begin>
                  <end>2026-10-03T18:37:34.899477+00:00</end>
                </TimeSpan>
                <Point>
                  <coordinates>-80.5776456115435,37.19635960981006,0</coordinates>
                </Point>
              </Placemark>
              <Placemark>
                <name>Telemetry 16</name>
                <styleUrl>#modifiedtelemetry</styleUrl>
                <TimeSpan>
                  <begin>2026-10-03T18:37:34.899477+00:00</begin>
                  <end>2026-10-03T18:37:35.899477+00:00</end>
                </TimeSpan>
                <Point>
                  <coordinates>-80.57757190904874,37.19632841915715,0</coordinates>
                </Point>
              </Placemark>
              <Placemark>
                <name>Telemetry 17</name>
                <styleUrl>#modifiedtelemetry</styleUrl>
                <TimeSpan>
                  <begin>2026-10-03T18:37:35.899477+00:00</begin>
                  <end>2026-10-03T18:37:36.899477+00:00</end>
                </TimeSpan>
                <Point>
                  <coordinates>-80.57751114071674,37.19631735230622,0</coordinates>
                </Point>
              </Placemark>
              <Placemark>
                <name>Telemetry 18</name>
                <styleUrl>#modifiedtelemetry</styleUrl>
                <TimeSpan>
                  <begin>2026-10-03T18:37:36.899477+00:00</begin>
                  <end>2026-10-03T18:37:37.899477+00:00</end>
                </TimeSpan>
                <Point>
                  <coordinates>-80.57742677046657,37.19631370494702,0</coordinates>
                </Point>
              </Placemark>
              <Placemark>
                <name>Telemetry 19</name>
                <styleUrl>#modifiedtelemetry</styleUrl>
                <TimeSpan>
                  <begin>2026-10-03T18:37:37.899477+00:00</begin>
                  <end>2026-10-03T18:37:38.899477+00:00</end>
                </TimeSpan>
                <Point>
                  <coordinates>-80.5773706,37.1963054,0</coordinates>
                </Point>
              </Placemark>
              <Placemark>
                <name>Telemetry 20</name>
                <styleUrl>#modifiedtelemetry</styleUrl>
                <TimeSpan>
                  <begin>2026-10-03T18:37:38.899477+00:00</begin>
                  <end>2026-10-03T18:37:39.899477+00:00</end>
                </TimeSpan>
                <Point>
                  <coordinates>-80.5771453,37.1963577,0</coordinates>
                </Point>
              </Placemark>
              <Placemark>
                <name>Telemetry 21</name>
                <styleUrl>#modifiedtelemetry</styleUrl>
                <TimeSpan>
                  <begin>2026-10-03T18:37:39.899477+00:00</begin>
                  <end>2026-10-03T18:37:40.899477+00:00</end>
                </TimeSpan>
                <Point>
                  <coordinates>-80.5771265,37.1965735,0</coordinates>
                </Point>
              </Placemark>
              <Placemark>
                <name>Telemetry 22</name>
                <styleUrl>#modifiedtelemetry</styleUrl>
                <TimeSpan>
                  <begin>2026-10-03T18:37:40.899477+00:00</begin>
                  <end>2026-10-03T18:37:41.899477+00:00</end>
                </TimeSpan>
                <Point>
                  <coordinates>-80.57744590087025,37.19665029738701,0</coordinates>
                </Point>
              </Placemark>
              <Placemark>
                <name>Telemetry 23</name>
                <styleUrl>#modifiedtelemetry</styleUrl>
                <TimeSpan>
                  <begin>2026-10-03T18:37:41.899477+00:00</begin>
                  <end>2026-10-03T18:37:42.899477+00:00</end>
                </TimeSpan>
                <Point>
                  <coordinates>-80.5776442,37.1966013,0</coordinates>
                </Point>
              </Placemark>
              <Placemark>
                <name>Telemetry 24</name>
                <styleUrl>#modifiedtelemetry</styleUrl>
                <TimeSpan>
                  <begin>2026-10-03T18:37:42.899477+00:00</begin>
                  <end>2026-10-03T18:37:43.899477+00:00</end>
                </TimeSpan>
                <Point>
                  <coordinates>-80.57776806176655,37.1964375298218,0</coordinates>
                </Point>
              </Placemark>
              <Placemark>
                <name>Telemetry 25</name>
                <styleUrl>#modifiedtelemetry</styleUrl>
                <TimeSpan>
                  <begin>2026-10-03T18:37:43.899477+00:00</begin>
                  <end>2026-10-03T18:37:44.899477+00:00</end>
                </TimeSpan>
                <Point>
                  <coordinates>-80.57784172323511,37.1962376762061,0</coordinates>
                </Point>
              </Placemark>
              <Placemark>
                <name>Telemetry 26</name>
                <styleUrl>#modifiedtelemetry</styleUrl>
                <TimeSpan>
                  <begin>2026-10-03T18:37:44.899477+00:00</begin>
                  <end>2026-10-03T18:37:45.899477+00:00</end>
                </TimeSpan>
                <Point>
                  <coordinates>-80.5777311,37.1960563,0</coordinates>
                </Point>
              </Placemark>
              <Placemark>
                <name>Telemetry 27</name>
                <styleUrl>#modifiedtelemetry</styleUrl>
                <TimeSpan>
                  <begin>2026-10-03T18:37:45.899477+00:00</begin>
                  <end>2026-10-03T18:37:46.899477+00:00</end>
                </TimeSpan>
                <Point>
                  <coordinates>-80.57739321491916,37.19605837098315,0</coordinates>
                </Point>
              </Placemark>
              <Placemark>
                <name>Telemetry 28</name>
                <styleUrl>#modifiedtelemetry</styleUrl>
                <TimeSpan>
                  <begin>2026-10-03T18:37:46.899477+00:00</begin>
                  <end>2026-10-03T18:37:47.899477+00:00</end>
                </TimeSpan>
                <Point>
                  <coordinates>-80.5771357,37.1961151,0</coordinates>
                </Point>
              </Placemark>
              <Placemark>
                <name>Telemetry 29</name>
                <styleUrl>#modifiedtelemetry</styleUrl>
                <TimeSpan>
                  <begin>2026-10-03T18:37:47.899477+00:00</begin>
                  <end>2026-10-03T18:37:48.899477+00:00</end>
                </TimeSpan>
                <Point>
                  <coordinates>-80.5769627,37.1962283,0</coordinates>
                </Point>
              </Placemark>
              <Placemark>
                <name>Telemetry 30</name>
                <styleUrl>#modifiedtelemetry</styleUrl>
                <TimeSpan>
                  <begin>2026-10-03T18:37:48.899477+00:00</begin>
                  <end>2026-10-03T18:37:49.899477+00:00</end>
                </TimeSpan>
                <Point>
                  <coordinates>-80.5769184,37.1963885,0</coordinates>
                </Point>
              </Placemark>
              <Placemark>
                <name>Telemetry 31</name>
                <styleUrl>#modifiedtelemetry</styleUrl>
                <TimeSpan>
                  <begin>2026-10-03T18:37:49.899477+00:00</begin>
                  <end>2026-10-03T18:37:50.899477+00:00</end>
                </TimeSpan>
                <Point>
                  <coordinates>-80.5767347,37.1964356,0</coordinates>
                </Point>
              </Placemark>
              <Placemark>
                <name>Telemetry 32</name>
                <styleUrl>#modifiedtelemetry</styleUrl>
                <TimeSpan>
                  <begin>2026-10-03T18:37:50.899477+00:00</begin>
                  <end>2026-10-03T18:37:51.899477+00:00</end>
                </TimeSpan>
                <Point>
                  <coordinates>-80.5766366,37.1963538,0</coordinates>
                </Point>
              </Placemark>
              <Placemark>
                <name>Telemetry 33</name>
                <styleUrl>#modifiedtelemetry</styleUrl>
                <TimeSpan>
                  <begin>2026-10-03T18:37:51.899477+00:00</begin>
                  <end>2026-10-03T18:37:52.899477+00:00</end>
                </TimeSpan>
                <Point>
                  <coordinates>-80.5766634,37.1962096,0</coordinates>
                </Point>
              </Placemark>
              <Placemark>
                <name>Telemetry 34</name>
                <styleUrl>#modifiedtelemetry</styleUrl>
                <TimeSpan>
                  <begin>2026-10-03T18:37:52.899477+00:00</begin>
                  <end>2026-10-03T18:37:53.899477+00:00</end>
                </TimeSpan>
                <Point>
                  <coordinates>-80.5767707,37.1961284,0</coordinates>
                </Point>
              </Placemark>
              <Placemark>
                <name>Telemetry 35</name>
                <styleUrl>#modifiedtelemetry</styleUrl>
                <TimeSpan>
                  <begin>2026-10-03T18:37:53.899477+00:00</begin>
                  <end>2026-10-03T18:37:54.899477+00:00</end>
                </TimeSpan>
                <Point>
                  <coordinates>-80.5768887,37.1960493,0</coordinates>
                </Point>
              </Placemark>
              <Placemark>
                <name>Telemetry 36</name>
                <styleUrl>#modifiedtelemetry</styleUrl>
                <TimeSpan>
                  <begin>2026-10-03T18:37:54.899477+00:00</begin>
                  <end>2026-10-03T18:37:55.899477+00:00</end>
                </TimeSpan>
                <Point>
                  <coordinates>-80.5770684,37.1959745,0</coordinates>
                </Point>
              </Placemark>
              <Placemark>
                <name>Telemetry 37</name>
                <styleUrl>#modifiedtelemetry</styleUrl>
                <TimeSpan>
                  <begin>2026-10-03T18:37:55.899477+00:00</begin>
                  <end>2026-10-03T18:37:56.899477+00:00</end>
                </TimeSpan>
                <Point>
                  <coordinates>-80.5771757,37.19596070000001,0</coordinates>
                </Point>
              </Placemark>
              <Placemark>
                <name>Telemetry 38</name>
                <styleUrl>#modifiedtelemetry</styleUrl>
                <TimeSpan>
                  <begin>2026-10-03T18:37:56.899477+00:00</begin>
                  <end>2026-10-03T18:37:57.899477+00:00</end>
                </TimeSpan>
                <Point>
                  <coordinates>-80.5772937,37.19598200000001,0</coordinates>
                </Point>
              </Placemark>
              <Placemark>
                <name>Telemetry 39</name>
                <styleUrl>#modifiedtelemetry</styleUrl>
                <TimeSpan>
                  <begin>2026-10-03T18:37:57.899477+00:00</begin>
                  <end>2026-10-03T18:37:58.899477+00:00</end>
                </TimeSpan>
                <Point>
                  <coordinates>-80.5773326,37.1960942,0</coordinates>
                </Point>
              </Placemark>
              <Placemark>
                <name>Telemetry 40</name>
                <styleUrl>#modifiedtelemetry</styleUrl>
                <TimeSpan>
                  <begin>2026-10-03T18:37:58.899477+00:00</begin>
                  <end>2026-10-03T18:37:59.899477+00:00</end>
                </TimeSpan>
                <Point>
                  <coordinates>-80.577283,37.19619780000001,0</coordinates>
                </Point>
              </Placemark>
              <Placemark>
                <name>Telemetry 41</name>
                <styleUrl>#modifiedtelemetry</styleUrl>
                <TimeSpan>
                  <begin>2026-10-03T18:37:59.899477+00:00</begin>
                  <end>2026-10-03T18:38:00.899477+00:00</end>
                </TimeSpan>
                <Point>
                  <coordinates>-80.5772602,37.1963495,0</coordinates>
                </Point>
              </Placemark>
              <Placemark>
                <name>Telemetry 42</name>
                <styleUrl>#modifiedtelemetry</styleUrl>
                <TimeSpan>
                  <begin>2026-10-03T18:38:00.899477+00:00</begin>
                  <end>2026-10-03T18:38:01.899477+00:00</end>
                </TimeSpan>
                <Point>
                  <coordinates>-80.5772817,37.1964692,0</coordinates>
                </Point>
              </Placemark>
              <Placemark>
                <name>Telemetry 43</name>
                <styleUrl>#modifiedtelemetry</styleUrl>
                <TimeSpan>
                  <begin>2026-10-03T18:38:01.899477+00:00</begin>
                  <end>2026-10-03T18:38:02.899477+00:00</end>
                </TimeSpan>
                <Point>
                  <coordinates>-80.5773863,37.1965546,0</coordinates>
                </Point>
              </Placemark>
              <Placemark>
                <name>Telemetry 44</name>
                <styleUrl>#modifiedtelemetry</styleUrl>
                <TimeSpan>
                  <begin>2026-10-03T18:38:02.899477+00:00</begin>
                  <end>2026-10-03T18:38:03.899477+00:00</end>
                </TimeSpan>
                <Point>
                  <coordinates>-80.5775406,37.1965589,0</coordinates>
                </Point>
              </Placemark>
              <Placemark>
                <name>Telemetry 45</name>
                <styleUrl>#modifiedtelemetry</styleUrl>
                <TimeSpan>
                  <begin>2026-10-03T18:38:03.899477+00:00</begin>
                  <end>2026-10-03T18:38:04.899477+00:00</end>
                </TimeSpan>
                <Point>
                  <coordinates>-80.57763850000002,37.1965782,0</coordinates>
                </Point>
              </Placemark>
              <Placemark>
                <name>Telemetry 46</name>
                <styleUrl>#modifiedtelemetry</styleUrl>
                <TimeSpan>
                  <begin>2026-10-03T18:38:04.899477+00:00</begin>
                  <end>2026-10-03T18:38:05.899477+00:00</end>
                </TimeSpan>
                <Point>
                  <coordinates>-80.57763850000002,37.1966679,0</coordinates>
                </Point>
              </Placemark>
              <Placemark>
                <name>Telemetry 47</name>
                <styleUrl>#modifiedtelemetry</styleUrl>
                <TimeSpan>
                  <begin>2026-10-03T18:38:05.899477+00:00</begin>
                  <end>2026-10-03T18:38:06.899477+00:00</end>
                </TimeSpan>
                <Point>
                  <coordinates>-80.5775473,37.1967074,0</coordinates>
                </Point>
              </Placemark>
              <Placemark>
                <name>Telemetry 48</name>
                <styleUrl>#modifiedtelemetry</styleUrl>
                <TimeSpan>
                  <begin>2026-10-03T18:38:06.899477+00:00</begin>
                  <end>2026-10-03T18:38:07.899477+00:00</end>
                </TimeSpan>
                <Point>
                  <coordinates>-80.5773823,37.1966967,0</coordinates>
                </Point>
              </Placemark>
              <Placemark>
                <name>Telemetry 49</name>
                <styleUrl>#modifiedtelemetry</styleUrl>
                <TimeSpan>
                  <begin>2026-10-03T18:38:07.899477+00:00</begin>
                  <end>2026-10-03T18:38:08.899477+00:00</end>
                </TimeSpan>
                <Point>
                  <coordinates>-80.5773421,37.1966241,0</coordinates>
                </Point>
              </Placemark>
              <Placemark>
                <name>Telemetry 50</name>
                <styleUrl>#modifiedtelemetry</styleUrl>
                <TimeSpan>
                  <begin>2026-10-03T18:38:08.899477+00:00</begin>
                  <end>2026-10-03T18:38:09.899477+00:00</end>
                </TimeSpan>
                <Point>
                  <coordinates>-80.5773005,37.196528,0</coordinates>
                </Point>
              </Placemark>
              <Placemark>
                <name>Telemetry 51</name>
                <styleUrl>#modifiedtelemetry</styleUrl>
                <TimeSpan>
                  <begin>2026-10-03T18:38:09.899477+00:00</begin>
                  <end>2026-10-03T18:38:10.899477+00:00</end>
                </TimeSpan>
                <Point>
                  <coordinates>-80.5771557,37.1965055,0</coordinates>
                </Point>
              </Placemark>
              <Placemark>
                <name>Telemetry 52</name>
                <styleUrl>#modifiedtelemetry</styleUrl>
                <TimeSpan>
                  <begin>2026-10-03T18:38:10.899477+00:00</begin>
                  <end>2026-10-03T18:38:11.899477+00:00</end>
                </TimeSpan>
                <Point>
                  <coordinates>-80.5770457,37.19654400000001,0</coordinates>
                </Point>
              </Placemark>
              <Placemark>
                <name>Telemetry 53</name>
                <styleUrl>#modifiedtelemetry</styleUrl>
                <TimeSpan>
                  <begin>2026-10-03T18:38:11.899477+00:00</begin>
                  <end>2026-10-03T18:38:12.899477+00:00</end>
                </TimeSpan>
                <Point>
                  <coordinates>-80.5768834,37.19654500000001,0</coordinates>
                </Point>
              </Placemark>
              <Placemark>
                <name>Telemetry 54</name>
                <styleUrl>#modifiedtelemetry</styleUrl>
                <TimeSpan>
                  <begin>2026-10-03T18:38:12.899477+00:00</begin>
                  <end>2026-10-03T18:38:13.899477+00:00</end>
                </TimeSpan>
                <Point>
                  <coordinates>-80.5767869,37.1964831,0</coordinates>
                </Point>
              </Placemark>
              <Placemark>
                <name>Telemetry 55</name>
                <styleUrl>#modifiedtelemetry</styleUrl>
                <TimeSpan>
                  <begin>2026-10-03T18:38:13.899477+00:00</begin>
                  <end>2026-10-03T18:38:14.899477+00:00</end>
                </TimeSpan>
                <Point>
                  <coordinates>-80.5767547,37.1964083,0</coordinates>
                </Point>
              </Placemark>
              <Placemark>
                <name>Telemetry 56</name>
                <styleUrl>#modifiedtelemetry</styleUrl>
                <TimeSpan>
                  <begin>2026-10-03T18:38:14.899477+00:00</begin>
                  <end>2026-10-03T18:38:15.899477+00:00</end>
                </TimeSpan>
                <Point>
                  <coordinates>-80.5767587,37.1963228,0</coordinates>
                </Point>
              </Placemark>
              <Placemark>
                <name>Telemetry 57</name>
                <styleUrl>#modifiedtelemetry</styleUrl>
                <TimeSpan>
                  <begin>2026-10-03T18:38:15.899477+00:00</begin>
                  <end>2026-10-03T18:38:16.899477+00:00</end>
                </TimeSpan>
                <Point>
                  <coordinates>-80.5767587,37.1961893,0</coordinates>
                </Point>
              </Placemark>
              <Placemark>
                <name>Telemetry 58</name>
                <styleUrl>#modifiedtelemetry</styleUrl>
                <TimeSpan>
                  <begin>2026-10-03T18:38:16.899477+00:00</begin>
                  <end>2026-10-03T18:38:17.899477+00:00</end>
                </TimeSpan>
                <Point>
                  <coordinates>-80.5766836,37.1961348,0</coordinates>
                </Point>
              </Placemark>
              <Placemark>
                <name>Telemetry 59</name>
                <styleUrl>#modifiedtelemetry</styleUrl>
                <TimeSpan>
                  <begin>2026-10-03T18:38:17.899477+00:00</begin>
                  <end>2026-10-03T18:38:18.899477+00:00</end>
                </TimeSpan>
                <Point>
                  <coordinates>-80.5766836,37.1960205,0</coordinates>
                </Point>
              </Placemark>
              <Placemark>
                <name>Telemetry 60</name>
                <styleUrl>#modifiedtelemetry</styleUrl>
                <TimeSpan>
                  <begin>2026-10-03T18:38:18.899477+00:00</begin>
                  <end>2026-10-03T18:38:19.899477+00:00</end>
                </TimeSpan>
                <Point>
                  <coordinates>-80.5767896,37.1960077,0</coordinates>
                </Point>
              </Placemark>
              <Placemark>
                <name>Telemetry 61</name>
                <styleUrl>#modifiedtelemetry</styleUrl>
                <TimeSpan>
                  <begin>2026-10-03T18:38:19.899477+00:00</begin>
                  <end>2026-10-03T18:38:20.899477+00:00</end>
                </TimeSpan>
                <Point>
                  <coordinates>-80.5769277,37.1959671,0</coordinates>
                </Point>
              </Placemark>
              <Placemark>
                <name>Telemetry 62</name>
                <styleUrl>#modifiedtelemetry</styleUrl>
                <TimeSpan>
                  <begin>2026-10-03T18:38:20.899477+00:00</begin>
                  <end>2026-10-03T18:38:21.899477+00:00</end>
                </TimeSpan>
                <Point>
                  <coordinates>-80.5770806,37.1959051,0</coordinates>
                </Point>
              </Placemark>
              <Placemark>
                <name>Telemetry 63</name>
                <styleUrl>#modifiedtelemetry</styleUrl>
                <TimeSpan>
                  <begin>2026-10-03T18:38:21.899477+00:00</begin>
                  <end>2026-10-03T18:38:22.899477+00:00</end>
                </TimeSpan>
                <Point>
                  <coordinates>-80.5771999,37.195896600000005,0</coordinates>
                </Point>
              </Placemark>
            </Folder>
          </Folder>
        </Folder>
        <Folder>
          <name>Service Provider polling</name>
        </Folder>
        <Folder>
          <name>Service Provider polling</name>
        </Folder>
        <Folder>
          <name>Service Provider polling</name>
        </Folder>
        <Folder>
          <name>Service Provider polling</name>
        </Folder>
        <Folder>
          <name>Service Provider polling</name>
        </Folder>
        <Folder>
          <name>Verify operator notification</name>
        </Folder>
        <Folder>
          <name>Intermediate cleanup</name>
        </Folder>
        <Folder>
          <name>Retrieve pre-existing operator notification</name>
        </Folder>
        <Folder>
          <name>Injection</name>
          <Folder>
            <name>E64: uss1 interuss.automated_testing.rid.v1.injection.createTest</name>
            <Folder>
              <name>Test flight 5f70c660-6a65-475e-8dc6-edb894081cec</name>
              <Placemark>
                <name>Telemetry 0</name>
                <styleUrl>#modifiedtelemetry</styleUrl>
                <TimeSpan>
                  <begin>2026-10-03T18:37:29.507799+00:00</begin>
                  <end>2026-10-03T18:37:30.507799+00:00</end>
                </TimeSpan>
                <Point>
                  <coordinates>-80.57798081614081,37.197059404721635,0</coordinates>
                </Point>
              </Placemark>
              <Placemark>
                <name>Telemetry 1</name>
                <styleUrl>#modifiedtelemetry</styleUrl>
                <TimeSpan>
                  <begin>2026-10-03T18:37:30.507799+00:00</begin>
                  <end>2026-10-03T18:37:31.507799+00:00</end>
                </TimeSpan>
                <Point>
                  <coordinates>-80.57798798375362,37.197016214133484,0</coordinates>
                </Point>
              </Placemark>
              <Placemark>
                <name>Telemetry 2</name>
                <styleUrl>#modifiedtelemetry</styleUrl>
                <TimeSpan>
                  <begin>2026-10-03T18:37:31.507799+00:00</begin>
                  <end>2026-10-03T18:37:32.507799+00:00</end>
                </TimeSpan>
                <Point>
                  <coordinates>-80.57800212690604,37.196972734164305,0</coordinates>
                </Point>
              </Placemark>
              <Placemark>
                <name>Telemetry 3</name>
                <styleUrl>#modifiedtelemetry</styleUrl>
                <TimeSpan>
                  <begin>2026-10-03T18:37:32.507799+00:00</begin>
                  <end>2026-10-03T18:37:33.507799+00:00</end>
                </TimeSpan>
                <Point>
                  <coordinates>-80.57802342452034,37.196931703788785,0</coordinates>
                </Point>
              </Placemark>
              <Placemark>
                <name>Telemetry 4</name>
                <styleUrl>#modifiedtelemetry</styleUrl>
                <TimeSpan>
                  <begin>2026-10-03T18:37:33.507799+00:00</begin>
                  <end>2026-10-03T18:37:34.507799+00:00</end>
                </TimeSpan>
                <Point>
                  <coordinates>-80.57805344862881,37.19689368575391,0</coordinates>
                </Point>
              </Placemark>
              <Placemark>
                <name>Telemetry 5</name>
                <styleUrl>#modifiedtelemetry</styleUrl>
                <TimeSpan>
                  <begin>2026-10-03T18:37:34.507799+00:00</begin>
                  <end>2026-10-03T18:37:35.507799+00:00</end>
                </TimeSpan>
                <Point>
                  <coordinates>-80.57808720822365,37.19685213076737,0</coordinates>
                </Point>
              </Placemark>
              <Placemark>
                <name>Telemetry 6</name>
                <styleUrl>#modifiedtelemetry</styleUrl>
                <TimeSpan>
                  <begin>2026-10-03T18:37:35.507799+00:00</begin>
                  <end>2026-10-03T18:37:36.507799+00:00</end>
                </TimeSpan>
                <Point>
                  <coordinates>-80.57811722777369,37.19680923519623,0</coordinates>
                </Point>
              </Placemark>
              <Placemark>
                <name>Telemetry 7</name>
                <styleUrl>#modifiedtelemetry</styleUrl>
                <TimeSpan>
                  <begin>2026-10-03T18:37:36.507799+00:00</begin>
                  <end>2026-10-03T18:37:37.507799+00:00</end>
                </TimeSpan>
                <Point>
                  <coordinates>-80.5781323958596,37.1967658046547,0</coordinates>
                </Point>
              </Placemark>
              <Placemark>
                <name>Telemetry 8</name>
                <styleUrl>#modifiedtelemetry</styleUrl>
                <TimeSpan>
                  <begin>2026-10-03T18:37:37.507799+00:00</begin>
                  <end>2026-10-03T18:37:38.507799+00:00</end>
                </TimeSpan>
                <Point>
                  <coordinates>-80.57814392771789,37.19670166260832,0</coordinates>
                </Point>
              </Placemark>
              <Placemark>
                <name>Telemetry 9</name>
                <styleUrl>#modifiedtelemetry</styleUrl>
                <TimeSpan>
                  <begin>2026-10-03T18:37:38.507799+00:00</begin>
                  <end>2026-10-03T18:37:39.507799+00:00</end>
                </TimeSpan>
                <Point>
                  <coordinates>-80.57812974002694,37.19663489860375,0</coordinates>
                </Point>
              </Placemark>
              <Placemark>
                <name>Telemetry 10</name>
                <styleUrl>#modifiedtelemetry</styleUrl>
                <TimeSpan>
                  <begin>2026-10-03T18:37:39.507799+00:00</begin>
                  <end>2026-10-03T18:37:40.507799+00:00</end>
                </TimeSpan>
                <Point>
                  <coordinates>-80.57808680009781,37.19657292090538,0</coordinates>
                </Point>
              </Placemark>
              <Placemark>
                <name>Telemetry 11</name>
                <styleUrl>#modifiedtelemetry</styleUrl>
                <TimeSpan>
                  <begin>2026-10-03T18:37:40.507799+00:00</begin>
                  <end>2026-10-03T18:37:41.507799+00:00</end>
                </TimeSpan>
                <Point>
                  <coordinates>-80.57801685035301,37.19652877181478,0</coordinates>
                </Point>
              </Placemark>
              <Placemark>
                <name>Telemetry 12</name>
                <styleUrl>#modifiedtelemetry</styleUrl>
                <TimeSpan>
                  <begin>2026-10-03T18:37:41.507799+00:00</begin>
                  <end>2026-10-03T18:37:42.507799+00:00</end>
                </TimeSpan>
                <Point>
                  <coordinates>-80.57795541973255,37.19650790849303,0</coordinates>
                </Point>
              </Placemark>
              <Placemark>
                <name>Telemetry 13</name>
                <styleUrl>#modifiedtelemetry</styleUrl>
                <TimeSpan>
                  <begin>2026-10-03T18:37:42.507799+00:00</begin>
                  <end>2026-10-03T18:37:43.507799+00:00</end>
                </TimeSpan>
                <Point>
                  <coordinates>-80.57779490248247,37.19643592110631,0</coordinates>
                </Point>
              </Placemark>
              <Placemark>
                <name>Telemetry 14</name>
                <styleUrl>#modifiedtelemetry</styleUrl>
                <TimeSpan>
                  <begin>2026-10-03T18:37:43.507799+00:00</begin>
                  <end>2026-10-03T18:37:44.507799+00:00</end>
                </TimeSpan>
                <Point>
                  <coordinates>-80.57771381708879,37.19639543761661,0</coordinates>
                </Point>
              </Placemark>
              <Placemark>
                <name>Telemetry 15</name>
                <styleUrl>#modifiedtelemetry</styleUrl>
                <TimeSpan>
                  <begin>2026-10-03T18:37:44.507799+00:00</begin>
                  <end>2026-10-03T18:37:45.507799+00:00</end>
                </TimeSpan>
                <Point>
                  <coordinates>-80.5776456115435,37.19635960981006,0</coordinates>
                </Point>
              </Placemark>
              <Placemark>
                <name>Telemetry 16</name>
                <styleUrl>#modifiedtelemetry</styleUrl>
                <TimeSpan>
                  <begin>2026-10-03T18:37:45.507799+00:00</begin>
                  <end>2026-10-03T18:37:46.507799+00:00</end>
                </TimeSpan>
                <Point>
                  <coordinates>-80.57757190904874,37.19632841915715,0</coordinates>
                </Point>
              </Placemark>
              <Placemark>
                <name>Telemetry 17</name>
                <styleUrl>#modifiedtelemetry</styleUrl>
                <TimeSpan>
                  <begin>2026-10-03T18:37:46.507799+00:00</begin>
                  <end>2026-10-03T18:37:47.507799+00:00</end>
                </TimeSpan>
                <Point>
                  <coordinates>-80.57751114071674,37.19631735230622,0</coordinates>
                </Point>
              </Placemark>
              <Placemark>
                <name>Telemetry 18</name>
                <styleUrl>#modifiedtelemetry</styleUrl>
                <TimeSpan>
                  <begin>2026-10-03T18:37:47.507799+00:00</begin>
                  <end>2026-10-03T18:37:48.507799+00:00</end>
                </TimeSpan>
                <Point>
                  <coordinates>-80.57742677046657,37.19631370494702,0</coordinates>
                </Point>
              </Placemark>
              <Placemark>
                <name>Telemetry 19</name>
                <styleUrl>#modifiedtelemetry</styleUrl>
                <TimeSpan>
                  <begin>2026-10-03T18:37:48.507799+00:00</begin>
                  <end>2026-10-03T18:37:49.507799+00:00</end>
                </TimeSpan>
                <Point>
                  <coordinates>-80.5773706,37.1963054,0</coordinates>
                </Point>
              </Placemark>
              <Placemark>
                <name>Telemetry 20</name>
                <styleUrl>#modifiedtelemetry</styleUrl>
                <TimeSpan>
                  <begin>2026-10-03T18:37:49.507799+00:00</begin>
                  <end>2026-10-03T18:37:50.507799+00:00</end>
                </TimeSpan>
                <Point>
                  <coordinates>-80.5771453,37.1963577,0</coordinates>
                </Point>
              </Placemark>
              <Placemark>
                <name>Telemetry 21</name>
                <styleUrl>#modifiedtelemetry</styleUrl>
                <TimeSpan>
                  <begin>2026-10-03T18:37:50.507799+00:00</begin>
                  <end>2026-10-03T18:37:51.507799+00:00</end>
                </TimeSpan>
                <Point>
                  <coordinates>-80.5771265,37.1965735,0</coordinates>
                </Point>
              </Placemark>
              <Placemark>
                <name>Telemetry 22</name>
                <styleUrl>#modifiedtelemetry</styleUrl>
                <TimeSpan>
                  <begin>2026-10-03T18:37:51.507799+00:00</begin>
                  <end>2026-10-03T18:37:52.507799+00:00</end>
                </TimeSpan>
                <Point>
                  <coordinates>-80.57744590087025,37.19665029738701,0</coordinates>
                </Point>
              </Placemark>
              <Placemark>
                <name>Telemetry 23</name>
                <styleUrl>#modifiedtelemetry</styleUrl>
                <TimeSpan>
                  <begin>2026-10-03T18:37:52.507799+00:00</begin>
                  <end>2026-10-03T18:37:53.507799+00:00</end>
                </TimeSpan>
                <Point>
                  <coordinates>-80.5776442,37.1966013,0</coordinates>
                </Point>
              </Placemark>
              <Placemark>
                <name>Telemetry 24</name>
                <styleUrl>#modifiedtelemetry</styleUrl>
                <TimeSpan>
                  <begin>2026-10-03T18:37:53.507799+00:00</begin>
                  <end>2026-10-03T18:37:54.507799+00:00</end>
                </TimeSpan>
                <Point>
                  <coordinates>-80.57776806176655,37.1964375298218,0</coordinates>
                </Point>
              </Placemark>
              <Placemark>
                <name>Telemetry 25</name>
                <styleUrl>#modifiedtelemetry</styleUrl>
                <TimeSpan>
                  <begin>2026-10-03T18:37:54.507799+00:00</begin>
                  <end>2026-10-03T18:37:55.507799+00:00</end>
                </TimeSpan>
                <Point>
                  <coordinates>-80.57784172323511,37.1962376762061,0</coordinates>
                </Point>
              </Placemark>
              <Placemark>
                <name>Telemetry 26</name>
                <styleUrl>#modifiedtelemetry</styleUrl>
                <TimeSpan>
                  <begin>2026-10-03T18:37:55.507799+00:00</begin>
                  <end>2026-10-03T18:37:56.507799+00:00</end>
                </TimeSpan>
                <Point>
                  <coordinates>-80.5777311,37.1960563,0</coordinates>
                </Point>
              </Placemark>
              <Placemark>
                <name>Telemetry 27</name>
                <styleUrl>#modifiedtelemetry</styleUrl>
                <TimeSpan>
                  <begin>2026-10-03T18:37:56.507799+00:00</begin>
                  <end>2026-10-03T18:37:57.507799+00:00</end>
                </TimeSpan>
                <Point>
                  <coordinates>-80.57739321491916,37.19605837098315,0</coordinates>
                </Point>
              </Placemark>
              <Placemark>
                <name>Telemetry 28</name>
                <styleUrl>#modifiedtelemetry</styleUrl>
                <TimeSpan>
                  <begin>2026-10-03T18:37:57.507799+00:00</begin>
                  <end>2026-10-03T18:37:58.507799+00:00</end>
                </TimeSpan>
                <Point>
                  <coordinates>-80.5771357,37.1961151,0</coordinates>
                </Point>
              </Placemark>
              <Placemark>
                <name>Telemetry 29</name>
                <styleUrl>#modifiedtelemetry</styleUrl>
                <TimeSpan>
                  <begin>2026-10-03T18:37:58.507799+00:00</begin>
                  <end>2026-10-03T18:37:59.507799+00:00</end>
                </TimeSpan>
                <Point>
                  <coordinates>-80.5769627,37.1962283,0</coordinates>
                </Point>
              </Placemark>
              <Placemark>
                <name>Telemetry 30</name>
                <styleUrl>#modifiedtelemetry</styleUrl>
                <TimeSpan>
                  <begin>2026-10-03T18:37:59.507799+00:00</begin>
                  <end>2026-10-03T18:38:00.507799+00:00</end>
                </TimeSpan>
                <Point>
                  <coordinates>-80.5769184,37.1963885,0</coordinates>
                </Point>
              </Placemark>
              <Placemark>
                <name>Telemetry 31</name>
                <styleUrl>#modifiedtelemetry</styleUrl>
                <TimeSpan>
                  <begin>2026-10-03T18:38:00.507799+00:00</begin>
                  <end>2026-10-03T18:38:01.507799+00:00</end>
                </TimeSpan>
                <Point>
                  <coordinates>-80.5767347,37.1964356,0</coordinates>
                </Point>
              </Placemark>
              <Placemark>
                <name>Telemetry 32</name>
                <styleUrl>#modifiedtelemetry</styleUrl>
                <TimeSpan>
                  <begin>2026-10-03T18:38:01.507799+00:00</begin>
                  <end>2026-10-03T18:38:02.507799+00:00</end>
                </TimeSpan>
                <Point>
                  <coordinates>-80.5766366,37.1963538,0</coordinates>
                </Point>
              </Placemark>
              <Placemark>
                <name>Telemetry 33</name>
                <styleUrl>#modifiedtelemetry</styleUrl>
                <TimeSpan>
                  <begin>2026-10-03T18:38:02.507799+00:00</begin>
                  <end>2026-10-03T18:38:03.507799+00:00</end>
                </TimeSpan>
                <Point>
                  <coordinates>-80.5766634,37.1962096,0</coordinates>
                </Point>
              </Placemark>
              <Placemark>
                <name>Telemetry 34</name>
                <styleUrl>#modifiedtelemetry</styleUrl>
                <TimeSpan>
                  <begin>2026-10-03T18:38:03.507799+00:00</begin>
                  <end>2026-10-03T18:38:04.507799+00:00</end>
                </TimeSpan>
                <Point>
                  <coordinates>-80.5767707,37.1961284,0</coordinates>
                </Point>
              </Placemark>
              <Placemark>
                <name>Telemetry 35</name>
                <styleUrl>#modifiedtelemetry</styleUrl>
                <TimeSpan>
                  <begin>2026-10-03T18:38:04.507799+00:00</begin>
                  <end>2026-10-03T18:38:05.507799+00:00</end>
                </TimeSpan>
                <Point>
                  <coordinates>-80.5768887,37.1960493,0</coordinates>
                </Point>
              </Placemark>
              <Placemark>
                <name>Telemetry 36</name>
                <styleUrl>#modifiedtelemetry</styleUrl>
                <TimeSpan>
                  <begin>2026-10-03T18:38:05.507799+00:00</begin>
                  <end>2026-10-03T18:38:06.507799+00:00</end>
                </TimeSpan>
                <Point>
                  <coordinates>-80.5770684,37.1959745,0</coordinates>
                </Point>
              </Placemark>
              <Placemark>
                <name>Telemetry 37</name>
                <styleUrl>#modifiedtelemetry</styleUrl>
                <TimeSpan>
                  <begin>2026-10-03T18:38:06.507799+00:00</begin>
                  <end>2026-10-03T18:38:07.507799+00:00</end>
                </TimeSpan>
                <Point>
                  <coordinates>-80.5771757,37.19596070000001,0</coordinates>
                </Point>
              </Placemark>
              <Placemark>
                <name>Telemetry 38</name>
                <styleUrl>#modifiedtelemetry</styleUrl>
                <TimeSpan>
                  <begin>2026-10-03T18:38:07.507799+00:00</begin>
                  <end>2026-10-03T18:38:08.507799+00:00</end>
                </TimeSpan>
                <Point>
                  <coordinates>-80.5772937,37.19598200000001,0</coordinates>
                </Point>
              </Placemark>
              <Placemark>
                <name>Telemetry 39</name>
                <styleUrl>#modifiedtelemetry</styleUrl>
                <TimeSpan>
                  <begin>2026-10-03T18:38:08.507799+00:00</begin>
                  <end>2026-10-03T18:38:09.507799+00:00</end>
                </TimeSpan>
                <Point>
                  <coordinates>-80.5773326,37.1960942,0</coordinates>
                </Point>
              </Placemark>
              <Placemark>
                <name>Telemetry 40</name>
                <styleUrl>#modifiedtelemetry</styleUrl>
                <TimeSpan>
                  <begin>2026-10-03T18:38:09.507799+00:00</begin>
                  <end>2026-10-03T18:38:10.507799+00:00</end>
                </TimeSpan>
                <Point>
                  <coordinates>-80.577283,37.19619780000001,0</coordinates>
                </Point>
              </Placemark>
              <Placemark>
                <name>Telemetry 41</name>
                <styleUrl>#modifiedtelemetry</styleUrl>
                <TimeSpan>
                  <begin>2026-10-03T18:38:10.507799+00:00</begin>
                  <end>2026-10-03T18:38:11.507799+00:00</end>
                </TimeSpan>
                <Point>
                  <coordinates>-80.5772602,37.1963495,0</coordinates>
                </Point>
              </Placemark>
              <Placemark>
                <name>Telemetry 42</name>
                <styleUrl>#modifiedtelemetry</styleUrl>
                <TimeSpan>
                  <begin>2026-10-03T18:38:11.507799+00:00</begin>
                  <end>2026-10-03T18:38:12.507799+00:00</end>
                </TimeSpan>
                <Point>
                  <coordinates>-80.5772817,37.1964692,0</coordinates>
                </Point>
              </Placemark>
              <Placemark>
                <name>Telemetry 43</name>
                <styleUrl>#modifiedtelemetry</styleUrl>
                <TimeSpan>
                  <begin>2026-10-03T18:38:12.507799+00:00</begin>
                  <end>2026-10-03T18:38:13.507799+00:00</end>
                </TimeSpan>
                <Point>
                  <coordinates>-80.5773863,37.1965546,0</coordinates>
                </Point>
              </Placemark>
              <Placemark>
                <name>Telemetry 44</name>
                <styleUrl>#modifiedtelemetry</styleUrl>
                <TimeSpan>
                  <begin>2026-10-03T18:38:13.507799+00:00</begin>
                  <end>2026-10-03T18:38:14.507799+00:00</end>
                </TimeSpan>
                <Point>
                  <coordinates>-80.5775406,37.1965589,0</coordinates>
                </Point>
              </Placemark>
              <Placemark>
                <name>Telemetry 45</name>
                <styleUrl>#modifiedtelemetry</styleUrl>
                <TimeSpan>
                  <begin>2026-10-03T18:38:14.507799+00:00</begin>
                  <end>2026-10-03T18:38:15.507799+00:00</end>
                </TimeSpan>
                <Point>
                  <coordinates>-80.57763850000002,37.1965782,0</coordinates>
                </Point>
              </Placemark>
              <Placemark>
                <name>Telemetry 46</name>
                <styleUrl>#modifiedtelemetry</styleUrl>
                <TimeSpan>
                  <begin>2026-10-03T18:38:15.507799+00:00</begin>
                  <end>2026-10-03T18:38:16.507799+00:00</end>
                </TimeSpan>
                <Point>
                  <coordinates>-80.57763850000002,37.1966679,0</coordinates>
                </Point>
              </Placemark>
              <Placemark>
                <name>Telemetry 47</name>
                <styleUrl>#modifiedtelemetry</styleUrl>
                <TimeSpan>
                  <begin>2026-10-03T18:38:16.507799+00:00</begin>
                  <end>2026-10-03T18:38:17.507799+00:00</end>
                </TimeSpan>
                <Point>
                  <coordinates>-80.5775473,37.1967074,0</coordinates>
                </Point>
              </Placemark>
              <Placemark>
                <name>Telemetry 48</name>
                <styleUrl>#modifiedtelemetry</styleUrl>
                <TimeSpan>
                  <begin>2026-10-03T18:38:17.507799+00:00</begin>
                  <end>2026-10-03T18:38:18.507799+00:00</end>
                </TimeSpan>
                <Point>
                  <coordinates>-80.5773823,37.1966967,0</coordinates>
                </Point>
              </Placemark>
              <Placemark>
                <name>Telemetry 49</name>
                <styleUrl>#modifiedtelemetry</styleUrl>
                <TimeSpan>
                  <begin>2026-10-03T18:38:18.507799+00:00</begin>
                  <end>2026-10-03T18:38:19.507799+00:00</end>
                </TimeSpan>
                <Point>
                  <coordinates>-80.5773421,37.1966241,0</coordinates>
                </Point>
              </Placemark>
              <Placemark>
                <name>Telemetry 50</name>
                <styleUrl>#modifiedtelemetry</styleUrl>
                <TimeSpan>
                  <begin>2026-10-03T18:38:19.507799+00:00</begin>
                  <end>2026-10-03T18:38:20.507799+00:00</end>
                </TimeSpan>
                <Point>
                  <coordinates>-80.5773005,37.196528,0</coordinates>
                </Point>
              </Placemark>
              <Placemark>
                <name>Telemetry 51</name>
                <styleUrl>#modifiedtelemetry</styleUrl>
                <TimeSpan>
                  <begin>2026-10-03T18:38:20.507799+00:00</begin>
                  <end>2026-10-03T18:38:21.507799+00:00</end>
                </TimeSpan>
                <Point>
                  <coordinates>-80.5771557,37.1965055,0</coordinates>
                </Point>
              </Placemark>
              <Placemark>
                <name>Telemetry 52</name>
                <styleUrl>#modifiedtelemetry</styleUrl>
                <TimeSpan>
                  <begin>2026-10-03T18:38:21.507799+00:00</begin>
                  <end>2026-10-03T18:38:22.507799+00:00</end>
                </TimeSpan>
                <Point>
                  <coordinates>-80.5770457,37.19654400000001,0</coordinates>
                </Point>
              </Placemark>
              <Placemark>
                <name>Telemetry 53</name>
                <styleUrl>#modifiedtelemetry</styleUrl>
                <TimeSpan>
                  <begin>2026-10-03T18:38:22.507799+00:00</begin>
                  <end>2026-10-03T18:38:23.507799+00:00</end>
                </TimeSpan>
                <Point>
                  <coordinates>-80.5768834,37.19654500000001,0</coordinates>
                </Point>
              </Placemark>
              <Placemark>
                <name>Telemetry 54</name>
                <styleUrl>#modifiedtelemetry</styleUrl>
                <TimeSpan>
                  <begin>2026-10-03T18:38:23.507799+00:00</begin>
                  <end>2026-10-03T18:38:24.507799+00:00</end>
                </TimeSpan>
                <Point>
                  <coordinates>-80.5767869,37.1964831,0</coordinates>
                </Point>
              </Placemark>
              <Placemark>
                <name>Telemetry 55</name>
                <styleUrl>#modifiedtelemetry</styleUrl>
                <TimeSpan>
                  <begin>2026-10-03T18:38:24.507799+00:00</begin>
                  <end>2026-10-03T18:38:25.507799+00:00</end>
                </TimeSpan>
                <Point>
                  <coordinates>-80.5767547,37.1964083,0</coordinates>
                </Point>
              </Placemark>
              <Placemark>
                <name>Telemetry 56</name>
                <styleUrl>#modifiedtelemetry</styleUrl>
                <TimeSpan>
                  <begin>2026-10-03T18:38:25.507799+00:00</begin>
                  <end>2026-10-03T18:38:26.507799+00:00</end>
                </TimeSpan>
                <Point>
                  <coordinates>-80.5767587,37.1963228,0</coordinates>
                </Point>
              </Placemark>
              <Placemark>
                <name>Telemetry 57</name>
                <styleUrl>#modifiedtelemetry</styleUrl>
                <TimeSpan>
                  <begin>2026-10-03T18:38:26.507799+00:00</begin>
                  <end>2026-10-03T18:38:27.507799+00:00</end>
                </TimeSpan>
                <Point>
                  <coordinates>-80.5767587,37.1961893,0</coordinates>
                </Point>
              </Placemark>
              <Placemark>
                <name>Telemetry 58</name>
                <styleUrl>#modifiedtelemetry</styleUrl>
                <TimeSpan>
                  <begin>2026-10-03T18:38:27.507799+00:00</begin>
                  <end>2026-10-03T18:38:28.507799+00:00</end>
                </TimeSpan>
                <Point>
                  <coordinates>-80.5766836,37.1961348,0</coordinates>
                </Point>
              </Placemark>
              <Placemark>
                <name>Telemetry 59</name>
                <styleUrl>#modifiedtelemetry</styleUrl>
                <TimeSpan>
                  <begin>2026-10-03T18:38:28.507799+00:00</begin>
                  <end>2026-10-03T18:38:29.507799+00:00</end>
                </TimeSpan>
                <Point>
                  <coordinates>-80.5766836,37.1960205,0</coordinates>
                </Point>
              </Placemark>
              <Placemark>
                <name>Telemetry 60</name>
                <styleUrl>#modifiedtelemetry</styleUrl>
                <TimeSpan>
                  <begin>2026-10-03T18:38:29.507799+00:00</begin>
                  <end>2026-10-03T18:38:30.507799+00:00</end>
                </TimeSpan>
                <Point>
                  <coordinates>-80.5767896,37.1960077,0</coordinates>
                </Point>
              </Placemark>
              <Placemark>
                <name>Telemetry 61</name>
                <styleUrl>#modifiedtelemetry</styleUrl>
                <TimeSpan>
                  <begin>2026-10-03T18:38:30.507799+00:00</begin>
                  <end>2026-10-03T18:38:31.507799+00:00</end>
                </TimeSpan>
                <Point>
                  <coordinates>-80.5769277,37.1959671,0</coordinates>
                </Point>
              </Placemark>
              <Placemark>
                <name>Telemetry 62</name>
                <styleUrl>#modifiedtelemetry</styleUrl>
                <TimeSpan>
                  <begin>2026-10-03T18:38:31.507799+00:00</begin>
                  <end>2026-10-03T18:38:32.507799+00:00</end>
                </TimeSpan>
                <Point>
                  <coordinates>-80.5770806,37.1959051,0</coordinates>
                </Point>
              </Placemark>
              <Placemark>
                <name>Telemetry 63</name>
                <styleUrl>#modifiedtelemetry</styleUrl>
                <TimeSpan>
                  <begin>2026-10-03T18:38:32.507799+00:00</begin>
                  <end>2026-10-03T18:38:33.507799+00:00</end>
                </TimeSpan>
                <Point>
                  <coordinates>-80.5771999,37.195896600000005,0</coordinates>
                </Point>
              </Placemark>
            </Folder>
          </Folder>
        </Folder>
        <Folder>
          <name>Service Provider polling</name>
        </Folder>
        <Folder>
          <name>Service Provider polling</name>
        </Folder>
        <Folder>
          <name>Service Provider polling</name>
        </Folder>
        <Folder>
          <name>Service Provider polling</name>
        </Folder>
        <Folder>
          <name>Service Provider polling</name>
        </Folder>
        <Folder>
          <name>Verify operator notification</name>
        </Folder>
        <Folder>
          <name>Intermediate cleanup</name>
        </Folder>
        <Folder>
          <name>Retrieve pre-existing operator notification</name>
        </Folder>
        <Folder>
          <name>Injection</name>
          <Folder>
            <name>E84: uss1 interuss.automated_testing.rid.v1.injection.createTest</name>
            <Folder>
              <name>Test flight 9ead99e3-3a90-4941-95d2-b5b4f2d58d5d</name>
              <Placemark>
                <name>Telemetry 0</name>
                <styleUrl>#modifiedtelemetry</styleUrl>
                <TimeSpan>
                  <begin>2026-10-03T18:37:40.143277+00:00</begin>
                  <end>2026-10-03T18:37:41.143277+00:00</end>
                </TimeSpan>
                <Point>
                  <coordinates>-80.57798081614081,37.197059404721635,0</coordinates>
                </Point>
              </Placemark>
              <Placemark>
                <name>Telemetry 1</name>
                <styleUrl>#modifiedtelemetry</styleUrl>
                <TimeSpan>
                  <begin>2026-10-03T18:37:41.143277+00:00</begin>
                  <end>2026-10-03T18:37:42.143277+00:00</end>
                </TimeSpan>
                <Point>
                  <coordinates>-80.57798798375362,37.197016214133484,0</coordinates>
                </Point>
              </Placemark>
              <Placemark>
                <name>Telemetry 2</name>
                <styleUrl>#modifiedtelemetry</styleUrl>
                <TimeSpan>
                  <begin>2026-10-03T18:37:42.143277+00:00</begin>
                  <end>2026-10-03T18:37:43.143277+00:00</end>
                </TimeSpan>
                <Point>
                  <coordinates>-80.57800212690604,37.196972734164305,0</coordinates>
                </Point>
              </Placemark>
              <Placemark>
                <name>Telemetry 3</name>
                <styleUrl>#modifiedtelemetry</styleUrl>
                <TimeSpan>
                  <begin>2026-10-03T18:37:43.143277+00:00</begin>
                  <end>2026-10-03T18:37:44.143277+00:00</end>
                </TimeSpan>
                <Point>
                  <coordinates>-80.57802342452034,37.196931703788785,0</coordinates>
                </Point>
              </Placemark>
              <Placemark>
                <name>Telemetry 4</name>
                <styleUrl>#modifiedtelemetry</styleUrl>
                <TimeSpan>
                  <begin>2026-10-03T18:37:44.143277+00:00</begin>
                  <end>2026-10-03T18:37:45.143277+00:00</end>
                </TimeSpan>
                <Point>
                  <coordinates>-80.57805344862881,37.19689368575391,0</coordinates>
                </Point>
              </Placemark>
              <Placemark>
                <name>Telemetry 5</name>
                <styleUrl>#modifiedtelemetry</styleUrl>
                <TimeSpan>
                  <begin>2026-10-03T18:37:45.143277+00:00</begin>
                  <end>2026-10-03T18:37:46.143277+00:00</end>
                </TimeSpan>
                <Point>
                  <coordinates>-80.57808720822365,37.19685213076737,0</coordinates>
                </Point>
              </Placemark>
              <Placemark>
                <name>Telemetry 6</name>
                <styleUrl>#modifiedtelemetry</styleUrl>
                <TimeSpan>
                  <begin>2026-10-03T18:37:46.143277+00:00</begin>
                  <end>2026-10-03T18:37:47.143277+00:00</end>
                </TimeSpan>
                <Point>
                  <coordinates>-80.57811722777369,37.19680923519623,0</coordinates>
                </Point>
              </Placemark>
              <Placemark>
                <name>Telemetry 7</name>
                <styleUrl>#modifiedtelemetry</styleUrl>
                <TimeSpan>
                  <begin>2026-10-03T18:37:47.143277+00:00</begin>
                  <end>2026-10-03T18:37:48.143277+00:00</end>
                </TimeSpan>
                <Point>
                  <coordinates>-80.5781323958596,37.1967658046547,0</coordinates>
                </Point>
              </Placemark>
              <Placemark>
                <name>Telemetry 8</name>
                <styleUrl>#modifiedtelemetry</styleUrl>
                <TimeSpan>
                  <begin>2026-10-03T18:37:48.143277+00:00</begin>
                  <end>2026-10-03T18:37:49.143277+00:00</end>
                </TimeSpan>
                <Point>
                  <coordinates>-80.57814392771789,37.19670166260832,0</coordinates>
                </Point>
              </Placemark>
              <Placemark>
                <name>Telemetry 9</name>
                <styleUrl>#modifiedtelemetry</styleUrl>
                <TimeSpan>
                  <begin>2026-10-03T18:37:49.143277+00:00</begin>
                  <end>2026-10-03T18:37:50.143277+00:00</end>
                </TimeSpan>
                <Point>
                  <coordinates>-80.57812974002694,37.19663489860375,0</coordinates>
                </Point>
              </Placemark>
              <Placemark>
                <name>Telemetry 10</name>
                <styleUrl>#modifiedtelemetry</styleUrl>
                <TimeSpan>
                  <begin>2026-10-03T18:37:50.143277+00:00</begin>
                  <end>2026-10-03T18:37:51.143277+00:00</end>
                </TimeSpan>
                <Point>
                  <coordinates>-80.57808680009781,37.19657292090538,0</coordinates>
                </Point>
              </Placemark>
              <Placemark>
                <name>Telemetry 11</name>
                <styleUrl>#modifiedtelemetry</styleUrl>
                <TimeSpan>
                  <begin>2026-10-03T18:37:51.143277+00:00</begin>
                  <end>2026-10-03T18:37:52.143277+00:00</end>
                </TimeSpan>
                <Point>
                  <coordinates>-80.57801685035301,37.19652877181478,0</coordinates>
                </Point>
              </Placemark>
              <Placemark>
                <name>Telemetry 12</name>
                <styleUrl>#modifiedtelemetry</styleUrl>
                <TimeSpan>
                  <begin>2026-10-03T18:37:52.143277+00:00</begin>
                  <end>2026-10-03T18:37:53.143277+00:00</end>
                </TimeSpan>
                <Point>
                  <coordinates>-80.57795541973255,37.19650790849303,0</coordinates>
                </Point>
              </Placemark>
              <Placemark>
                <name>Telemetry 13</name>
                <styleUrl>#modifiedtelemetry</styleUrl>
                <TimeSpan>
                  <begin>2026-10-03T18:37:53.143277+00:00</begin>
                  <end>2026-10-03T18:37:54.143277+00:00</end>
                </TimeSpan>
                <Point>
                  <coordinates>-80.57779490248247,37.19643592110631,0</coordinates>
                </Point>
              </Placemark>
              <Placemark>
                <name>Telemetry 14</name>
                <styleUrl>#modifiedtelemetry</styleUrl>
                <TimeSpan>
                  <begin>2026-10-03T18:37:54.143277+00:00</begin>
                  <end>2026-10-03T18:37:55.143277+00:00</end>
                </TimeSpan>
                <Point>
                  <coordinates>-80.57771381708879,37.19639543761661,0</coordinates>
                </Point>
              </Placemark>
              <Placemark>
                <name>Telemetry 15</name>
                <styleUrl>#modifiedtelemetry</styleUrl>
                <TimeSpan>
                  <begin>2026-10-03T18:37:55.143277+00:00</begin>
                  <end>2026-10-03T18:37:56.143277+00:00</end>
                </TimeSpan>
                <Point>
                  <coordinates>-80.5776456115435,37.19635960981006,0</coordinates>
                </Point>
              </Placemark>
              <Placemark>
                <name>Telemetry 16</name>
                <styleUrl>#modifiedtelemetry</styleUrl>
                <TimeSpan>
                  <begin>2026-10-03T18:37:56.143277+00:00</begin>
                  <end>2026-10-03T18:37:57.143277+00:00</end>
                </TimeSpan>
                <Point>
                  <coordinates>-80.57757190904874,37.19632841915715,0</coordinates>
                </Point>
              </Placemark>
              <Placemark>
                <name>Telemetry 17</name>
                <styleUrl>#modifiedtelemetry</styleUrl>
                <TimeSpan>
                  <begin>2026-10-03T18:37:57.143277+00:00</begin>
                  <end>2026-10-03T18:37:58.143277+00:00</end>
                </TimeSpan>
                <Point>
                  <coordinates>-80.57751114071674,37.19631735230622,0</coordinates>
                </Point>
              </Placemark>
              <Placemark>
                <name>Telemetry 18</name>
                <styleUrl>#modifiedtelemetry</styleUrl>
                <TimeSpan>
                  <begin>2026-10-03T18:37:58.143277+00:00</begin>
                  <end>2026-10-03T18:37:59.143277+00:00</end>
                </TimeSpan>
                <Point>
                  <coordinates>-80.57742677046657,37.19631370494702,0</coordinates>
                </Point>
              </Placemark>
              <Placemark>
                <name>Telemetry 19</name>
                <styleUrl>#modifiedtelemetry</styleUrl>
                <TimeSpan>
                  <begin>2026-10-03T18:37:59.143277+00:00</begin>
                  <end>2026-10-03T18:38:00.143277+00:00</end>
                </TimeSpan>
                <Point>
                  <coordinates>-80.5773706,37.1963054,0</coordinates>
                </Point>
              </Placemark>
              <Placemark>
                <name>Telemetry 20</name>
                <styleUrl>#modifiedtelemetry</styleUrl>
                <TimeSpan>
                  <begin>2026-10-03T18:38:00.143277+00:00</begin>
                  <end>2026-10-03T18:38:01.143277+00:00</end>
                </TimeSpan>
                <Point>
                  <coordinates>-80.5771453,37.1963577,0</coordinates>
                </Point>
              </Placemark>
              <Placemark>
                <name>Telemetry 21</name>
                <styleUrl>#modifiedtelemetry</styleUrl>
                <TimeSpan>
                  <begin>2026-10-03T18:38:01.143277+00:00</begin>
                  <end>2026-10-03T18:38:02.143277+00:00</end>
                </TimeSpan>
                <Point>
                  <coordinates>-80.5771265,37.1965735,0</coordinates>
                </Point>
              </Placemark>
              <Placemark>
                <name>Telemetry 22</name>
                <styleUrl>#modifiedtelemetry</styleUrl>
                <TimeSpan>
                  <begin>2026-10-03T18:38:02.143277+00:00</begin>
                  <end>2026-10-03T18:38:03.143277+00:00</end>
                </TimeSpan>
                <Point>
                  <coordinates>-80.57744590087025,37.19665029738701,0</coordinates>
                </Point>
              </Placemark>
              <Placemark>
                <name>Telemetry 23</name>
                <styleUrl>#modifiedtelemetry</styleUrl>
                <TimeSpan>
                  <begin>2026-10-03T18:38:03.143277+00:00</begin>
                  <end>2026-10-03T18:38:04.143277+00:00</end>
                </TimeSpan>
                <Point>
                  <coordinates>-80.5776442,37.1966013,0</coordinates>
                </Point>
              </Placemark>
              <Placemark>
                <name>Telemetry 24</name>
                <styleUrl>#modifiedtelemetry</styleUrl>
                <TimeSpan>
                  <begin>2026-10-03T18:38:04.143277+00:00</begin>
                  <end>2026-10-03T18:38:05.143277+00:00</end>
                </TimeSpan>
                <Point>
                  <coordinates>-80.57776806176655,37.1964375298218,0</coordinates>
                </Point>
              </Placemark>
              <Placemark>
                <name>Telemetry 25</name>
                <styleUrl>#modifiedtelemetry</styleUrl>
                <TimeSpan>
                  <begin>2026-10-03T18:38:05.143277+00:00</begin>
                  <end>2026-10-03T18:38:06.143277+00:00</end>
                </TimeSpan>
                <Point>
                  <coordinates>-80.57784172323511,37.1962376762061,0</coordinates>
                </Point>
              </Placemark>
              <Placemark>
                <name>Telemetry 26</name>
                <styleUrl>#modifiedtelemetry</styleUrl>
                <TimeSpan>
                  <begin>2026-10-03T18:38:06.143277+00:00</begin>
                  <end>2026-10-03T18:38:07.143277+00:00</end>
                </TimeSpan>
                <Point>
                  <coordinates>-80.5777311,37.1960563,0</coordinates>
                </Point>
              </Placemark>
              <Placemark>
                <name>Telemetry 27</name>
                <styleUrl>#modifiedtelemetry</styleUrl>
                <TimeSpan>
                  <begin>2026-10-03T18:38:07.143277+00:00</begin>
                  <end>2026-10-03T18:38:08.143277+00:00</end>
                </TimeSpan>
                <Point>
                  <coordinates>-80.57739321491916,37.19605837098315,0</coordinates>
                </Point>
              </Placemark>
              <Placemark>
                <name>Telemetry 28</name>
                <styleUrl>#modifiedtelemetry</styleUrl>
                <TimeSpan>
                  <begin>2026-10-03T18:38:08.143277+00:00</begin>
                  <end>2026-10-03T18:38:09.143277+00:00</end>
                </TimeSpan>
                <Point>
                  <coordinates>-80.5771357,37.1961151,0</coordinates>
                </Point>
              </Placemark>
              <Placemark>
                <name>Telemetry 29</name>
                <styleUrl>#modifiedtelemetry</styleUrl>
                <TimeSpan>
                  <begin>2026-10-03T18:38:09.143277+00:00</begin>
                  <end>2026-10-03T18:38:10.143277+00:00</end>
                </TimeSpan>
                <Point>
                  <coordinates>-80.5769627,37.1962283,0</coordinates>
                </Point>
              </Placemark>
              <Placemark>
                <name>Telemetry 30</name>
                <styleUrl>#modifiedtelemetry</styleUrl>
                <TimeSpan>
                  <begin>2026-10-03T18:38:10.143277+00:00</begin>
                  <end>2026-10-03T18:38:11.143277+00:00</end>
                </TimeSpan>
                <Point>
                  <coordinates>-80.5769184,37.1963885,0</coordinates>
                </Point>
              </Placemark>
              <Placemark>
                <name>Telemetry 31</name>
                <styleUrl>#modifiedtelemetry</styleUrl>
                <TimeSpan>
                  <begin>2026-10-03T18:38:11.143277+00:00</begin>
                  <end>2026-10-03T18:38:12.143277+00:00</end>
                </TimeSpan>
                <Point>
                  <coordinates>-80.5767347,37.1964356,0</coordinates>
                </Point>
              </Placemark>
              <Placemark>
                <name>Telemetry 32</name>
                <styleUrl>#modifiedtelemetry</styleUrl>
                <TimeSpan>
                  <begin>2026-10-03T18:38:12.143277+00:00</begin>
                  <end>2026-10-03T18:38:13.143277+00:00</end>
                </TimeSpan>
                <Point>
                  <coordinates>-80.5766366,37.1963538,0</coordinates>
                </Point>
              </Placemark>
              <Placemark>
                <name>Telemetry 33</name>
                <styleUrl>#modifiedtelemetry</styleUrl>
                <TimeSpan>
                  <begin>2026-10-03T18:38:13.143277+00:00</begin>
                  <end>2026-10-03T18:38:14.143277+00:00</end>
                </TimeSpan>
                <Point>
                  <coordinates>-80.5766634,37.1962096,0</coordinates>
                </Point>
              </Placemark>
              <Placemark>
                <name>Telemetry 34</name>
                <styleUrl>#modifiedtelemetry</styleUrl>
                <TimeSpan>
                  <begin>2026-10-03T18:38:14.143277+00:00</begin>
                  <end>2026-10-03T18:38:15.143277+00:00</end>
                </TimeSpan>
                <Point>
                  <coordinates>-80.5767707,37.1961284,0</coordinates>
                </Point>
              </Placemark>
              <Placemark>
                <name>Telemetry 35</name>
                <styleUrl>#modifiedtelemetry</styleUrl>
                <TimeSpan>
                  <begin>2026-10-03T18:38:15.143277+00:00</begin>
                  <end>2026-10-03T18:38:16.143277+00:00</end>
                </TimeSpan>
                <Point>
                  <coordinates>-80.5768887,37.1960493,0</coordinates>
                </Point>
              </Placemark>
              <Placemark>
                <name>Telemetry 36</name>
                <styleUrl>#modifiedtelemetry</styleUrl>
                <TimeSpan>
                  <begin>2026-10-03T18:38:16.143277+00:00</begin>
                  <end>2026-10-03T18:38:17.143277+00:00</end>
                </TimeSpan>
                <Point>
                  <coordinates>-80.5770684,37.1959745,0</coordinates>
                </Point>
              </Placemark>
              <Placemark>
                <name>Telemetry 37</name>
                <styleUrl>#modifiedtelemetry</styleUrl>
                <TimeSpan>
                  <begin>2026-10-03T18:38:17.143277+00:00</begin>
                  <end>2026-10-03T18:38:18.143277+00:00</end>
                </TimeSpan>
                <Point>
                  <coordinates>-80.5771757,37.19596070000001,0</coordinates>
                </Point>
              </Placemark>
              <Placemark>
                <name>Telemetry 38</name>
                <styleUrl>#modifiedtelemetry</styleUrl>
                <TimeSpan>
                  <begin>2026-10-03T18:38:18.143277+00:00</begin>
                  <end>2026-10-03T18:38:19.143277+00:00</end>
                </TimeSpan>
                <Point>
                  <coordinates>-80.5772937,37.19598200000001,0</coordinates>
                </Point>
              </Placemark>
              <Placemark>
                <name>Telemetry 39</name>
                <styleUrl>#modifiedtelemetry</styleUrl>
                <TimeSpan>
                  <begin>2026-10-03T18:38:19.143277+00:00</begin>
                  <end>2026-10-03T18:38:20.143277+00:00</end>
                </TimeSpan>
                <Point>
                  <coordinates>-80.5773326,37.1960942,0</coordinates>
                </Point>
              </Placemark>
              <Placemark>
                <name>Telemetry 40</name>
                <styleUrl>#modifiedtelemetry</styleUrl>
                <TimeSpan>
                  <begin>2026-10-03T18:38:20.143277+00:00</begin>
                  <end>2026-10-03T18:38:21.143277+00:00</end>
                </TimeSpan>
                <Point>
                  <coordinates>-80.577283,37.19619780000001,0</coordinates>
                </Point>
              </Placemark>
              <Placemark>
                <name>Telemetry 41</name>
                <styleUrl>#modifiedtelemetry</styleUrl>
                <TimeSpan>
                  <begin>2026-10-03T18:38:21.143277+00:00</begin>
                  <end>2026-10-03T18:38:22.143277+00:00</end>
                </TimeSpan>
                <Point>
                  <coordinates>-80.5772602,37.1963495,0</coordinates>
                </Point>
              </Placemark>
              <Placemark>
                <name>Telemetry 42</name>
                <styleUrl>#modifiedtelemetry</styleUrl>
                <TimeSpan>
                  <begin>2026-10-03T18:38:22.143277+00:00</begin>
                  <end>2026-10-03T18:38:23.143277+00:00</end>
                </TimeSpan>
                <Point>
                  <coordinates>-80.5772817,37.1964692,0</coordinates>
                </Point>
              </Placemark>
              <Placemark>
                <name>Telemetry 43</name>
                <styleUrl>#modifiedtelemetry</styleUrl>
                <TimeSpan>
                  <begin>2026-10-03T18:38:23.143277+00:00</begin>
                  <end>2026-10-03T18:38:24.143277+00:00</end>
                </TimeSpan>
                <Point>
                  <coordinates>-80.5773863,37.1965546,0</coordinates>
                </Point>
              </Placemark>
              <Placemark>
                <name>Telemetry 44</name>
                <styleUrl>#modifiedtelemetry</styleUrl>
                <TimeSpan>
                  <begin>2026-10-03T18:38:24.143277+00:00</begin>
                  <end>2026-10-03T18:38:25.143277+00:00</end>
                </TimeSpan>
                <Point>
                  <coordinates>-80.5775406,37.1965589,0</coordinates>
                </Point>
              </Placemark>
              <Placemark>
                <name>Telemetry 45</name>
                <styleUrl>#modifiedtelemetry</styleUrl>
                <TimeSpan>
                  <begin>2026-10-03T18:38:25.143277+00:00</begin>
                  <end>2026-10-03T18:38:26.143277+00:00</end>
                </TimeSpan>
                <Point>
                  <coordinates>-80.57763850000002,37.1965782,0</coordinates>
                </Point>
              </Placemark>
              <Placemark>
                <name>Telemetry 46</name>
                <styleUrl>#modifiedtelemetry</styleUrl>
                <TimeSpan>
                  <begin>2026-10-03T18:38:26.143277+00:00</begin>
                  <end>2026-10-03T18:38:27.143277+00:00</end>
                </TimeSpan>
                <Point>
                  <coordinates>-80.57763850000002,37.1966679,0</coordinates>
                </Point>
              </Placemark>
              <Placemark>
                <name>Telemetry 47</name>
                <styleUrl>#modifiedtelemetry</styleUrl>
                <TimeSpan>
                  <begin>2026-10-03T18:38:27.143277+00:00</begin>
                  <end>2026-10-03T18:38:28.143277+00:00</end>
                </TimeSpan>
                <Point>
                  <coordinates>-80.5775473,37.1967074,0</coordinates>
                </Point>
              </Placemark>
              <Placemark>
                <name>Telemetry 48</name>
                <styleUrl>#modifiedtelemetry</styleUrl>
                <TimeSpan>
                  <begin>2026-10-03T18:38:28.143277+00:00</begin>
                  <end>2026-10-03T18:38:29.143277+00:00</end>
                </TimeSpan>
                <Point>
                  <coordinates>-80.5773823,37.1966967,0</coordinates>
                </Point>
              </Placemark>
              <Placemark>
                <name>Telemetry 49</name>
                <styleUrl>#modifiedtelemetry</styleUrl>
                <TimeSpan>
                  <begin>2026-10-03T18:38:29.143277+00:00</begin>
                  <end>2026-10-03T18:38:30.143277+00:00</end>
                </TimeSpan>
                <Point>
                  <coordinates>-80.5773421,37.1966241,0</coordinates>
                </Point>
              </Placemark>
              <Placemark>
                <name>Telemetry 50</name>
                <styleUrl>#modifiedtelemetry</styleUrl>
                <TimeSpan>
                  <begin>2026-10-03T18:38:30.143277+00:00</begin>
                  <end>2026-10-03T18:38:31.143277+00:00</end>
                </TimeSpan>
                <Point>
                  <coordinates>-80.5773005,37.196528,0</coordinates>
                </Point>
              </Placemark>
              <Placemark>
                <name>Telemetry 51</name>
                <styleUrl>#modifiedtelemetry</styleUrl>
                <TimeSpan>
                  <begin>2026-10-03T18:38:31.143277+00:00</begin>
                  <end>2026-10-03T18:38:32.143277+00:00</end>
                </TimeSpan>
                <Point>
                  <coordinates>-80.5771557,37.1965055,0</coordinates>
                </Point>
              </Placemark>
              <Placemark>
                <name>Telemetry 52</name>
                <styleUrl>#modifiedtelemetry</styleUrl>
                <TimeSpan>
                  <begin>2026-10-03T18:38:32.143277+00:00</begin>
                  <end>2026-10-03T18:38:33.143277+00:00</end>
                </TimeSpan>
                <Point>
                  <coordinates>-80.5770457,37.19654400000001,0</coordinates>
                </Point>
              </Placemark>
              <Placemark>
                <name>Telemetry 53</name>
                <styleUrl>#modifiedtelemetry</styleUrl>
                <TimeSpan>
                  <begin>2026-10-03T18:38:33.143277+00:00</begin>
                  <end>2026-10-03T18:38:34.143277+00:00</end>
                </TimeSpan>
                <Point>
                  <coordinates>-80.5768834,37.19654500000001,0</coordinates>
                </Point>
              </Placemark>
              <Placemark>
                <name>Telemetry 54</name>
                <styleUrl>#modifiedtelemetry</styleUrl>
                <TimeSpan>
                  <begin>2026-10-03T18:38:34.143277+00:00</begin>
                  <end>2026-10-03T18:38:35.143277+00:00</end>
                </TimeSpan>
                <Point>
                  <coordinates>-80.5767869,37.1964831,0</coordinates>
                </Point>
              </Placemark>
              <Placemark>
                <name>Telemetry 55</name>
                <styleUrl>#modifiedtelemetry</styleUrl>
                <TimeSpan>
                  <begin>2026-10-03T18:38:35.143277+00:00</begin>
                  <end>2026-10-03T18:38:36.143277+00:00</end>
                </TimeSpan>
                <Point>
                  <coordinates>-80.5767547,37.1964083,0</coordinates>
                </Point>
              </Placemark>
              <Placemark>
                <name>Telemetry 56</name>
                <styleUrl>#modifiedtelemetry</styleUrl>
                <TimeSpan>
                  <begin>2026-10-03T18:38:36.143277+00:00</begin>
                  <end>2026-10-03T18:38:37.143277+00:00</end>
                </TimeSpan>
                <Point>
                  <coordinates>-80.5767587,37.1963228,0</coordinates>
                </Point>
              </Placemark>
              <Placemark>
                <name>Telemetry 57</name>
                <styleUrl>#modifiedtelemetry</styleUrl>
                <TimeSpan>
                  <begin>2026-10-03T18:38:37.143277+00:00</begin>
                  <end>2026-10-03T18:38:38.143277+00:00</end>
                </TimeSpan>
                <Point>
                  <coordinates>-80.5767587,37.1961893,0</coordinates>
                </Point>
              </Placemark>
              <Placemark>
                <name>Telemetry 58</name>
                <styleUrl>#modifiedtelemetry</styleUrl>
                <TimeSpan>
                  <begin>2026-10-03T18:38:38.143277+00:00</begin>
                  <end>2026-10-03T18:38:39.143277+00:00</end>
                </TimeSpan>
                <Point>
                  <coordinates>-80.5766836,37.1961348,0</coordinates>
                </Point>
              </Placemark>
              <Placemark>
                <name>Telemetry 59</name>
                <styleUrl>#modifiedtelemetry</styleUrl>
                <TimeSpan>
                  <begin>2026-10-03T18:38:39.143277+00:00</begin>
                  <end>2026-10-03T18:38:40.143277+00:00</end>
                </TimeSpan>
                <Point>
                  <coordinates>-80.5766836,37.1960205,0</coordinates>
                </Point>
              </Placemark>
              <Placemark>
                <name>Telemetry 60</name>
                <styleUrl>#modifiedtelemetry</styleUrl>
                <TimeSpan>
                  <begin>2026-10-03T18:38:40.143277+00:00</begin>
                  <end>2026-10-03T18:38:41.143277+00:00</end>
                </TimeSpan>
                <Point>
                  <coordinates>-80.5767896,37.1960077,0</coordinates>
                </Point>
              </Placemark>
              <Placemark>
                <name>Telemetry 61</name>
                <styleUrl>#modifiedtelemetry</styleUrl>
                <TimeSpan>
                  <begin>2026-10-03T18:38:41.143277+00:00</begin>
                  <end>2026-10-03T18:38:42.143277+00:00</end>
                </TimeSpan>
                <Point>
                  <coordinates>-80.5769277,37.1959671,0</coordinates>
                </Point>
              </Placemark>
              <Placemark>
                <name>Telemetry 62</name>
                <styleUrl>#modifiedtelemetry</styleUrl>
                <TimeSpan>
                  <begin>2026-10-03T18:38:42.143277+00:00</begin>
                  <end>2026-10-03T18:38:43.143277+00:00</end>
                </TimeSpan>
                <Point>
                  <coordinates>-80.5770806,37.1959051,0</coordinates>
                </Point>
              </Placemark>
              <Placemark>
                <name>Telemetry 63</name>
                <styleUrl>#modifiedtelemetry</styleUrl>
                <TimeSpan>
                  <begin>2026-10-03T18:38:43.143277+00:00</begin>
                  <end>2026-10-03T18:38:44.143277+00:00</end>
                </TimeSpan>
                <Point>
                  <coordinates>-80.5771999,37.195896600000005,0</coordinates>
                </Point>
              </Placemark>
            </Folder>
          </Folder>
        </Folder>
        <Folder>
          <name>Service Provider polling</name>
        </Folder>
        <Folder>
          <name>Service Provider polling</name>
        </Folder>
        <Folder>
          <name>Service Provider polling</name>
        </Folder>
        <Folder>
          <name>Service Provider polling</name>
        </Folder>
        <Folder>
          <name>Service Provider polling</name>
        </Folder>
        <Folder>
          <name>Verify operator notification</name>
        </Folder>
        <Folder>
          <name>Intermediate cleanup</name>
        </Folder>
        <Folder>
          <name>Retrieve pre-existing operator notification</name>
        </Folder>
        <Folder>
          <name>Injection</name>
          <Folder>
            <name>E104: uss1 interuss.automated_testing.rid.v1.injection.createTest</name>
            <Folder>
              <name>Test flight 009ba92f-bac1-4a6b-9560-4800a26bd9fa</name>
              <Placemark>
                <name>Telemetry 0</name>
                <styleUrl>#modifiedtelemetry</styleUrl>
                <TimeSpan>
                  <begin>2026-10-03T18:37:50.740662+00:00</begin>
                  <end>2026-10-03T18:37:51.740662+00:00</end>
                </TimeSpan>
                <Point>
                  <coordinates>-80.57798081614081,37.197059404721635,0</coordinates>
                </Point>
              </Placemark>
              <Placemark>
                <name>Telemetry 1</name>
                <styleUrl>#modifiedtelemetry</styleUrl>
                <TimeSpan>
                  <begin>2026-10-03T18:37:51.740662+00:00</begin>
                  <end>2026-10-03T18:37:52.740662+00:00</end>
                </TimeSpan>
                <Point>
                  <coordinates>-80.57798798375362,37.197016214133484,0</coordinates>
                </Point>
              </Placemark>
              <Placemark>
                <name>Telemetry 2</name>
                <styleUrl>#modifiedtelemetry</styleUrl>
                <TimeSpan>
                  <begin>2026-10-03T18:37:52.740662+00:00</begin>
                  <end>2026-10-03T18:37:53.740662+00:00</end>
                </TimeSpan>
                <Point>
                  <coordinates>-80.57800212690604,37.196972734164305,0</coordinates>
                </Point>
              </Placemark>
              <Placemark>
                <name>Telemetry 3</name>
                <styleUrl>#modifiedtelemetry</styleUrl>
                <TimeSpan>
                  <begin>2026-10-03T18:37:53.740662+00:00</begin>
                  <end>2026-10-03T18:37:54.740662+00:00</end>
                </TimeSpan>
                <Point>
                  <coordinates>-80.57802342452034,37.196931703788785,0</coordinates>
                </Point>
              </Placemark>
              <Placemark>
                <name>Telemetry 4</name>
                <styleUrl>#modifiedtelemetry</styleUrl>
                <TimeSpan>
                  <begin>2026-10-03T18:37:54.740662+00:00</begin>
                  <end>2026-10-03T18:37:55.740662+00:00</end>
                </TimeSpan>
                <Point>
                  <coordinates>-80.57805344862881,37.19689368575391,0</coordinates>
                </Point>
              </Placemark>
              <Placemark>
                <name>Telemetry 5</name>
                <styleUrl>#modifiedtelemetry</styleUrl>
                <TimeSpan>
                  <begin>2026-10-03T18:37:55.740662+00:00</begin>
                  <end>2026-10-03T18:37:56.740662+00:00</end>
                </TimeSpan>
                <Point>
                  <coordinates>-80.57808720822365,37.19685213076737,0</coordinates>
                </Point>
              </Placemark>
              <Placemark>
                <name>Telemetry 6</name>
                <styleUrl>#modifiedtelemetry</styleUrl>
                <TimeSpan>
                  <begin>2026-10-03T18:37:56.740662+00:00</begin>
                  <end>2026-10-03T18:37:57.740662+00:00</end>
                </TimeSpan>
                <Point>
                  <coordinates>-80.57811722777369,37.19680923519623,0</coordinates>
                </Point>
              </Placemark>
              <Placemark>
                <name>Telemetry 7</name>
                <styleUrl>#modifiedtelemetry</styleUrl>
                <TimeSpan>
                  <begin>2026-10-03T18:37:57.740662+00:00</begin>
                  <end>2026-10-03T18:37:58.740662+00:00</end>
                </TimeSpan>
                <Point>
                  <coordinates>-80.5781323958596,37.1967658046547,0</coordinates>
                </Point>
              </Placemark>
              <Placemark>
                <name>Telemetry 8</name>
                <styleUrl>#modifiedtelemetry</styleUrl>
                <TimeSpan>
                  <begin>2026-10-03T18:37:58.740662+00:00</begin>
                  <end>2026-10-03T18:37:59.740662+00:00</end>
                </TimeSpan>
                <Point>
                  <coordinates>-80.57814392771789,37.19670166260832,0</coordinates>
                </Point>
              </Placemark>
              <Placemark>
                <name>Telemetry 9</name>
                <styleUrl>#modifiedtelemetry</styleUrl>
                <TimeSpan>
                  <begin>2026-10-03T18:37:59.740662+00:00</begin>
                  <end>2026-10-03T18:38:00.740662+00:00</end>
                </TimeSpan>
                <Point>
                  <coordinates>-80.57812974002694,37.19663489860375,0</coordinates>
                </Point>
              </Placemark>
              <Placemark>
                <name>Telemetry 10</name>
                <styleUrl>#modifiedtelemetry</styleUrl>
                <TimeSpan>
                  <begin>2026-10-03T18:38:00.740662+00:00</begin>
                  <end>2026-10-03T18:38:01.740662+00:00</end>
                </TimeSpan>
                <Point>
                  <coordinates>-80.57808680009781,37.19657292090538,0</coordinates>
                </Point>
              </Placemark>
              <Placemark>
                <name>Telemetry 11</name>
                <styleUrl>#modifiedtelemetry</styleUrl>
                <TimeSpan>
                  <begin>2026-10-03T18:38:01.740662+00:00</begin>
                  <end>2026-10-03T18:38:02.740662+00:00</end>
                </TimeSpan>
                <Point>
                  <coordinates>-80.57801685035301,37.19652877181478,0</coordinates>
                </Point>
              </Placemark>
              <Placemark>
                <name>Telemetry 12</name>
                <styleUrl>#modifiedtelemetry</styleUrl>
                <TimeSpan>
                  <begin>2026-10-03T18:38:02.740662+00:00</begin>
                  <end>2026-10-03T18:38:03.740662+00:00</end>
                </TimeSpan>
                <Point>
                  <coordinates>-80.57795541973255,37.19650790849303,0</coordinates>
                </Point>
              </Placemark>
              <Placemark>
                <name>Telemetry 13</name>
                <styleUrl>#modifiedtelemetry</styleUrl>
                <TimeSpan>
                  <begin>2026-10-03T18:38:03.740662+00:00</begin>
                  <end>2026-10-03T18:38:04.740662+00:00</end>
                </TimeSpan>
                <Point>
                  <coordinates>-80.57779490248247,37.19643592110631,0</coordinates>
                </Point>
              </Placemark>
              <Placemark>
                <name>Telemetry 14</name>
                <styleUrl>#modifiedtelemetry</styleUrl>
                <TimeSpan>
                  <begin>2026-10-03T18:38:04.740662+00:00</begin>
                  <end>2026-10-03T18:38:05.740662+00:00</end>
                </TimeSpan>
                <Point>
                  <coordinates>-80.57771381708879,37.19639543761661,0</coordinates>
                </Point>
              </Placemark>
              <Placemark>
                <name>Telemetry 15</name>
                <styleUrl>#modifiedtelemetry</styleUrl>
                <TimeSpan>
                  <begin>2026-10-03T18:38:05.740662+00:00</begin>
                  <end>2026-10-03T18:38:06.740662+00:00</end>
                </TimeSpan>
                <Point>
                  <coordinates>-80.5776456115435,37.19635960981006,0</coordinates>
                </Point>
              </Placemark>
              <Placemark>
                <name>Telemetry 16</name>
                <styleUrl>#modifiedtelemetry</styleUrl>
                <TimeSpan>
                  <begin>2026-10-03T18:38:06.740662+00:00</begin>
                  <end>2026-10-03T18:38:07.740662+00:00</end>
                </TimeSpan>
                <Point>
                  <coordinates>-80.57757190904874,37.19632841915715,0</coordinates>
                </Point>
              </Placemark>
              <Placemark>
                <name>Telemetry 17</name>
                <styleUrl>#modifiedtelemetry</styleUrl>
                <TimeSpan>
                  <begin>2026-10-03T18:38:07.740662+00:00</begin>
                  <end>2026-10-03T18:38:08.740662+00:00</end>
                </TimeSpan>
                <Point>
                  <coordinates>-80.57751114071674,37.19631735230622,0</coordinates>
                </Point>
              </Placemark>
              <Placemark>
                <name>Telemetry 18</name>
                <styleUrl>#modifiedtelemetry</styleUrl>
                <TimeSpan>
                  <begin>2026-10-03T18:38:08.740662+00:00</begin>
                  <end>2026-10-03T18:38:09.740662+00:00</end>
                </TimeSpan>
                <Point>
                  <coordinates>-80.57742677046657,37.19631370494702,0</coordinates>
                </Point>
              </Placemark>
              <Placemark>
                <name>Telemetry 19</name>
                <styleUrl>#modifiedtelemetry</styleUrl>
                <TimeSpan>
                  <begin>2026-10-03T18:38:09.740662+00:00</begin>
                  <end>2026-10-03T18:38:10.740662+00:00</end>
                </TimeSpan>
                <Point>
                  <coordinates>-80.5773706,37.1963054,0</coordinates>
                </Point>
              </Placemark>
              <Placemark>
                <name>Telemetry 20</name>
                <styleUrl>#modifiedtelemetry</styleUrl>
                <TimeSpan>
                  <begin>2026-10-03T18:38:10.740662+00:00</begin>
                  <end>2026-10-03T18:38:11.740662+00:00</end>
                </TimeSpan>
                <Point>
                  <coordinates>-80.5771453,37.1963577,0</coordinates>
                </Point>
              </Placemark>
              <Placemark>
                <name>Telemetry 21</name>
                <styleUrl>#modifiedtelemetry</styleUrl>
                <TimeSpan>
                  <begin>2026-10-03T18:38:11.740662+00:00</begin>
                  <end>2026-10-03T18:38:12.740662+00:00</end>
                </TimeSpan>
                <Point>
                  <coordinates>-80.5771265,37.1965735,0</coordinates>
                </Point>
              </Placemark>
              <Placemark>
                <name>Telemetry 22</name>
                <styleUrl>#modifiedtelemetry</styleUrl>
                <TimeSpan>
                  <begin>2026-10-03T18:38:12.740662+00:00</begin>
                  <end>2026-10-03T18:38:13.740662+00:00</end>
                </TimeSpan>
                <Point>
                  <coordinates>-80.57744590087025,37.19665029738701,0</coordinates>
                </Point>
              </Placemark>
              <Placemark>
                <name>Telemetry 23</name>
                <styleUrl>#modifiedtelemetry</styleUrl>
                <TimeSpan>
                  <begin>2026-10-03T18:38:13.740662+00:00</begin>
                  <end>2026-10-03T18:38:14.740662+00:00</end>
                </TimeSpan>
                <Point>
                  <coordinates>-80.5776442,37.1966013,0</coordinates>
                </Point>
              </Placemark>
              <Placemark>
                <name>Telemetry 24</name>
                <styleUrl>#modifiedtelemetry</styleUrl>
                <TimeSpan>
                  <begin>2026-10-03T18:38:14.740662+00:00</begin>
                  <end>2026-10-03T18:38:15.740662+00:00</end>
                </TimeSpan>
                <Point>
                  <coordinates>-80.57776806176655,37.1964375298218,0</coordinates>
                </Point>
              </Placemark>
              <Placemark>
                <name>Telemetry 25</name>
                <styleUrl>#modifiedtelemetry</styleUrl>
                <TimeSpan>
                  <begin>2026-10-03T18:38:15.740662+00:00</begin>
                  <end>2026-10-03T18:38:16.740662+00:00</end>
                </TimeSpan>
                <Point>
                  <coordinates>-80.57784172323511,37.1962376762061,0</coordinates>
                </Point>
              </Placemark>
              <Placemark>
                <name>Telemetry 26</name>
                <styleUrl>#modifiedtelemetry</styleUrl>
                <TimeSpan>
                  <begin>2026-10-03T18:38:16.740662+00:00</begin>
                  <end>2026-10-03T18:38:17.740662+00:00</end>
                </TimeSpan>
                <Point>
                  <coordinates>-80.5777311,37.1960563,0</coordinates>
                </Point>
              </Placemark>
              <Placemark>
                <name>Telemetry 27</name>
                <styleUrl>#modifiedtelemetry</styleUrl>
                <TimeSpan>
                  <begin>2026-10-03T18:38:17.740662+00:00</begin>
                  <end>2026-10-03T18:38:18.740662+00:00</end>
                </TimeSpan>
                <Point>
                  <coordinates>-80.57739321491916,37.19605837098315,0</coordinates>
                </Point>
              </Placemark>
              <Placemark>
                <name>Telemetry 28</name>
                <styleUrl>#modifiedtelemetry</styleUrl>
                <TimeSpan>
                  <begin>2026-10-03T18:38:18.740662+00:00</begin>
                  <end>2026-10-03T18:38:19.740662+00:00</end>
                </TimeSpan>
                <Point>
                  <coordinates>-80.5771357,37.1961151,0</coordinates>
                </Point>
              </Placemark>
              <Placemark>
                <name>Telemetry 29</name>
                <styleUrl>#modifiedtelemetry</styleUrl>
                <TimeSpan>
                  <begin>2026-10-03T18:38:19.740662+00:00</begin>
                  <end>2026-10-03T18:38:20.740662+00:00</end>
                </TimeSpan>
                <Point>
                  <coordinates>-80.5769627,37.1962283,0</coordinates>
                </Point>
              </Placemark>
              <Placemark>
                <name>Telemetry 30</name>
                <styleUrl>#modifiedtelemetry</styleUrl>
                <TimeSpan>
                  <begin>2026-10-03T18:38:20.740662+00:00</begin>
                  <end>2026-10-03T18:38:21.740662+00:00</end>
                </TimeSpan>
                <Point>
                  <coordinates>-80.5769184,37.1963885,0</coordinates>
                </Point>
              </Placemark>
              <Placemark>
                <name>Telemetry 31</name>
                <styleUrl>#modifiedtelemetry</styleUrl>
                <TimeSpan>
                  <begin>2026-10-03T18:38:21.740662+00:00</begin>
                  <end>2026-10-03T18:38:22.740662+00:00</end>
                </TimeSpan>
                <Point>
                  <coordinates>-80.5767347,37.1964356,0</coordinates>
                </Point>
              </Placemark>
              <Placemark>
                <name>Telemetry 32</name>
                <styleUrl>#modifiedtelemetry</styleUrl>
                <TimeSpan>
                  <begin>2026-10-03T18:38:22.740662+00:00</begin>
                  <end>2026-10-03T18:38:23.740662+00:00</end>
                </TimeSpan>
                <Point>
                  <coordinates>-80.5766366,37.1963538,0</coordinates>
                </Point>
              </Placemark>
              <Placemark>
                <name>Telemetry 33</name>
                <styleUrl>#modifiedtelemetry</styleUrl>
                <TimeSpan>
                  <begin>2026-10-03T18:38:23.740662+00:00</begin>
                  <end>2026-10-03T18:38:24.740662+00:00</end>
                </TimeSpan>
                <Point>
                  <coordinates>-80.5766634,37.1962096,0</coordinates>
                </Point>
              </Placemark>
              <Placemark>
                <name>Telemetry 34</name>
                <styleUrl>#modifiedtelemetry</styleUrl>
                <TimeSpan>
                  <begin>2026-10-03T18:38:24.740662+00:00</begin>
                  <end>2026-10-03T18:38:25.740662+00:00</end>
                </TimeSpan>
                <Point>
                  <coordinates>-80.5767707,37.1961284,0</coordinates>
                </Point>
              </Placemark>
              <Placemark>
                <name>Telemetry 35</name>
                <styleUrl>#modifiedtelemetry</styleUrl>
                <TimeSpan>
                  <begin>2026-10-03T18:38:25.740662+00:00</begin>
                  <end>2026-10-03T18:38:26.740662+00:00</end>
                </TimeSpan>
                <Point>
                  <coordinates>-80.5768887,37.1960493,0</coordinates>
                </Point>
              </Placemark>
              <Placemark>
                <name>Telemetry 36</name>
                <styleUrl>#modifiedtelemetry</styleUrl>
                <TimeSpan>
                  <begin>2026-10-03T18:38:26.740662+00:00</begin>
                  <end>2026-10-03T18:38:27.740662+00:00</end>
                </TimeSpan>
                <Point>
                  <coordinates>-80.5770684,37.1959745,0</coordinates>
                </Point>
              </Placemark>
              <Placemark>
                <name>Telemetry 37</name>
                <styleUrl>#modifiedtelemetry</styleUrl>
                <TimeSpan>
                  <begin>2026-10-03T18:38:27.740662+00:00</begin>
                  <end>2026-10-03T18:38:28.740662+00:00</end>
                </TimeSpan>
                <Point>
                  <coordinates>-80.5771757,37.19596070000001,0</coordinates>
                </Point>
              </Placemark>
              <Placemark>
                <name>Telemetry 38</name>
                <styleUrl>#modifiedtelemetry</styleUrl>
                <TimeSpan>
                  <begin>2026-10-03T18:38:28.740662+00:00</begin>
                  <end>2026-10-03T18:38:29.740662+00:00</end>
                </TimeSpan>
                <Point>
                  <coordinates>-80.5772937,37.19598200000001,0</coordinates>
                </Point>
              </Placemark>
              <Placemark>
                <name>Telemetry 39</name>
                <styleUrl>#modifiedtelemetry</styleUrl>
                <TimeSpan>
                  <begin>2026-10-03T18:38:29.740662+00:00</begin>
                  <end>2026-10-03T18:38:30.740662+00:00</end>
                </TimeSpan>
                <Point>
                  <coordinates>-80.5773326,37.1960942,0</coordinates>
                </Point>
              </Placemark>
              <Placemark>
                <name>Telemetry 40</name>
                <styleUrl>#modifiedtelemetry</styleUrl>
                <TimeSpan>
                  <begin>2026-10-03T18:38:30.740662+00:00</begin>
                  <end>2026-10-03T18:38:31.740662+00:00</end>
                </TimeSpan>
                <Point>
                  <coordinates>-80.577283,37.19619780000001,0</coordinates>
                </Point>
              </Placemark>
              <Placemark>
                <name>Telemetry 41</name>
                <styleUrl>#modifiedtelemetry</styleUrl>
                <TimeSpan>
                  <begin>2026-10-03T18:38:31.740662+00:00</begin>
                  <end>2026-10-03T18:38:32.740662+00:00</end>
                </TimeSpan>
                <Point>
                  <coordinates>-80.5772602,37.1963495,0</coordinates>
                </Point>
              </Placemark>
              <Placemark>
                <name>Telemetry 42</name>
                <styleUrl>#modifiedtelemetry</styleUrl>
                <TimeSpan>
                  <begin>2026-10-03T18:38:32.740662+00:00</begin>
                  <end>2026-10-03T18:38:33.740662+00:00</end>
                </TimeSpan>
                <Point>
                  <coordinates>-80.5772817,37.1964692,0</coordinates>
                </Point>
              </Placemark>
              <Placemark>
                <name>Telemetry 43</name>
                <styleUrl>#modifiedtelemetry</styleUrl>
                <TimeSpan>
                  <begin>2026-10-03T18:38:33.740662+00:00</begin>
                  <end>2026-10-03T18:38:34.740662+00:00</end>
                </TimeSpan>
                <Point>
                  <coordinates>-80.5773863,37.1965546,0</coordinates>
                </Point>
              </Placemark>
              <Placemark>
                <name>Telemetry 44</name>
                <styleUrl>#modifiedtelemetry</styleUrl>
                <TimeSpan>
                  <begin>2026-10-03T18:38:34.740662+00:00</begin>
                  <end>2026-10-03T18:38:35.740662+00:00</end>
                </TimeSpan>
                <Point>
                  <coordinates>-80.5775406,37.1965589,0</coordinates>
                </Point>
              </Placemark>
              <Placemark>
                <name>Telemetry 45</name>
                <styleUrl>#modifiedtelemetry</styleUrl>
                <TimeSpan>
                  <begin>2026-10-03T18:38:35.740662+00:00</begin>
                  <end>2026-10-03T18:38:36.740662+00:00</end>
                </TimeSpan>
                <Point>
                  <coordinates>-80.57763850000002,37.1965782,0</coordinates>
                </Point>
              </Placemark>
              <Placemark>
                <name>Telemetry 46</name>
                <styleUrl>#modifiedtelemetry</styleUrl>
                <TimeSpan>
                  <begin>2026-10-03T18:38:36.740662+00:00</begin>
                  <end>2026-10-03T18:38:37.740662+00:00</end>
                </TimeSpan>
                <Point>
                  <coordinates>-80.57763850000002,37.1966679,0</coordinates>
                </Point>
              </Placemark>
              <Placemark>
                <name>Telemetry 47</name>
                <styleUrl>#modifiedtelemetry</styleUrl>
                <TimeSpan>
                  <begin>2026-10-03T18:38:37.740662+00:00</begin>
                  <end>2026-10-03T18:38:38.740662+00:00</end>
                </TimeSpan>
                <Point>
                  <coordinates>-80.5775473,37.1967074,0</coordinates>
                </Point>
              </Placemark>
              <Placemark>
                <name>Telemetry 48</name>
                <styleUrl>#modifiedtelemetry</styleUrl>
                <TimeSpan>
                  <begin>2026-10-03T18:38:38.740662+00:00</begin>
                  <end>2026-10-03T18:38:39.740662+00:00</end>
                </TimeSpan>
                <Point>
                  <coordinates>-80.5773823,37.1966967,0</coordinates>
                </Point>
              </Placemark>
              <Placemark>
                <name>Telemetry 49</name>
                <styleUrl>#modifiedtelemetry</styleUrl>
                <TimeSpan>
                  <begin>2026-10-03T18:38:39.740662+00:00</begin>
                  <end>2026-10-03T18:38:40.740662+00:00</end>
                </TimeSpan>
                <Point>
                  <coordinates>-80.5773421,37.1966241,0</coordinates>
                </Point>
              </Placemark>
              <Placemark>
                <name>Telemetry 50</name>
                <styleUrl>#modifiedtelemetry</styleUrl>
                <TimeSpan>
                  <begin>2026-10-03T18:38:40.740662+00:00</begin>
                  <end>2026-10-03T18:38:41.740662+00:00</end>
                </TimeSpan>
                <Point>
                  <coordinates>-80.5773005,37.196528,0</coordinates>
                </Point>
              </Placemark>
              <Placemark>
                <name>Telemetry 51</name>
                <styleUrl>#modifiedtelemetry</styleUrl>
                <TimeSpan>
                  <begin>2026-10-03T18:38:41.740662+00:00</begin>
                  <end>2026-10-03T18:38:42.740662+00:00</end>
                </TimeSpan>
                <Point>
                  <coordinates>-80.5771557,37.1965055,0</coordinates>
                </Point>
              </Placemark>
              <Placemark>
                <name>Telemetry 52</name>
                <styleUrl>#modifiedtelemetry</styleUrl>
                <TimeSpan>
                  <begin>2026-10-03T18:38:42.740662+00:00</begin>
                  <end>2026-10-03T18:38:43.740662+00:00</end>
                </TimeSpan>
                <Point>
                  <coordinates>-80.5770457,37.19654400000001,0</coordinates>
                </Point>
              </Placemark>
              <Placemark>
                <name>Telemetry 53</name>
                <styleUrl>#modifiedtelemetry</styleUrl>
                <TimeSpan>
                  <begin>2026-10-03T18:38:43.740662+00:00</begin>
                  <end>2026-10-03T18:38:44.740662+00:00</end>
                </TimeSpan>
                <Point>
                  <coordinates>-80.5768834,37.19654500000001,0</coordinates>
                </Point>
              </Placemark>
              <Placemark>
                <name>Telemetry 54</name>
                <styleUrl>#modifiedtelemetry</styleUrl>
                <TimeSpan>
                  <begin>2026-10-03T18:38:44.740662+00:00</begin>
                  <end>2026-10-03T18:38:45.740662+00:00</end>
                </TimeSpan>
                <Point>
                  <coordinates>-80.5767869,37.1964831,0</coordinates>
                </Point>
              </Placemark>
              <Placemark>
                <name>Telemetry 55</name>
                <styleUrl>#modifiedtelemetry</styleUrl>
                <TimeSpan>
                  <begin>2026-10-03T18:38:45.740662+00:00</begin>
                  <end>2026-10-03T18:38:46.740662+00:00</end>
                </TimeSpan>
                <Point>
                  <coordinates>-80.5767547,37.1964083,0</coordinates>
                </Point>
              </Placemark>
              <Placemark>
                <name>Telemetry 56</name>
                <styleUrl>#modifiedtelemetry</styleUrl>
                <TimeSpan>
                  <begin>2026-10-03T18:38:46.740662+00:00</begin>
                  <end>2026-10-03T18:38:47.740662+00:00</end>
                </TimeSpan>
                <Point>
                  <coordinates>-80.5767587,37.1963228,0</coordinates>
                </Point>
              </Placemark>
              <Placemark>
                <name>Telemetry 57</name>
                <styleUrl>#modifiedtelemetry</styleUrl>
                <TimeSpan>
                  <begin>2026-10-03T18:38:47.740662+00:00</begin>
                  <end>2026-10-03T18:38:48.740662+00:00</end>
                </TimeSpan>
                <Point>
                  <coordinates>-80.5767587,37.1961893,0</coordinates>
                </Point>
              </Placemark>
              <Placemark>
                <name>Telemetry 58</name>
                <styleUrl>#modifiedtelemetry</styleUrl>
                <TimeSpan>
                  <begin>2026-10-03T18:38:48.740662+00:00</begin>
                  <end>2026-10-03T18:38:49.740662+00:00</end>
                </TimeSpan>
                <Point>
                  <coordinates>-80.5766836,37.1961348,0</coordinates>
                </Point>
              </Placemark>
              <Placemark>
                <name>Telemetry 59</name>
                <styleUrl>#modifiedtelemetry</styleUrl>
                <TimeSpan>
                  <begin>2026-10-03T18:38:49.740662+00:00</begin>
                  <end>2026-10-03T18:38:50.740662+00:00</end>
                </TimeSpan>
                <Point>
                  <coordinates>-80.5766836,37.1960205,0</coordinates>
                </Point>
              </Placemark>
              <Placemark>
                <name>Telemetry 60</name>
                <styleUrl>#modifiedtelemetry</styleUrl>
                <TimeSpan>
                  <begin>2026-10-03T18:38:50.740662+00:00</begin>
                  <end>2026-10-03T18:38:51.740662+00:00</end>
                </TimeSpan>
                <Point>
                  <coordinates>-80.5767896,37.1960077,0</coordinates>
                </Point>
              </Placemark>
              <Placemark>
                <name>Telemetry 61</name>
                <styleUrl>#modifiedtelemetry</styleUrl>
                <TimeSpan>
                  <begin>2026-10-03T18:38:51.740662+00:00</begin>
                  <end>2026-10-03T18:38:52.740662+00:00</end>
                </TimeSpan>
                <Point>
                  <coordinates>-80.5769277,37.1959671,0</coordinates>
                </Point>
              </Placemark>
              <Placemark>
                <name>Telemetry 62</name>
                <styleUrl>#modifiedtelemetry</styleUrl>
                <TimeSpan>
                  <begin>2026-10-03T18:38:52.740662+00:00</begin>
                  <end>2026-10-03T18:38:53.740662+00:00</end>
                </TimeSpan>
                <Point>
                  <coordinates>-80.5770806,37.1959051,0</coordinates>
                </Point>
              </Placemark>
              <Placemark>
                <name>Telemetry 63</name>
                <styleUrl>#modifiedtelemetry</styleUrl>
                <TimeSpan>
                  <begin>2026-10-03T18:38:53.740662+00:00</begin>
                  <end>2026-10-03T18:38:54.740662+00:00</end>
                </TimeSpan>
                <Point>
                  <coordinates>-80.5771999,37.195896600000005,0</coordinates>
                </Point>
              </Placemark>
            </Folder>
          </Folder>
        </Folder>
        <Folder>
          <name>Service Provider polling</name>
        </Folder>
        <Folder>
          <name>Service Provider polling</name>
        </Folder>
        <Folder>
          <name>Service Provider polling</name>
        </Folder>
        <Folder>
          <name>Service Provider polling</name>
        </Folder>
        <Folder>
          <name>Service Provider polling</name>
        </Folder>
        <Folder>
          <name>Verify operator notification</name>
        </Folder>
        <Folder>
          <name>Intermediate cleanup</name>
        </Folder>
        <Folder>
          <name>Retrieve pre-existing operator notification</name>
        </Folder>
        <Folder>
          <name>Injection</name>
          <Folder>
            <name>E124: uss1 interuss.automated_testing.rid.v1.injection.createTest</name>
            <Folder>
              <name>Test flight 8d7b63f3-0f84-4532-96ad-ed874eb630da</name>
              <Placemark>
                <name>Telemetry 0</name>
                <styleUrl>#modifiedtelemetry</styleUrl>
                <TimeSpan>
                  <begin>2026-10-03T18:38:01.397137+00:00</begin>
                  <end>2026-10-03T18:38:02.397137+00:00</end>
                </TimeSpan>
                <Point>
                  <coordinates>-80.57798081614081,37.197059404721635,0</coordinates>
                </Point>
              </Placemark>
              <Placemark>
                <name>Telemetry 1</name>
                <styleUrl>#modifiedtelemetry</styleUrl>
                <TimeSpan>
                  <begin>2026-10-03T18:38:02.397137+00:00</begin>
                  <end>2026-10-03T18:38:03.397137+00:00</end>
                </TimeSpan>
                <Point>
                  <coordinates>-80.57798798375362,37.197016214133484,0</coordinates>
                </Point>
              </Placemark>
              <Placemark>
                <name>Telemetry 2</name>
                <styleUrl>#modifiedtelemetry</styleUrl>
                <TimeSpan>
                  <begin>2026-10-03T18:38:03.397137+00:00</begin>
                  <end>2026-10-03T18:38:04.397137+00:00</end>
                </TimeSpan>
                <Point>
                  <coordinates>-80.57800212690604,37.196972734164305,0</coordinates>
                </Point>
              </Placemark>
              <Placemark>
                <name>Telemetry 3</name>
                <styleUrl>#modifiedtelemetry</styleUrl>
                <TimeSpan>
                  <begin>2026-10-03T18:38:04.397137+00:00</begin>
                  <end>2026-10-03T18:38:05.397137+00:00</end>
                </TimeSpan>
                <Point>
                  <coordinates>-80.57802342452034,37.196931703788785,0</coordinates>
                </Point>
              </Placemark>
              <Placemark>
                <name>Telemetry 4</name>
                <styleUrl>#modifiedtelemetry</styleUrl>
                <TimeSpan>
                  <begin>2026-10-03T18:38:05.397137+00:00</begin>
                  <end>2026-10-03T18:38:06.397137+00:00</end>
                </TimeSpan>
                <Point>
                  <coordinates>-80.57805344862881,37.19689368575391,0</coordinates>
                </Point>
              </Placemark>
              <Placemark>
                <name>Telemetry 5</name>
                <styleUrl>#modifiedtelemetry</styleUrl>
                <TimeSpan>
                  <begin>2026-10-03T18:38:06.397137+00:00</begin>
                  <end>2026-10-03T18:38:07.397137+00:00</end>
                </TimeSpan>
                <Point>
                  <coordinates>-80.57808720822365,37.19685213076737,0</coordinates>
                </Point>
              </Placemark>
              <Placemark>
                <name>Telemetry 6</name>
                <styleUrl>#modifiedtelemetry</styleUrl>
                <TimeSpan>
                  <begin>2026-10-03T18:38:07.397137+00:00</begin>
                  <end>2026-10-03T18:38:08.397137+00:00</end>
                </TimeSpan>
                <Point>
                  <coordinates>-80.57811722777369,37.19680923519623,0</coordinates>
                </Point>
              </Placemark>
              <Placemark>
                <name>Telemetry 7</name>
                <styleUrl>#modifiedtelemetry</styleUrl>
                <TimeSpan>
                  <begin>2026-10-03T18:38:08.397137+00:00</begin>
                  <end>2026-10-03T18:38:09.397137+00:00</end>
                </TimeSpan>
                <Point>
                  <coordinates>-80.5781323958596,37.1967658046547,0</coordinates>
                </Point>
              </Placemark>
              <Placemark>
                <name>Telemetry 8</name>
                <styleUrl>#modifiedtelemetry</styleUrl>
                <TimeSpan>
                  <begin>2026-10-03T18:38:09.397137+00:00</begin>
                  <end>2026-10-03T18:38:10.397137+00:00</end>
                </TimeSpan>
                <Point>
                  <coordinates>-80.57814392771789,37.19670166260832,0</coordinates>
                </Point>
              </Placemark>
              <Placemark>
                <name>Telemetry 9</name>
                <styleUrl>#modifiedtelemetry</styleUrl>
                <TimeSpan>
                  <begin>2026-10-03T18:38:10.397137+00:00</begin>
                  <end>2026-10-03T18:38:11.397137+00:00</end>
                </TimeSpan>
                <Point>
                  <coordinates>-80.57812974002694,37.19663489860375,0</coordinates>
                </Point>
              </Placemark>
              <Placemark>
                <name>Telemetry 10</name>
                <styleUrl>#modifiedtelemetry</styleUrl>
                <TimeSpan>
                  <begin>2026-10-03T18:38:11.397137+00:00</begin>
                  <end>2026-10-03T18:38:12.397137+00:00</end>
                </TimeSpan>
                <Point>
                  <coordinates>-80.57808680009781,37.19657292090538,0</coordinates>
                </Point>
              </Placemark>
              <Placemark>
                <name>Telemetry 11</name>
                <styleUrl>#modifiedtelemetry</styleUrl>
                <TimeSpan>
                  <begin>2026-10-03T18:38:12.397137+00:00</begin>
                  <end>2026-10-03T18:38:13.397137+00:00</end>
                </TimeSpan>
                <Point>
                  <coordinates>-80.57801685035301,37.19652877181478,0</coordinates>
                </Point>
              </Placemark>
              <Placemark>
                <name>Telemetry 12</name>
                <styleUrl>#modifiedtelemetry</styleUrl>
                <TimeSpan>
                  <begin>2026-10-03T18:38:13.397137+00:00</begin>
                  <end>2026-10-03T18:38:14.397137+00:00</end>
                </TimeSpan>
                <Point>
                  <coordinates>-80.57795541973255,37.19650790849303,0</coordinates>
                </Point>
              </Placemark>
              <Placemark>
                <name>Telemetry 13</name>
                <styleUrl>#modifiedtelemetry</styleUrl>
                <TimeSpan>
                  <begin>2026-10-03T18:38:14.397137+00:00</begin>
                  <end>2026-10-03T18:38:15.397137+00:00</end>
                </TimeSpan>
                <Point>
                  <coordinates>-80.57779490248247,37.19643592110631,0</coordinates>
                </Point>
              </Placemark>
              <Placemark>
                <name>Telemetry 14</name>
                <styleUrl>#modifiedtelemetry</styleUrl>
                <TimeSpan>
                  <begin>2026-10-03T18:38:15.397137+00:00</begin>
                  <end>2026-10-03T18:38:16.397137+00:00</end>
                </TimeSpan>
                <Point>
                  <coordinates>-80.57771381708879,37.19639543761661,0</coordinates>
                </Point>
              </Placemark>
              <Placemark>
                <name>Telemetry 15</name>
                <styleUrl>#modifiedtelemetry</styleUrl>
                <TimeSpan>
                  <begin>2026-10-03T18:38:16.397137+00:00</begin>
                  <end>2026-10-03T18:38:17.397137+00:00</end>
                </TimeSpan>
                <Point>
                  <coordinates>-80.5776456115435,37.19635960981006,0</coordinates>
                </Point>
              </Placemark>
              <Placemark>
                <name>Telemetry 16</name>
                <styleUrl>#modifiedtelemetry</styleUrl>
                <TimeSpan>
                  <begin>2026-10-03T18:38:17.397137+00:00</begin>
                  <end>2026-10-03T18:38:18.397137+00:00</end>
                </TimeSpan>
                <Point>
                  <coordinates>-80.57757190904874,37.19632841915715,0</coordinates>
                </Point>
              </Placemark>
              <Placemark>
                <name>Telemetry 17</name>
                <styleUrl>#modifiedtelemetry</styleUrl>
                <TimeSpan>
                  <begin>2026-10-03T18:38:18.397137+00:00</begin>
                  <end>2026-10-03T18:38:19.397137+00:00</end>
                </TimeSpan>
                <Point>
                  <coordinates>-80.57751114071674,37.19631735230622,0</coordinates>
                </Point>
              </Placemark>
              <Placemark>
                <name>Telemetry 18</name>
                <styleUrl>#modifiedtelemetry</styleUrl>
                <TimeSpan>
                  <begin>2026-10-03T18:38:19.397137+00:00</begin>
                  <end>2026-10-03T18:38:20.397137+00:00</end>
                </TimeSpan>
                <Point>
                  <coordinates>-80.57742677046657,37.19631370494702,0</coordinates>
                </Point>
              </Placemark>
              <Placemark>
                <name>Telemetry 19</name>
                <styleUrl>#modifiedtelemetry</styleUrl>
                <TimeSpan>
                  <begin>2026-10-03T18:38:20.397137+00:00</begin>
                  <end>2026-10-03T18:38:21.397137+00:00</end>
                </TimeSpan>
                <Point>
                  <coordinates>-80.5773706,37.1963054,0</coordinates>
                </Point>
              </Placemark>
              <Placemark>
                <name>Telemetry 20</name>
                <styleUrl>#modifiedtelemetry</styleUrl>
                <TimeSpan>
                  <begin>2026-10-03T18:38:21.397137+00:00</begin>
                  <end>2026-10-03T18:38:22.397137+00:00</end>
                </TimeSpan>
                <Point>
                  <coordinates>-80.5771453,37.1963577,0</coordinates>
                </Point>
              </Placemark>
              <Placemark>
                <name>Telemetry 21</name>
                <styleUrl>#modifiedtelemetry</styleUrl>
                <TimeSpan>
                  <begin>2026-10-03T18:38:22.397137+00:00</begin>
                  <end>2026-10-03T18:38:23.397137+00:00</end>
                </TimeSpan>
                <Point>
                  <coordinates>-80.5771265,37.1965735,0</coordinates>
                </Point>
              </Placemark>
              <Placemark>
                <name>Telemetry 22</name>
                <styleUrl>#modifiedtelemetry</styleUrl>
                <TimeSpan>
                  <begin>2026-10-03T18:38:23.397137+00:00</begin>
                  <end>2026-10-03T18:38:24.397137+00:00</end>
                </TimeSpan>
                <Point>
                  <coordinates>-80.57744590087025,37.19665029738701,0</coordinates>
                </Point>
              </Placemark>
              <Placemark>
                <name>Telemetry 23</name>
                <styleUrl>#modifiedtelemetry</styleUrl>
                <TimeSpan>
                  <begin>2026-10-03T18:38:24.397137+00:00</begin>
                  <end>2026-10-03T18:38:25.397137+00:00</end>
                </TimeSpan>
                <Point>
                  <coordinates>-80.5776442,37.1966013,0</coordinates>
                </Point>
              </Placemark>
              <Placemark>
                <name>Telemetry 24</name>
                <styleUrl>#modifiedtelemetry</styleUrl>
                <TimeSpan>
                  <begin>2026-10-03T18:38:25.397137+00:00</begin>
                  <end>2026-10-03T18:38:26.397137+00:00</end>
                </TimeSpan>
                <Point>
                  <coordinates>-80.57776806176655,37.1964375298218,0</coordinates>
                </Point>
              </Placemark>
              <Placemark>
                <name>Telemetry 25</name>
                <styleUrl>#modifiedtelemetry</styleUrl>
                <TimeSpan>
                  <begin>2026-10-03T18:38:26.397137+00:00</begin>
                  <end>2026-10-03T18:38:27.397137+00:00</end>
                </TimeSpan>
                <Point>
                  <coordinates>-80.57784172323511,37.1962376762061,0</coordinates>
                </Point>
              </Placemark>
              <Placemark>
                <name>Telemetry 26</name>
                <styleUrl>#modifiedtelemetry</styleUrl>
                <TimeSpan>
                  <begin>2026-10-03T18:38:27.397137+00:00</begin>
                  <end>2026-10-03T18:38:28.397137+00:00</end>
                </TimeSpan>
                <Point>
                  <coordinates>-80.5777311,37.1960563,0</coordinates>
                </Point>
              </Placemark>
              <Placemark>
                <name>Telemetry 27</name>
                <styleUrl>#modifiedtelemetry</styleUrl>
                <TimeSpan>
                  <begin>2026-10-03T18:38:28.397137+00:00</begin>
                  <end>2026-10-03T18:38:29.397137+00:00</end>
                </TimeSpan>
                <Point>
                  <coordinates>-80.57739321491916,37.19605837098315,0</coordinates>
                </Point>
              </Placemark>
              <Placemark>
                <name>Telemetry 28</name>
                <styleUrl>#modifiedtelemetry</styleUrl>
                <TimeSpan>
                  <begin>2026-10-03T18:38:29.397137+00:00</begin>
                  <end>2026-10-03T18:38:30.397137+00:00</end>
                </TimeSpan>
                <Point>
                  <coordinates>-80.5771357,37.1961151,0</coordinates>
                </Point>
              </Placemark>
              <Placemark>
                <name>Telemetry 29</name>
                <styleUrl>#modifiedtelemetry</styleUrl>
                <TimeSpan>
                  <begin>2026-10-03T18:38:30.397137+00:00</begin>
                  <end>2026-10-03T18:38:31.397137+00:00</end>
                </TimeSpan>
                <Point>
                  <coordinates>-80.5769627,37.1962283,0</coordinates>
                </Point>
              </Placemark>
              <Placemark>
                <name>Telemetry 30</name>
                <styleUrl>#modifiedtelemetry</styleUrl>
                <TimeSpan>
                  <begin>2026-10-03T18:38:31.397137+00:00</begin>
                  <end>2026-10-03T18:38:32.397137+00:00</end>
                </TimeSpan>
                <Point>
                  <coordinates>-80.5769184,37.1963885,0</coordinates>
                </Point>
              </Placemark>
              <Placemark>
                <name>Telemetry 31</name>
                <styleUrl>#modifiedtelemetry</styleUrl>
                <TimeSpan>
                  <begin>2026-10-03T18:38:32.397137+00:00</begin>
                  <end>2026-10-03T18:38:33.397137+00:00</end>
                </TimeSpan>
                <Point>
                  <coordinates>-80.5767347,37.1964356,0</coordinates>
                </Point>
              </Placemark>
              <Placemark>
                <name>Telemetry 32</name>
                <styleUrl>#modifiedtelemetry</styleUrl>
                <TimeSpan>
                  <begin>2026-10-03T18:38:33.397137+00:00</begin>
                  <end>2026-10-03T18:38:34.397137+00:00</end>
                </TimeSpan>
                <Point>
                  <coordinates>-80.5766366,37.1963538,0</coordinates>
                </Point>
              </Placemark>
              <Placemark>
                <name>Telemetry 33</name>
                <styleUrl>#modifiedtelemetry</styleUrl>
                <TimeSpan>
                  <begin>2026-10-03T18:38:34.397137+00:00</begin>
                  <end>2026-10-03T18:38:35.397137+00:00</end>
                </TimeSpan>
                <Point>
                  <coordinates>-80.5766634,37.1962096,0</coordinates>
                </Point>
              </Placemark>
              <Placemark>
                <name>Telemetry 34</name>
                <styleUrl>#modifiedtelemetry</styleUrl>
                <TimeSpan>
                  <begin>2026-10-03T18:38:35.397137+00:00</begin>
                  <end>2026-10-03T18:38:36.397137+00:00</end>
                </TimeSpan>
                <Point>
                  <coordinates>-80.5767707,37.1961284,0</coordinates>
                </Point>
              </Placemark>
              <Placemark>
                <name>Telemetry 35</name>
                <styleUrl>#modifiedtelemetry</styleUrl>
                <TimeSpan>
                  <begin>2026-10-03T18:38:36.397137+00:00</begin>
                  <end>2026-10-03T18:38:37.397137+00:00</end>
                </TimeSpan>
                <Point>
                  <coordinates>-80.5768887,37.1960493,0</coordinates>
                </Point>
              </Placemark>
              <Placemark>
                <name>Telemetry 36</name>
                <styleUrl>#modifiedtelemetry</styleUrl>
                <TimeSpan>
                  <begin>2026-10-03T18:38:37.397137+00:00</begin>
                  <end>2026-10-03T18:38:38.397137+00:00</end>
                </TimeSpan>
                <Point>
                  <coordinates>-80.5770684,37.1959745,0</coordinates>
                </Point>
              </Placemark>
              <Placemark>
                <name>Telemetry 37</name>
                <styleUrl>#modifiedtelemetry</styleUrl>
                <TimeSpan>
                  <begin>2026-10-03T18:38:38.397137+00:00</begin>
                  <end>2026-10-03T18:38:39.397137+00:00</end>
                </TimeSpan>
                <Point>
                  <coordinates>-80.5771757,37.19596070000001,0</coordinates>
                </Point>
              </Placemark>
              <Placemark>
                <name>Telemetry 38</name>
                <styleUrl>#modifiedtelemetry</styleUrl>
                <TimeSpan>
                  <begin>2026-10-03T18:38:39.397137+00:00</begin>
                  <end>2026-10-03T18:38:40.397137+00:00</end>
                </TimeSpan>
                <Point>
                  <coordinates>-80.5772937,37.19598200000001,0</coordinates>
                </Point>
              </Placemark>
              <Placemark>
                <name>Telemetry 39</name>
                <styleUrl>#modifiedtelemetry</styleUrl>
                <TimeSpan>
                  <begin>2026-10-03T18:38:40.397137+00:00</begin>
                  <end>2026-10-03T18:38:41.397137+00:00</end>
                </TimeSpan>
                <Point>
                  <coordinates>-80.5773326,37.1960942,0</coordinates>
                </Point>
              </Placemark>
              <Placemark>
                <name>Telemetry 40</name>
                <styleUrl>#modifiedtelemetry</styleUrl>
                <TimeSpan>
                  <begin>2026-10-03T18:38:41.397137+00:00</begin>
                  <end>2026-10-03T18:38:42.397137+00:00</end>
                </TimeSpan>
                <Point>
                  <coordinates>-80.577283,37.19619780000001,0</coordinates>
                </Point>
              </Placemark>
              <Placemark>
                <name>Telemetry 41</name>
                <styleUrl>#modifiedtelemetry</styleUrl>
                <TimeSpan>
                  <begin>2026-10-03T18:38:42.397137+00:00</begin>
                  <end>2026-10-03T18:38:43.397137+00:00</end>
                </TimeSpan>
                <Point>
                  <coordinates>-80.5772602,37.1963495,0</coordinates>
                </Point>
              </Placemark>
              <Placemark>
                <name>Telemetry 42</name>
                <styleUrl>#modifiedtelemetry</styleUrl>
                <TimeSpan>
                  <begin>2026-10-03T18:38:43.397137+00:00</begin>
                  <end>2026-10-03T18:38:44.397137+00:00</end>
                </TimeSpan>
                <Point>
                  <coordinates>-80.5772817,37.1964692,0</coordinates>
                </Point>
              </Placemark>
              <Placemark>
                <name>Telemetry 43</name>
                <styleUrl>#modifiedtelemetry</styleUrl>
                <TimeSpan>
                  <begin>2026-10-03T18:38:44.397137+00:00</begin>
                  <end>2026-10-03T18:38:45.397137+00:00</end>
                </TimeSpan>
                <Point>
                  <coordinates>-80.5773863,37.1965546,0</coordinates>
                </Point>
              </Placemark>
              <Placemark>
                <name>Telemetry 44</name>
                <styleUrl>#modifiedtelemetry</styleUrl>
                <TimeSpan>
                  <begin>2026-10-03T18:38:45.397137+00:00</begin>
                  <end>2026-10-03T18:38:46.397137+00:00</end>
                </TimeSpan>
                <Point>
                  <coordinates>-80.5775406,37.1965589,0</coordinates>
                </Point>
              </Placemark>
              <Placemark>
                <name>Telemetry 45</name>
                <styleUrl>#modifiedtelemetry</styleUrl>
                <TimeSpan>
                  <begin>2026-10-03T18:38:46.397137+00:00</begin>
                  <end>2026-10-03T18:38:47.397137+00:00</end>
                </TimeSpan>
                <Point>
                  <coordinates>-80.57763850000002,37.1965782,0</coordinates>
                </Point>
              </Placemark>
              <Placemark>
                <name>Telemetry 46</name>
                <styleUrl>#modifiedtelemetry</styleUrl>
                <TimeSpan>
                  <begin>2026-10-03T18:38:47.397137+00:00</begin>
                  <end>2026-10-03T18:38:48.397137+00:00</end>
                </TimeSpan>
                <Point>
                  <coordinates>-80.57763850000002,37.1966679,0</coordinates>
                </Point>
              </Placemark>
              <Placemark>
                <name>Telemetry 47</name>
                <styleUrl>#modifiedtelemetry</styleUrl>
                <TimeSpan>
                  <begin>2026-10-03T18:38:48.397137+00:00</begin>
                  <end>2026-10-03T18:38:49.397137+00:00</end>
                </TimeSpan>
                <Point>
                  <coordinates>-80.5775473,37.1967074,0</coordinates>
                </Point>
              </Placemark>
              <Placemark>
                <name>Telemetry 48</name>
                <styleUrl>#modifiedtelemetry</styleUrl>
                <TimeSpan>
                  <begin>2026-10-03T18:38:49.397137+00:00</begin>
                  <end>2026-10-03T18:38:50.397137+00:00</end>
                </TimeSpan>
                <Point>
                  <coordinates>-80.5773823,37.1966967,0</coordinates>
                </Point>
              </Placemark>
              <Placemark>
                <name>Telemetry 49</name>
                <styleUrl>#modifiedtelemetry</styleUrl>
                <TimeSpan>
                  <begin>2026-10-03T18:38:50.397137+00:00</begin>
                  <end>2026-10-03T18:38:51.397137+00:00</end>
                </TimeSpan>
                <Point>
                  <coordinates>-80.5773421,37.1966241,0</coordinates>
                </Point>
              </Placemark>
              <Placemark>
                <name>Telemetry 50</name>
                <styleUrl>#modifiedtelemetry</styleUrl>
                <TimeSpan>
                  <begin>2026-10-03T18:38:51.397137+00:00</begin>
                  <end>2026-10-03T18:38:52.397137+00:00</end>
                </TimeSpan>
                <Point>
                  <coordinates>-80.5773005,37.196528,0</coordinates>
                </Point>
              </Placemark>
              <Placemark>
                <name>Telemetry 51</name>
                <styleUrl>#modifiedtelemetry</styleUrl>
                <TimeSpan>
                  <begin>2026-10-03T18:38:52.397137+00:00</begin>
                  <end>2026-10-03T18:38:53.397137+00:00</end>
                </TimeSpan>
                <Point>
                  <coordinates>-80.5771557,37.1965055,0</coordinates>
                </Point>
              </Placemark>
              <Placemark>
                <name>Telemetry 52</name>
                <styleUrl>#modifiedtelemetry</styleUrl>
                <TimeSpan>
                  <begin>2026-10-03T18:38:53.397137+00:00</begin>
                  <end>2026-10-03T18:38:54.397137+00:00</end>
                </TimeSpan>
                <Point>
                  <coordinates>-80.5770457,37.19654400000001,0</coordinates>
                </Point>
              </Placemark>
              <Placemark>
                <name>Telemetry 53</name>
                <styleUrl>#modifiedtelemetry</styleUrl>
                <TimeSpan>
                  <begin>2026-10-03T18:38:54.397137+00:00</begin>
                  <end>2026-10-03T18:38:55.397137+00:00</end>
                </TimeSpan>
                <Point>
                  <coordinates>-80.5768834,37.19654500000001,0</coordinates>
                </Point>
              </Placemark>
              <Placemark>
                <name>Telemetry 54</name>
                <styleUrl>#modifiedtelemetry</styleUrl>
                <TimeSpan>
                  <begin>2026-10-03T18:38:55.397137+00:00</begin>
                  <end>2026-10-03T18:38:56.397137+00:00</end>
                </TimeSpan>
                <Point>
                  <coordinates>-80.5767869,37.1964831,0</coordinates>
                </Point>
              </Placemark>
              <Placemark>
                <name>Telemetry 55</name>
                <styleUrl>#modifiedtelemetry</styleUrl>
                <TimeSpan>
                  <begin>2026-10-03T18:38:56.397137+00:00</begin>
                  <end>2026-10-03T18:38:57.397137+00:00</end>
                </TimeSpan>
                <Point>
                  <coordinates>-80.5767547,37.1964083,0</coordinates>
                </Point>
              </Placemark>
              <Placemark>
                <name>Telemetry 56</name>
                <styleUrl>#modifiedtelemetry</styleUrl>
                <TimeSpan>
                  <begin>2026-10-03T18:38:57.397137+00:00</begin>
                  <end>2026-10-03T18:38:58.397137+00:00</end>
                </TimeSpan>
                <Point>
                  <coordinates>-80.5767587,37.1963228,0</coordinates>
                </Point>
              </Placemark>
              <Placemark>
                <name>Telemetry 57</name>
                <styleUrl>#modifiedtelemetry</styleUrl>
                <TimeSpan>
                  <begin>2026-10-03T18:38:58.397137+00:00</begin>
                  <end>2026-10-03T18:38:59.397137+00:00</end>
                </TimeSpan>
                <Point>
                  <coordinates>-80.5767587,37.1961893,0</coordinates>
                </Point>
              </Placemark>
              <Placemark>
                <name>Telemetry 58</name>
                <styleUrl>#modifiedtelemetry</styleUrl>
                <TimeSpan>
                  <begin>2026-10-03T18:38:59.397137+00:00</begin>
                  <end>2026-10-03T18:39:00.397137+00:00</end>
                </TimeSpan>
                <Point>
                  <coordinates>-80.5766836,37.1961348,0</coordinates>
                </Point>
              </Placemark>
              <Placemark>
                <name>Telemetry 59</name>
                <styleUrl>#modifiedtelemetry</styleUrl>
                <TimeSpan>
                  <begin>2026-10-03T18:39:00.397137+00:00</begin>
                  <end>2026-10-03T18:39:01.397137+00:00</end>
                </TimeSpan>
                <Point>
                  <coordinates>-80.5766836,37.1960205,0</coordinates>
                </Point>
              </Placemark>
              <Placemark>
                <name>Telemetry 60</name>
                <styleUrl>#modifiedtelemetry</styleUrl>
                <TimeSpan>
                  <begin>2026-10-03T18:39:01.397137+00:00</begin>
                  <end>2026-10-03T18:39:02.397137+00:00</end>
                </TimeSpan>
                <Point>
                  <coordinates>-80.5767896,37.1960077,0</coordinates>
                </Point>
              </Placemark>
              <Placemark>
                <name>Telemetry 61</name>
                <styleUrl>#modifiedtelemetry</styleUrl>
                <TimeSpan>
                  <begin>2026-10-03T18:39:02.397137+00:00</begin>
                  <end>2026-10-03T18:39:03.397137+00:00</end>
                </TimeSpan>
                <Point>
                  <coordinates>-80.5769277,37.1959671,0</coordinates>
                </Point>
              </Placemark>
              <Placemark>
                <name>Telemetry 62</name>
                <styleUrl>#modifiedtelemetry</styleUrl>
                <TimeSpan>
                  <begin>2026-10-03T18:39:03.397137+00:00</begin>
                  <end>2026-10-03T18:39:04.397137+00:00</end>
                </TimeSpan>
                <Point>
                  <coordinates>-80.5770806,37.1959051,0</coordinates>
                </Point>
              </Placemark>
              <Placemark>
                <name>Telemetry 63</name>
                <styleUrl>#modifiedtelemetry</styleUrl>
                <TimeSpan>
                  <begin>2026-10-03T18:39:04.397137+00:00</begin>
                  <end>2026-10-03T18:39:05.397137+00:00</end>
                </TimeSpan>
                <Point>
                  <coordinates>-80.5771999,37.195896600000005,0</coordinates>
                </Point>
              </Placemark>
            </Folder>
          </Folder>
        </Folder>
        <Folder>
          <name>Service Provider polling</name>
        </Folder>
        <Folder>
          <name>Service Provider polling</name>
        </Folder>
        <Folder>
          <name>Service Provider polling</name>
        </Folder>
        <Folder>
          <name>Service Provider polling</name>
        </Folder>
        <Folder>
          <name>Service Provider polling</name>
        </Folder>
        <Folder>
          <name>Verify operator notification</name>
        </Folder>
        <Folder>
          <name>Intermediate cleanup</name>
        </Folder>
        <Folder>
          <name>Retrieve pre-existing operator notification</name>
        </Folder>
        <Folder>
          <name>Injection</name>
          <Folder>
            <name>E144: uss1 interuss.automated_testing.rid.v1.injection.createTest</name>
            <Folder>
              <name>Test flight ef526618-9923-4574-b7a1-e407a8144f57</name>
              <Placemark>
                <name>Telemetry 0</name>
                <styleUrl>#modifiedtelemetry</styleUrl>
                <TimeSpan>
                  <begin>2026-10-03T18:38:11.996990+00:00</begin>
                  <end>2026-10-03T18:38:12.996990+00:00</end>
                </TimeSpan>
                <Point>
                  <coordinates>-80.57798081614081,37.197059404721635,0</coordinates>
                </Point>
              </Placemark>
              <Placemark>
                <name>Telemetry 1</name>
                <styleUrl>#modifiedtelemetry</styleUrl>
                <TimeSpan>
                  <begin>2026-10-03T18:38:12.996990+00:00</begin>
                  <end>2026-10-03T18:38:13.996990+00:00</end>
                </TimeSpan>
                <Point>
                  <coordinates>-80.57798798375362,37.197016214133484,0</coordinates>
                </Point>
              </Placemark>
              <Placemark>
                <name>Telemetry 2</name>
                <styleUrl>#modifiedtelemetry</styleUrl>
                <TimeSpan>
                  <begin>2026-10-03T18:38:13.996990+00:00</begin>
                  <end>2026-10-03T18:38:14.996990+00:00</end>
                </TimeSpan>
                <Point>
                  <coordinates>-80.57800212690604,37.196972734164305,0</coordinates>
                </Point>
              </Placemark>
              <Placemark>
                <name>Telemetry 3</name>
                <styleUrl>#modifiedtelemetry</styleUrl>
                <TimeSpan>
                  <begin>2026-10-03T18:38:14.996990+00:00</begin>
                  <end>2026-10-03T18:38:15.996990+00:00</end>
                </TimeSpan>
                <Point>
                  <coordinates>-80.57802342452034,37.196931703788785,0</coordinates>
                </Point>
              </Placemark>
              <Placemark>
                <name>Telemetry 4</name>
                <styleUrl>#modifiedtelemetry</styleUrl>
                <TimeSpan>
                  <begin>2026-10-03T18:38:15.996990+00:00</begin>
                  <end>2026-10-03T18:38:16.996990+00:00</end>
                </TimeSpan>
                <Point>
                  <coordinates>-80.57805344862881,37.19689368575391,0</coordinates>
                </Point>
              </Placemark>
              <Placemark>
                <name>Telemetry 5</name>
                <styleUrl>#modifiedtelemetry</styleUrl>
                <TimeSpan>
                  <begin>2026-10-03T18:38:16.996990+00:00</begin>
                  <end>2026-10-03T18:38:17.996990+00:00</end>
                </TimeSpan>
                <Point>
                  <coordinates>-80.57808720822365,37.19685213076737,0</coordinates>
                </Point>
              </Placemark>
              <Placemark>
                <name>Telemetry 6</name>
                <styleUrl>#modifiedtelemetry</styleUrl>
                <TimeSpan>
                  <begin>2026-10-03T18:38:17.996990+00:00</begin>
                  <end>2026-10-03T18:38:18.996990+00:00</end>
                </TimeSpan>
                <Point>
                  <coordinates>-80.57811722777369,37.19680923519623,0</coordinates>
                </Point>
              </Placemark>
              <Placemark>
                <name>Telemetry 7</name>
                <styleUrl>#modifiedtelemetry</styleUrl>
                <TimeSpan>
                  <begin>2026-10-03T18:38:18.996990+00:00</begin>
                  <end>2026-10-03T18:38:19.996990+00:00</end>
                </TimeSpan>
                <Point>
                  <coordinates>-80.5781323958596,37.1967658046547,0</coordinates>
                </Point>
              </Placemark>
              <Placemark>
                <name>Telemetry 8</name>
                <styleUrl>#modifiedtelemetry</styleUrl>
                <TimeSpan>
                  <begin>2026-10-03T18:38:19.996990+00:00</begin>
                  <end>2026-10-03T18:38:20.996990+00:00</end>
                </TimeSpan>
                <Point>
                  <coordinates>-80.57814392771789,37.19670166260832,0</coordinates>
                </Point>
              </Placemark>
              <Placemark>
                <name>Telemetry 9</name>
                <styleUrl>#modifiedtelemetry</styleUrl>
                <TimeSpan>
                  <begin>2026-10-03T18:38:20.996990+00:00</begin>
                  <end>2026-10-03T18:38:21.996990+00:00</end>
                </TimeSpan>
                <Point>
                  <coordinates>-80.57812974002694,37.19663489860375,0</coordinates>
                </Point>
              </Placemark>
              <Placemark>
                <name>Telemetry 10</name>
                <styleUrl>#modifiedtelemetry</styleUrl>
                <TimeSpan>
                  <begin>2026-10-03T18:38:21.996990+00:00</begin>
                  <end>2026-10-03T18:38:22.996990+00:00</end>
                </TimeSpan>
                <Point>
                  <coordinates>-80.57808680009781,37.19657292090538,0</coordinates>
                </Point>
              </Placemark>
              <Placemark>
                <name>Telemetry 11</name>
                <styleUrl>#modifiedtelemetry</styleUrl>
                <TimeSpan>
                  <begin>2026-10-03T18:38:22.996990+00:00</begin>
                  <end>2026-10-03T18:38:23.996990+00:00</end>
                </TimeSpan>
                <Point>
                  <coordinates>-80.57801685035301,37.19652877181478,0</coordinates>
                </Point>
              </Placemark>
              <Placemark>
                <name>Telemetry 12</name>
                <styleUrl>#modifiedtelemetry</styleUrl>
                <TimeSpan>
                  <begin>2026-10-03T18:38:23.996990+00:00</begin>
                  <end>2026-10-03T18:38:24.996990+00:00</end>
                </TimeSpan>
                <Point>
                  <coordinates>-80.57795541973255,37.19650790849303,0</coordinates>
                </Point>
              </Placemark>
              <Placemark>
                <name>Telemetry 13</name>
                <styleUrl>#modifiedtelemetry</styleUrl>
                <TimeSpan>
                  <begin>2026-10-03T18:38:24.996990+00:00</begin>
                  <end>2026-10-03T18:38:25.996990+00:00</end>
                </TimeSpan>
                <Point>
                  <coordinates>-80.57779490248247,37.19643592110631,0</coordinates>
                </Point>
              </Placemark>
              <Placemark>
                <name>Telemetry 14</name>
                <styleUrl>#modifiedtelemetry</styleUrl>
                <TimeSpan>
                  <begin>2026-10-03T18:38:25.996990+00:00</begin>
                  <end>2026-10-03T18:38:26.996990+00:00</end>
                </TimeSpan>
                <Point>
                  <coordinates>-80.57771381708879,37.19639543761661,0</coordinates>
                </Point>
              </Placemark>
              <Placemark>
                <name>Telemetry 15</name>
                <styleUrl>#modifiedtelemetry</styleUrl>
                <TimeSpan>
                  <begin>2026-10-03T18:38:26.996990+00:00</begin>
                  <end>2026-10-03T18:38:27.996990+00:00</end>
                </TimeSpan>
                <Point>
                  <coordinates>-80.5776456115435,37.19635960981006,0</coordinates>
                </Point>
              </Placemark>
              <Placemark>
                <name>Telemetry 16</name>
                <styleUrl>#modifiedtelemetry</styleUrl>
                <TimeSpan>
                  <begin>2026-10-03T18:38:27.996990+00:00</begin>
                  <end>2026-10-03T18:38:28.996990+00:00</end>
                </TimeSpan>
                <Point>
                  <coordinates>-80.57757190904874,37.19632841915715,0</coordinates>
                </Point>
              </Placemark>
              <Placemark>
                <name>Telemetry 17</name>
                <styleUrl>#modifiedtelemetry</styleUrl>
                <TimeSpan>
                  <begin>2026-10-03T18:38:28.996990+00:00</begin>
                  <end>2026-10-03T18:38:29.996990+00:00</end>
                </TimeSpan>
                <Point>
                  <coordinates>-80.57751114071674,37.19631735230622,0</coordinates>
                </Point>
              </Placemark>
              <Placemark>
                <name>Telemetry 18</name>
                <styleUrl>#modifiedtelemetry</styleUrl>
                <TimeSpan>
                  <begin>2026-10-03T18:38:29.996990+00:00</begin>
                  <end>2026-10-03T18:38:30.996990+00:00</end>
                </TimeSpan>
                <Point>
                  <coordinates>-80.57742677046657,37.19631370494702,0</coordinates>
                </Point>
              </Placemark>
              <Placemark>
                <name>Telemetry 19</name>
                <styleUrl>#modifiedtelemetry</styleUrl>
                <TimeSpan>
                  <begin>2026-10-03T18:38:30.996990+00:00</begin>
                  <end>2026-10-03T18:38:31.996990+00:00</end>
                </TimeSpan>
                <Point>
                  <coordinates>-80.5773706,37.1963054,0</coordinates>
                </Point>
              </Placemark>
              <Placemark>
                <name>Telemetry 20</name>
                <styleUrl>#modifiedtelemetry</styleUrl>
                <TimeSpan>
                  <begin>2026-10-03T18:38:31.996990+00:00</begin>
                  <end>2026-10-03T18:38:32.996990+00:00</end>
                </TimeSpan>
                <Point>
                  <coordinates>-80.5771453,37.1963577,0</coordinates>
                </Point>
              </Placemark>
              <Placemark>
                <name>Telemetry 21</name>
                <styleUrl>#modifiedtelemetry</styleUrl>
                <TimeSpan>
                  <begin>2026-10-03T18:38:32.996990+00:00</begin>
                  <end>2026-10-03T18:38:33.996990+00:00</end>
                </TimeSpan>
                <Point>
                  <coordinates>-80.5771265,37.1965735,0</coordinates>
                </Point>
              </Placemark>
              <Placemark>
                <name>Telemetry 22</name>
                <styleUrl>#modifiedtelemetry</styleUrl>
                <TimeSpan>
                  <begin>2026-10-03T18:38:33.996990+00:00</begin>
                  <end>2026-10-03T18:38:34.996990+00:00</end>
                </TimeSpan>
                <Point>
                  <coordinates>-80.57744590087025,37.19665029738701,0</coordinates>
                </Point>
              </Placemark>
              <Placemark>
                <name>Telemetry 23</name>
                <styleUrl>#modifiedtelemetry</styleUrl>
                <TimeSpan>
                  <begin>2026-10-03T18:38:34.996990+00:00</begin>
                  <end>2026-10-03T18:38:35.996990+00:00</end>
                </TimeSpan>
                <Point>
                  <coordinates>-80.5776442,37.1966013,0</coordinates>
                </Point>
              </Placemark>
              <Placemark>
                <name>Telemetry 24</name>
                <styleUrl>#modifiedtelemetry</styleUrl>
                <TimeSpan>
                  <begin>2026-10-03T18:38:35.996990+00:00</begin>
                  <end>2026-10-03T18:38:36.996990+00:00</end>
                </TimeSpan>
                <Point>
                  <coordinates>-80.57776806176655,37.1964375298218,0</coordinates>
                </Point>
              </Placemark>
              <Placemark>
                <name>Telemetry 25</name>
                <styleUrl>#modifiedtelemetry</styleUrl>
                <TimeSpan>
                  <begin>2026-10-03T18:38:36.996990+00:00</begin>
                  <end>2026-10-03T18:38:37.996990+00:00</end>
                </TimeSpan>
                <Point>
                  <coordinates>-80.57784172323511,37.1962376762061,0</coordinates>
                </Point>
              </Placemark>
              <Placemark>
                <name>Telemetry 26</name>
                <styleUrl>#modifiedtelemetry</styleUrl>
                <TimeSpan>
                  <begin>2026-10-03T18:38:37.996990+00:00</begin>
                  <end>2026-10-03T18:38:38.996990+00:00</end>
                </TimeSpan>
                <Point>
                  <coordinates>-80.5777311,37.1960563,0</coordinates>
                </Point>
              </Placemark>
              <Placemark>
                <name>Telemetry 27</name>
                <styleUrl>#modifiedtelemetry</styleUrl>
                <TimeSpan>
                  <begin>2026-10-03T18:38:38.996990+00:00</begin>
                  <end>2026-10-03T18:38:39.996990+00:00</end>
                </TimeSpan>
                <Point>
                  <coordinates>-80.57739321491916,37.19605837098315,0</coordinates>
                </Point>
              </Placemark>
              <Placemark>
                <name>Telemetry 28</name>
                <styleUrl>#modifiedtelemetry</styleUrl>
                <TimeSpan>
                  <begin>2026-10-03T18:38:39.996990+00:00</begin>
                  <end>2026-10-03T18:38:40.996990+00:00</end>
                </TimeSpan>
                <Point>
                  <coordinates>-80.5771357,37.1961151,0</coordinates>
                </Point>
              </Placemark>
              <Placemark>
                <name>Telemetry 29</name>
                <styleUrl>#modifiedtelemetry</styleUrl>
                <TimeSpan>
                  <begin>2026-10-03T18:38:40.996990+00:00</begin>
                  <end>2026-10-03T18:38:41.996990+00:00</end>
                </TimeSpan>
                <Point>
                  <coordinates>-80.5769627,37.1962283,0</coordinates>
                </Point>
              </Placemark>
              <Placemark>
                <name>Telemetry 30</name>
                <styleUrl>#modifiedtelemetry</styleUrl>
                <TimeSpan>
                  <begin>2026-10-03T18:38:41.996990+00:00</begin>
                  <end>2026-10-03T18:38:42.996990+00:00</end>
                </TimeSpan>
                <Point>
                  <coordinates>-80.5769184,37.1963885,0</coordinates>
                </Point>
              </Placemark>
              <Placemark>
                <name>Telemetry 31</name>
                <styleUrl>#modifiedtelemetry</styleUrl>
                <TimeSpan>
                  <begin>2026-10-03T18:38:42.996990+00:00</begin>
                  <end>2026-10-03T18:38:43.996990+00:00</end>
                </TimeSpan>
                <Point>
                  <coordinates>-80.5767347,37.1964356,0</coordinates>
                </Point>
              </Placemark>
              <Placemark>
                <name>Telemetry 32</name>
                <styleUrl>#modifiedtelemetry</styleUrl>
                <TimeSpan>
                  <begin>2026-10-03T18:38:43.996990+00:00</begin>
                  <end>2026-10-03T18:38:44.996990+00:00</end>
                </TimeSpan>
                <Point>
                  <coordinates>-80.5766366,37.1963538,0</coordinates>
                </Point>
              </Placemark>
              <Placemark>
                <name>Telemetry 33</name>
                <styleUrl>#modifiedtelemetry</styleUrl>
                <TimeSpan>
                  <begin>2026-10-03T18:38:44.996990+00:00</begin>
                  <end>2026-10-03T18:38:45.996990+00:00</end>
                </TimeSpan>
                <Point>
                  <coordinates>-80.5766634,37.1962096,0</coordinates>
                </Point>
              </Placemark>
              <Placemark>
                <name>Telemetry 34</name>
                <styleUrl>#modifiedtelemetry</styleUrl>
                <TimeSpan>
                  <begin>2026-10-03T18:38:45.996990+00:00</begin>
                  <end>2026-10-03T18:38:46.996990+00:00</end>
                </TimeSpan>
                <Point>
                  <coordinates>-80.5767707,37.1961284,0</coordinates>
                </Point>
              </Placemark>
              <Placemark>
                <name>Telemetry 35</name>
                <styleUrl>#modifiedtelemetry</styleUrl>
                <TimeSpan>
                  <begin>2026-10-03T18:38:46.996990+00:00</begin>
                  <end>2026-10-03T18:38:47.996990+00:00</end>
                </TimeSpan>
                <Point>
                  <coordinates>-80.5768887,37.1960493,0</coordinates>
                </Point>
              </Placemark>
              <Placemark>
                <name>Telemetry 36</name>
                <styleUrl>#modifiedtelemetry</styleUrl>
                <TimeSpan>
                  <begin>2026-10-03T18:38:47.996990+00:00</begin>
                  <end>2026-10-03T18:38:48.996990+00:00</end>
                </TimeSpan>
                <Point>
                  <coordinates>-80.5770684,37.1959745,0</coordinates>
                </Point>
              </Placemark>
              <Placemark>
                <name>Telemetry 37</name>
                <styleUrl>#modifiedtelemetry</styleUrl>
                <TimeSpan>
                  <begin>2026-10-03T18:38:48.996990+00:00</begin>
                  <end>2026-10-03T18:38:49.996990+00:00</end>
                </TimeSpan>
                <Point>
                  <coordinates>-80.5771757,37.19596070000001,0</coordinates>
                </Point>
              </Placemark>
              <Placemark>
                <name>Telemetry 38</name>
                <styleUrl>#modifiedtelemetry</styleUrl>
                <TimeSpan>
                  <begin>2026-10-03T18:38:49.996990+00:00</begin>
                  <end>2026-10-03T18:38:50.996990+00:00</end>
                </TimeSpan>
                <Point>
                  <coordinates>-80.5772937,37.19598200000001,0</coordinates>
                </Point>
              </Placemark>
              <Placemark>
                <name>Telemetry 39</name>
                <styleUrl>#modifiedtelemetry</styleUrl>
                <TimeSpan>
                  <begin>2026-10-03T18:38:50.996990+00:00</begin>
                  <end>2026-10-03T18:38:51.996990+00:00</end>
                </TimeSpan>
                <Point>
                  <coordinates>-80.5773326,37.1960942,0</coordinates>
                </Point>
              </Placemark>
              <Placemark>
                <name>Telemetry 40</name>
                <styleUrl>#modifiedtelemetry</styleUrl>
                <TimeSpan>
                  <begin>2026-10-03T18:38:51.996990+00:00</begin>
                  <end>2026-10-03T18:38:52.996990+00:00</end>
                </TimeSpan>
                <Point>
                  <coordinates>-80.577283,37.19619780000001,0</coordinates>
                </Point>
              </Placemark>
              <Placemark>
                <name>Telemetry 41</name>
                <styleUrl>#modifiedtelemetry</styleUrl>
                <TimeSpan>
                  <begin>2026-10-03T18:38:52.996990+00:00</begin>
                  <end>2026-10-03T18:38:53.996990+00:00</end>
                </TimeSpan>
                <Point>
                  <coordinates>-80.5772602,37.1963495,0</coordinates>
                </Point>
              </Placemark>
              <Placemark>
                <name>Telemetry 42</name>
                <styleUrl>#modifiedtelemetry</styleUrl>
                <TimeSpan>
                  <begin>2026-10-03T18:38:53.996990+00:00</begin>
                  <end>2026-10-03T18:38:54.996990+00:00</end>
                </TimeSpan>
                <Point>
                  <coordinates>-80.5772817,37.1964692,0</coordinates>
                </Point>
              </Placemark>
              <Placemark>
                <name>Telemetry 43</name>
                <styleUrl>#modifiedtelemetry</styleUrl>
                <TimeSpan>
                  <begin>2026-10-03T18:38:54.996990+00:00</begin>
                  <end>2026-10-03T18:38:55.996990+00:00</end>
                </TimeSpan>
                <Point>
                  <coordinates>-80.5773863,37.1965546,0</coordinates>
                </Point>
              </Placemark>
              <Placemark>
                <name>Telemetry 44</name>
                <styleUrl>#modifiedtelemetry</styleUrl>
                <TimeSpan>
                  <begin>2026-10-03T18:38:55.996990+00:00</begin>
                  <end>2026-10-03T18:38:56.996990+00:00</end>
                </TimeSpan>
                <Point>
                  <coordinates>-80.5775406,37.1965589,0</coordinates>
                </Point>
              </Placemark>
              <Placemark>
                <name>Telemetry 45</name>
                <styleUrl>#modifiedtelemetry</styleUrl>
                <TimeSpan>
                  <begin>2026-10-03T18:38:56.996990+00:00</begin>
                  <end>2026-10-03T18:38:57.996990+00:00</end>
                </TimeSpan>
                <Point>
                  <coordinates>-80.57763850000002,37.1965782,0</coordinates>
                </Point>
              </Placemark>
              <Placemark>
                <name>Telemetry 46</name>
                <styleUrl>#modifiedtelemetry</styleUrl>
                <TimeSpan>
                  <begin>2026-10-03T18:38:57.996990+00:00</begin>
                  <end>2026-10-03T18:38:58.996990+00:00</end>
                </TimeSpan>
                <Point>
                  <coordinates>-80.57763850000002,37.1966679,0</coordinates>
                </Point>
              </Placemark>
              <Placemark>
                <name>Telemetry 47</name>
                <styleUrl>#modifiedtelemetry</styleUrl>
                <TimeSpan>
                  <begin>2026-10-03T18:38:58.996990+00:00</begin>
                  <end>2026-10-03T18:38:59.996990+00:00</end>
                </TimeSpan>
                <Point>
                  <coordinates>-80.5775473,37.1967074,0</coordinates>
                </Point>
              </Placemark>
              <Placemark>
                <name>Telemetry 48</name>
                <styleUrl>#modifiedtelemetry</styleUrl>
                <TimeSpan>
                  <begin>2026-10-03T18:38:59.996990+00:00</begin>
                  <end>2026-10-03T18:39:00.996990+00:00</end>
                </TimeSpan>
                <Point>
                  <coordinates>-80.5773823,37.1966967,0</coordinates>
                </Point>
              </Placemark>
              <Placemark>
                <name>Telemetry 49</name>
                <styleUrl>#modifiedtelemetry</styleUrl>
                <TimeSpan>
                  <begin>2026-10-03T18:39:00.996990+00:00</begin>
                  <end>2026-10-03T18:39:01.996990+00:00</end>
                </TimeSpan>
                <Point>
                  <coordinates>-80.5773421,37.1966241,0</coordinates>
                </Point>
              </Placemark>
              <Placemark>
                <name>Telemetry 50</name>
                <styleUrl>#modifiedtelemetry</styleUrl>
                <TimeSpan>
                  <begin>2026-10-03T18:39:01.996990+00:00</begin>
                  <end>2026-10-03T18:39:02.996990+00:00</end>
                </TimeSpan>
                <Point>
                  <coordinates>-80.5773005,37.196528,0</coordinates>
                </Point>
              </Placemark>
              <Placemark>
                <name>Telemetry 51</name>
                <styleUrl>#modifiedtelemetry</styleUrl>
                <TimeSpan>
                  <begin>2026-10-03T18:39:02.996990+00:00</begin>
                  <end>2026-10-03T18:39:03.996990+00:00</end>
                </TimeSpan>
                <Point>
                  <coordinates>-80.5771557,37.1965055,0</coordinates>
                </Point>
              </Placemark>
              <Placemark>
                <name>Telemetry 52</name>
                <styleUrl>#modifiedtelemetry</styleUrl>
                <TimeSpan>
                  <begin>2026-10-03T18:39:03.996990+00:00</begin>
                  <end>2026-10-03T18:39:04.996990+00:00</end>
                </TimeSpan>
                <Point>
                  <coordinates>-80.5770457,37.19654400000001,0</coordinates>
                </Point>
              </Placemark>
              <Placemark>
                <name>Telemetry 53</name>
                <styleUrl>#modifiedtelemetry</styleUrl>
                <TimeSpan>
                  <begin>2026-10-03T18:39:04.996990+00:00</begin>
                  <end>2026-10-03T18:39:05.996990+00:00</end>
                </TimeSpan>
                <Point>
                  <coordinates>-80.5768834,37.19654500000001,0</coordinates>
                </Point>
              </Placemark>
              <Placemark>
                <name>Telemetry 54</name>
                <styleUrl>#modifiedtelemetry</styleUrl>
                <TimeSpan>
                  <begin>2026-10-03T18:39:05.996990+00:00</begin>
                  <end>2026-10-03T18:39:06.996990+00:00</end>
                </TimeSpan>
                <Point>
                  <coordinates>-80.5767869,37.1964831,0</coordinates>
                </Point>
              </Placemark>
              <Placemark>
                <name>Telemetry 55</name>
                <styleUrl>#modifiedtelemetry</styleUrl>
                <TimeSpan>
                  <begin>2026-10-03T18:39:06.996990+00:00</begin>
                  <end>2026-10-03T18:39:07.996990+00:00</end>
                </TimeSpan>
                <Point>
                  <coordinates>-80.5767547,37.1964083,0</coordinates>
                </Point>
              </Placemark>
              <Placemark>
                <name>Telemetry 56</name>
                <styleUrl>#modifiedtelemetry</styleUrl>
                <TimeSpan>
                  <begin>2026-10-03T18:39:07.996990+00:00</begin>
                  <end>2026-10-03T18:39:08.996990+00:00</end>
                </TimeSpan>
                <Point>
                  <coordinates>-80.5767587,37.1963228,0</coordinates>
                </Point>
              </Placemark>
              <Placemark>
                <name>Telemetry 57</name>
                <styleUrl>#modifiedtelemetry</styleUrl>
                <TimeSpan>
                  <begin>2026-10-03T18:39:08.996990+00:00</begin>
                  <end>2026-10-03T18:39:09.996990+00:00</end>
                </TimeSpan>
                <Point>
                  <coordinates>-80.5767587,37.1961893,0</coordinates>
                </Point>
              </Placemark>
              <Placemark>
                <name>Telemetry 58</name>
                <styleUrl>#modifiedtelemetry</styleUrl>
                <TimeSpan>
                  <begin>2026-10-03T18:39:09.996990+00:00</begin>
                  <end>2026-10-03T18:39:10.996990+00:00</end>
                </TimeSpan>
                <Point>
                  <coordinates>-80.5766836,37.1961348,0</coordinates>
                </Point>
              </Placemark>
              <Placemark>
                <name>Telemetry 59</name>
                <styleUrl>#modifiedtelemetry</styleUrl>
                <TimeSpan>
                  <begin>2026-10-03T18:39:10.996990+00:00</begin>
                  <end>2026-10-03T18:39:11.996990+00:00</end>
                </TimeSpan>
                <Point>
                  <coordinates>-80.5766836,37.1960205,0</coordinates>
                </Point>
              </Placemark>
              <Placemark>
                <name>Telemetry 60</name>
                <styleUrl>#modifiedtelemetry</styleUrl>
                <TimeSpan>
                  <begin>2026-10-03T18:39:11.996990+00:00</begin>
                  <end>2026-10-03T18:39:12.996990+00:00</end>
                </TimeSpan>
                <Point>
                  <coordinates>-80.5767896,37.1960077,0</coordinates>
                </Point>
              </Placemark>
              <Placemark>
                <name>Telemetry 61</name>
                <styleUrl>#modifiedtelemetry</styleUrl>
                <TimeSpan>
                  <begin>2026-10-03T18:39:12.996990+00:00</begin>
                  <end>2026-10-03T18:39:13.996990+00:00</end>
                </TimeSpan>
                <Point>
                  <coordinates>-80.5769277,37.1959671,0</coordinates>
                </Point>
              </Placemark>
              <Placemark>
                <name>Telemetry 62</name>
                <styleUrl>#modifiedtelemetry</styleUrl>
                <TimeSpan>
                  <begin>2026-10-03T18:39:13.996990+00:00</begin>
                  <end>2026-10-03T18:39:14.996990+00:00</end>
                </TimeSpan>
                <Point>
                  <coordinates>-80.5770806,37.1959051,0</coordinates>
                </Point>
              </Placemark>
              <Placemark>
                <name>Telemetry 63</name>
                <styleUrl>#modifiedtelemetry</styleUrl>
                <TimeSpan>
                  <begin>2026-10-03T18:39:14.996990+00:00</begin>
                  <end>2026-10-03T18:39:15.996990+00:00</end>
                </TimeSpan>
                <Point>
                  <coordinates>-80.5771999,37.195896600000005,0</coordinates>
                </Point>
              </Placemark>
            </Folder>
          </Folder>
        </Folder>
        <Folder>
          <name>Service Provider polling</name>
        </Folder>
        <Folder>
          <name>Service Provider polling</name>
        </Folder>
        <Folder>
          <name>Service Provider polling</name>
        </Folder>
        <Folder>
          <name>Service Provider polling</name>
        </Folder>
        <Folder>
          <name>Service Provider polling</name>
        </Folder>
        <Folder>
          <name>Verify operator notification</name>
        </Folder>
        <Folder>
          <name>Intermediate cleanup</name>
        </Folder>
        <Folder>
          <name>Retrieve pre-existing operator notification</name>
        </Folder>
        <Folder>
          <name>Injection</name>
          <Folder>
            <name>E164: uss1 interuss.automated_testing.rid.v1.injection.createTest</name>
            <Folder>
              <name>Test flight 3c6fc9ae-9795-4b79-9335-3e9f44a83a3b</name>
              <Placemark>
                <name>Telemetry 0</name>
                <styleUrl>#modifiedtelemetry</styleUrl>
                <TimeSpan>
                  <begin>2026-10-03T18:38:22.671560+00:00</begin>
                  <end>2026-10-03T18:38:23.671560+00:00</end>
                </TimeSpan>
                <Point>
                  <coordinates>-80.57798081614081,37.197059404721635,0</coordinates>
                </Point>
              </Placemark>
              <Placemark>
                <name>Telemetry 1</name>
                <styleUrl>#modifiedtelemetry</styleUrl>
                <TimeSpan>
                  <begin>2026-10-03T18:38:23.671560+00:00</begin>
                  <end>2026-10-03T18:38:24.671560+00:00</end>
                </TimeSpan>
                <Point>
                  <coordinates>-80.57798798375362,37.197016214133484,0</coordinates>
                </Point>
              </Placemark>
              <Placemark>
                <name>Telemetry 2</name>
                <styleUrl>#modifiedtelemetry</styleUrl>
                <TimeSpan>
                  <begin>2026-10-03T18:38:24.671560+00:00</begin>
                  <end>2026-10-03T18:38:25.671560+00:00</end>
                </TimeSpan>
                <Point>
                  <coordinates>-80.57800212690604,37.196972734164305,0</coordinates>
                </Point>
              </Placemark>
              <Placemark>
                <name>Telemetry 3</name>
                <styleUrl>#modifiedtelemetry</styleUrl>
                <TimeSpan>
                  <begin>2026-10-03T18:38:25.671560+00:00</begin>
                  <end>2026-10-03T18:38:26.671560+00:00</end>
                </TimeSpan>
                <Point>
                  <coordinates>-80.57802342452034,37.196931703788785,0</coordinates>
                </Point>
              </Placemark>
              <Placemark>
                <name>Telemetry 4</name>
                <styleUrl>#modifiedtelemetry</styleUrl>
                <TimeSpan>
                  <begin>2026-10-03T18:38:26.671560+00:00</begin>
                  <end>2026-10-03T18:38:27.671560+00:00</end>
                </TimeSpan>
                <Point>
                  <coordinates>-80.57805344862881,37.19689368575391,0</coordinates>
                </Point>
              </Placemark>
              <Placemark>
                <name>Telemetry 5</name>
                <styleUrl>#modifiedtelemetry</styleUrl>
                <TimeSpan>
                  <begin>2026-10-03T18:38:27.671560+00:00</begin>
                  <end>2026-10-03T18:38:28.671560+00:00</end>
                </TimeSpan>
                <Point>
                  <coordinates>-80.57808720822365,37.19685213076737,0</coordinates>
                </Point>
              </Placemark>
              <Placemark>
                <name>Telemetry 6</name>
                <styleUrl>#modifiedtelemetry</styleUrl>
                <TimeSpan>
                  <begin>2026-10-03T18:38:28.671560+00:00</begin>
                  <end>2026-10-03T18:38:29.671560+00:00</end>
                </TimeSpan>
                <Point>
                  <coordinates>-80.57811722777369,37.19680923519623,0</coordinates>
                </Point>
              </Placemark>
              <Placemark>
                <name>Telemetry 7</name>
                <styleUrl>#modifiedtelemetry</styleUrl>
                <TimeSpan>
                  <begin>2026-10-03T18:38:29.671560+00:00</begin>
                  <end>2026-10-03T18:38:30.671560+00:00</end>
                </TimeSpan>
                <Point>
                  <coordinates>-80.5781323958596,37.1967658046547,0</coordinates>
                </Point>
              </Placemark>
              <Placemark>
                <name>Telemetry 8</name>
                <styleUrl>#modifiedtelemetry</styleUrl>
                <TimeSpan>
                  <begin>2026-10-03T18:38:30.671560+00:00</begin>
                  <end>2026-10-03T18:38:31.671560+00:00</end>
                </TimeSpan>
                <Point>
                  <coordinates>-80.57814392771789,37.19670166260832,0</coordinates>
                </Point>
              </Placemark>
              <Placemark>
                <name>Telemetry 9</name>
                <styleUrl>#modifiedtelemetry</styleUrl>
                <TimeSpan>
                  <begin>2026-10-03T18:38:31.671560+00:00</begin>
                  <end>2026-10-03T18:38:32.671560+00:00</end>
                </TimeSpan>
                <Point>
                  <coordinates>-80.57812974002694,37.19663489860375,0</coordinates>
                </Point>
              </Placemark>
              <Placemark>
                <name>Telemetry 10</name>
                <styleUrl>#modifiedtelemetry</styleUrl>
                <TimeSpan>
                  <begin>2026-10-03T18:38:32.671560+00:00</begin>
                  <end>2026-10-03T18:38:33.671560+00:00</end>
                </TimeSpan>
                <Point>
                  <coordinates>-80.57808680009781,37.19657292090538,0</coordinates>
                </Point>
              </Placemark>
              <Placemark>
                <name>Telemetry 11</name>
                <styleUrl>#modifiedtelemetry</styleUrl>
                <TimeSpan>
                  <begin>2026-10-03T18:38:33.671560+00:00</begin>
                  <end>2026-10-03T18:38:34.671560+00:00</end>
                </TimeSpan>
                <Point>
                  <coordinates>-80.57801685035301,37.19652877181478,0</coordinates>
                </Point>
              </Placemark>
              <Placemark>
                <name>Telemetry 12</name>
                <styleUrl>#modifiedtelemetry</styleUrl>
                <TimeSpan>
                  <begin>2026-10-03T18:38:34.671560+00:00</begin>
                  <end>2026-10-03T18:38:35.671560+00:00</end>
                </TimeSpan>
                <Point>
                  <coordinates>-80.57795541973255,37.19650790849303,0</coordinates>
                </Point>
              </Placemark>
              <Placemark>
                <name>Telemetry 13</name>
                <styleUrl>#modifiedtelemetry</styleUrl>
                <TimeSpan>
                  <begin>2026-10-03T18:38:35.671560+00:00</begin>
                  <end>2026-10-03T18:38:36.671560+00:00</end>
                </TimeSpan>
                <Point>
                  <coordinates>-80.57779490248247,37.19643592110631,0</coordinates>
                </Point>
              </Placemark>
              <Placemark>
                <name>Telemetry 14</name>
                <styleUrl>#modifiedtelemetry</styleUrl>
                <TimeSpan>
                  <begin>2026-10-03T18:38:36.671560+00:00</begin>
                  <end>2026-10-03T18:38:37.671560+00:00</end>
                </TimeSpan>
                <Point>
                  <coordinates>-80.57771381708879,37.19639543761661,0</coordinates>
                </Point>
              </Placemark>
              <Placemark>
                <name>Telemetry 15</name>
                <styleUrl>#modifiedtelemetry</styleUrl>
                <TimeSpan>
                  <begin>2026-10-03T18:38:37.671560+00:00</begin>
                  <end>2026-10-03T18:38:38.671560+00:00</end>
                </TimeSpan>
                <Point>
                  <coordinates>-80.5776456115435,37.19635960981006,0</coordinates>
                </Point>
              </Placemark>
              <Placemark>
                <name>Telemetry 16</name>
                <styleUrl>#modifiedtelemetry</styleUrl>
                <TimeSpan>
                  <begin>2026-10-03T18:38:38.671560+00:00</begin>
                  <end>2026-10-03T18:38:39.671560+00:00</end>
                </TimeSpan>
                <Point>
                  <coordinates>-80.57757190904874,37.19632841915715,0</coordinates>
                </Point>
              </Placemark>
              <Placemark>
                <name>Telemetry 17</name>
                <styleUrl>#modifiedtelemetry</styleUrl>
                <TimeSpan>
                  <begin>2026-10-03T18:38:39.671560+00:00</begin>
                  <end>2026-10-03T18:38:40.671560+00:00</end>
                </TimeSpan>
                <Point>
                  <coordinates>-80.57751114071674,37.19631735230622,0</coordinates>
                </Point>
              </Placemark>
              <Placemark>
                <name>Telemetry 18</name>
                <styleUrl>#modifiedtelemetry</styleUrl>
                <TimeSpan>
                  <begin>2026-10-03T18:38:40.671560+00:00</begin>
                  <end>2026-10-03T18:38:41.671560+00:00</end>
                </TimeSpan>
                <Point>
                  <coordinates>-80.57742677046657,37.19631370494702,0</coordinates>
                </Point>
              </Placemark>
              <Placemark>
                <name>Telemetry 19</name>
                <styleUrl>#modifiedtelemetry</styleUrl>
                <TimeSpan>
                  <begin>2026-10-03T18:38:41.671560+00:00</begin>
                  <end>2026-10-03T18:38:42.671560+00:00</end>
                </TimeSpan>
                <Point>
                  <coordinates>-80.5773706,37.1963054,0</coordinates>
                </Point>
              </Placemark>
              <Placemark>
                <name>Telemetry 20</name>
                <styleUrl>#modifiedtelemetry</styleUrl>
                <TimeSpan>
                  <begin>2026-10-03T18:38:42.671560+00:00</begin>
                  <end>2026-10-03T18:38:43.671560+00:00</end>
                </TimeSpan>
                <Point>
                  <coordinates>-80.5771453,37.1963577,0</coordinates>
                </Point>
              </Placemark>
              <Placemark>
                <name>Telemetry 21</name>
                <styleUrl>#modifiedtelemetry</styleUrl>
                <TimeSpan>
                  <begin>2026-10-03T18:38:43.671560+00:00</begin>
                  <end>2026-10-03T18:38:44.671560+00:00</end>
                </TimeSpan>
                <Point>
                  <coordinates>-80.5771265,37.1965735,0</coordinates>
                </Point>
              </Placemark>
              <Placemark>
                <name>Telemetry 22</name>
                <styleUrl>#modifiedtelemetry</styleUrl>
                <TimeSpan>
                  <begin>2026-10-03T18:38:44.671560+00:00</begin>
                  <end>2026-10-03T18:38:45.671560+00:00</end>
                </TimeSpan>
                <Point>
                  <coordinates>-80.57744590087025,37.19665029738701,0</coordinates>
                </Point>
              </Placemark>
              <Placemark>
                <name>Telemetry 23</name>
                <styleUrl>#modifiedtelemetry</styleUrl>
                <TimeSpan>
                  <begin>2026-10-03T18:38:45.671560+00:00</begin>
                  <end>2026-10-03T18:38:46.671560+00:00</end>
                </TimeSpan>
                <Point>
                  <coordinates>-80.5776442,37.1966013,0</coordinates>
                </Point>
              </Placemark>
              <Placemark>
                <name>Telemetry 24</name>
                <styleUrl>#modifiedtelemetry</styleUrl>
                <TimeSpan>
                  <begin>2026-10-03T18:38:46.671560+00:00</begin>
                  <end>2026-10-03T18:38:47.671560+00:00</end>
                </TimeSpan>
                <Point>
                  <coordinates>-80.57776806176655,37.1964375298218,0</coordinates>
                </Point>
              </Placemark>
              <Placemark>
                <name>Telemetry 25</name>
                <styleUrl>#modifiedtelemetry</styleUrl>
                <TimeSpan>
                  <begin>2026-10-03T18:38:47.671560+00:00</begin>
                  <end>2026-10-03T18:38:48.671560+00:00</end>
                </TimeSpan>
                <Point>
                  <coordinates>-80.57784172323511,37.1962376762061,0</coordinates>
                </Point>
              </Placemark>
              <Placemark>
                <name>Telemetry 26</name>
                <styleUrl>#modifiedtelemetry</styleUrl>
                <TimeSpan>
                  <begin>2026-10-03T18:38:48.671560+00:00</begin>
                  <end>2026-10-03T18:38:49.671560+00:00</end>
                </TimeSpan>
                <Point>
                  <coordinates>-80.5777311,37.1960563,0</coordinates>
                </Point>
              </Placemark>
              <Placemark>
                <name>Telemetry 27</name>
                <styleUrl>#modifiedtelemetry</styleUrl>
                <TimeSpan>
                  <begin>2026-10-03T18:38:49.671560+00:00</begin>
                  <end>2026-10-03T18:38:50.671560+00:00</end>
                </TimeSpan>
                <Point>
                  <coordinates>-80.57739321491916,37.19605837098315,0</coordinates>
                </Point>
              </Placemark>
              <Placemark>
                <name>Telemetry 28</name>
                <styleUrl>#modifiedtelemetry</styleUrl>
                <TimeSpan>
                  <begin>2026-10-03T18:38:50.671560+00:00</begin>
                  <end>2026-10-03T18:38:51.671560+00:00</end>
                </TimeSpan>
                <Point>
                  <coordinates>-80.5771357,37.1961151,0</coordinates>
                </Point>
              </Placemark>
              <Placemark>
                <name>Telemetry 29</name>
                <styleUrl>#modifiedtelemetry</styleUrl>
                <TimeSpan>
                  <begin>2026-10-03T18:38:51.671560+00:00</begin>
                  <end>2026-10-03T18:38:52.671560+00:00</end>
                </TimeSpan>
                <Point>
                  <coordinates>-80.5769627,37.1962283,0</coordinates>
                </Point>
              </Placemark>
              <Placemark>
                <name>Telemetry 30</name>
                <styleUrl>#modifiedtelemetry</styleUrl>
                <TimeSpan>
                  <begin>2026-10-03T18:38:52.671560+00:00</begin>
                  <end>2026-10-03T18:38:53.671560+00:00</end>
                </TimeSpan>
                <Point>
                  <coordinates>-80.5769184,37.1963885,0</coordinates>
                </Point>
              </Placemark>
              <Placemark>
                <name>Telemetry 31</name>
                <styleUrl>#modifiedtelemetry</styleUrl>
                <TimeSpan>
                  <begin>2026-10-03T18:38:53.671560+00:00</begin>
                  <end>2026-10-03T18:38:54.671560+00:00</end>
                </TimeSpan>
                <Point>
                  <coordinates>-80.5767347,37.1964356,0</coordinates>
                </Point>
              </Placemark>
              <Placemark>
                <name>Telemetry 32</name>
                <styleUrl>#modifiedtelemetry</styleUrl>
                <TimeSpan>
                  <begin>2026-10-03T18:38:54.671560+00:00</begin>
                  <end>2026-10-03T18:38:55.671560+00:00</end>
                </TimeSpan>
                <Point>
                  <coordinates>-80.5766366,37.1963538,0</coordinates>
                </Point>
              </Placemark>
              <Placemark>
                <name>Telemetry 33</name>
                <styleUrl>#modifiedtelemetry</styleUrl>
                <TimeSpan>
                  <begin>2026-10-03T18:38:55.671560+00:00</begin>
                  <end>2026-10-03T18:38:56.671560+00:00</end>
                </TimeSpan>
                <Point>
                  <coordinates>-80.5766634,37.1962096,0</coordinates>
                </Point>
              </Placemark>
              <Placemark>
                <name>Telemetry 34</name>
                <styleUrl>#modifiedtelemetry</styleUrl>
                <TimeSpan>
                  <begin>2026-10-03T18:38:56.671560+00:00</begin>
                  <end>2026-10-03T18:38:57.671560+00:00</end>
                </TimeSpan>
                <Point>
                  <coordinates>-80.5767707,37.1961284,0</coordinates>
                </Point>
              </Placemark>
              <Placemark>
                <name>Telemetry 35</name>
                <styleUrl>#modifiedtelemetry</styleUrl>
                <TimeSpan>
                  <begin>2026-10-03T18:38:57.671560+00:00</begin>
                  <end>2026-10-03T18:38:58.671560+00:00</end>
                </TimeSpan>
                <Point>
                  <coordinates>-80.5768887,37.1960493,0</coordinates>
                </Point>
              </Placemark>
              <Placemark>
                <name>Telemetry 36</name>
                <styleUrl>#modifiedtelemetry</styleUrl>
                <TimeSpan>
                  <begin>2026-10-03T18:38:58.671560+00:00</begin>
                  <end>2026-10-03T18:38:59.671560+00:00</end>
                </TimeSpan>
                <Point>
                  <coordinates>-80.5770684,37.1959745,0</coordinates>
                </Point>
              </Placemark>
              <Placemark>
                <name>Telemetry 37</name>
                <styleUrl>#modifiedtelemetry</styleUrl>
                <TimeSpan>
                  <begin>2026-10-03T18:38:59.671560+00:00</begin>
                  <end>2026-10-03T18:39:00.671560+00:00</end>
                </TimeSpan>
                <Point>
                  <coordinates>-80.5771757,37.19596070000001,0</coordinates>
                </Point>
              </Placemark>
              <Placemark>
                <name>Telemetry 38</name>
                <styleUrl>#modifiedtelemetry</styleUrl>
                <TimeSpan>
                  <begin>2026-10-03T18:39:00.671560+00:00</begin>
                  <end>2026-10-03T18:39:01.671560+00:00</end>
                </TimeSpan>
                <Point>
                  <coordinates>-80.5772937,37.19598200000001,0</coordinates>
                </Point>
              </Placemark>
              <Placemark>
                <name>Telemetry 39</name>
                <styleUrl>#modifiedtelemetry</styleUrl>
                <TimeSpan>
                  <begin>2026-10-03T18:39:01.671560+00:00</begin>
                  <end>2026-10-03T18:39:02.671560+00:00</end>
                </TimeSpan>
                <Point>
                  <coordinates>-80.5773326,37.1960942,0</coordinates>
                </Point>
              </Placemark>
              <Placemark>
                <name>Telemetry 40</name>
                <styleUrl>#modifiedtelemetry</styleUrl>
                <TimeSpan>
                  <begin>2026-10-03T18:39:02.671560+00:00</begin>
                  <end>2026-10-03T18:39:03.671560+00:00</end>
                </TimeSpan>
                <Point>
                  <coordinates>-80.577283,37.19619780000001,0</coordinates>
                </Point>
              </Placemark>
              <Placemark>
                <name>Telemetry 41</name>
                <styleUrl>#modifiedtelemetry</styleUrl>
                <TimeSpan>
                  <begin>2026-10-03T18:39:03.671560+00:00</begin>
                  <end>2026-10-03T18:39:04.671560+00:00</end>
                </TimeSpan>
                <Point>
                  <coordinates>-80.5772602,37.1963495,0</coordinates>
                </Point>
              </Placemark>
              <Placemark>
                <name>Telemetry 42</name>
                <styleUrl>#modifiedtelemetry</styleUrl>
                <TimeSpan>
                  <begin>2026-10-03T18:39:04.671560+00:00</begin>
                  <end>2026-10-03T18:39:05.671560+00:00</end>
                </TimeSpan>
                <Point>
                  <coordinates>-80.5772817,37.1964692,0</coordinates>
                </Point>
              </Placemark>
              <Placemark>
                <name>Telemetry 43</name>
                <styleUrl>#modifiedtelemetry</styleUrl>
                <TimeSpan>
                  <begin>2026-10-03T18:39:05.671560+00:00</begin>
                  <end>2026-10-03T18:39:06.671560+00:00</end>
                </TimeSpan>
                <Point>
                  <coordinates>-80.5773863,37.1965546,0</coordinates>
                </Point>
              </Placemark>
              <Placemark>
                <name>Telemetry 44</name>
                <styleUrl>#modifiedtelemetry</styleUrl>
                <TimeSpan>
                  <begin>2026-10-03T18:39:06.671560+00:00</begin>
                  <end>2026-10-03T18:39:07.671560+00:00</end>
                </TimeSpan>
                <Point>
                  <coordinates>-80.5775406,37.1965589,0</coordinates>
                </Point>
              </Placemark>
              <Placemark>
                <name>Telemetry 45</name>
                <styleUrl>#modifiedtelemetry</styleUrl>
                <TimeSpan>
                  <begin>2026-10-03T18:39:07.671560+00:00</begin>
                  <end>2026-10-03T18:39:08.671560+00:00</end>
                </TimeSpan>
                <Point>
                  <coordinates>-80.57763850000002,37.1965782,0</coordinates>
                </Point>
              </Placemark>
              <Placemark>
                <name>Telemetry 46</name>
                <styleUrl>#modifiedtelemetry</styleUrl>
                <TimeSpan>
                  <begin>2026-10-03T18:39:08.671560+00:00</begin>
                  <end>2026-10-03T18:39:09.671560+00:00</end>
                </TimeSpan>
                <Point>
                  <coordinates>-80.57763850000002,37.1966679,0</coordinates>
                </Point>
              </Placemark>
              <Placemark>
                <name>Telemetry 47</name>
                <styleUrl>#modifiedtelemetry</styleUrl>
                <TimeSpan>
                  <begin>2026-10-03T18:39:09.671560+00:00</begin>
                  <end>2026-10-03T18:39:10.671560+00:00</end>
                </TimeSpan>
                <Point>
                  <coordinates>-80.5775473,37.1967074,0</coordinates>
                </Point>
              </Placemark>
              <Placemark>
                <name>Telemetry 48</name>
                <styleUrl>#modifiedtelemetry</styleUrl>
                <TimeSpan>
                  <begin>2026-10-03T18:39:10.671560+00:00</begin>
                  <end>2026-10-03T18:39:11.671560+00:00</end>
                </TimeSpan>
                <Point>
                  <coordinates>-80.5773823,37.1966967,0</coordinates>
                </Point>
              </Placemark>
              <Placemark>
                <name>Telemetry 49</name>
                <styleUrl>#modifiedtelemetry</styleUrl>
                <TimeSpan>
                  <begin>2026-10-03T18:39:11.671560+00:00</begin>
                  <end>2026-10-03T18:39:12.671560+00:00</end>
                </TimeSpan>
                <Point>
                  <coordinates>-80.5773421,37.1966241,0</coordinates>
                </Point>
              </Placemark>
              <Placemark>
                <name>Telemetry 50</name>
                <styleUrl>#modifiedtelemetry</styleUrl>
                <TimeSpan>
                  <begin>2026-10-03T18:39:12.671560+00:00</begin>
                  <end>2026-10-03T18:39:13.671560+00:00</end>
                </TimeSpan>
                <Point>
                  <coordinates>-80.5773005,37.196528,0</coordinates>
                </Point>
              </Placemark>
              <Placemark>
                <name>Telemetry 51</name>
                <styleUrl>#modifiedtelemetry</styleUrl>
                <TimeSpan>
                  <begin>2026-10-03T18:39:13.671560+00:00</begin>
                  <end>2026-10-03T18:39:14.671560+00:00</end>
                </TimeSpan>
                <Point>
                  <coordinates>-80.5771557,37.1965055,0</coordinates>
                </Point>
              </Placemark>
              <Placemark>
                <name>Telemetry 52</name>
                <styleUrl>#modifiedtelemetry</styleUrl>
                <TimeSpan>
                  <begin>2026-10-03T18:39:14.671560+00:00</begin>
                  <end>2026-10-03T18:39:15.671560+00:00</end>
                </TimeSpan>
                <Point>
                  <coordinates>-80.5770457,37.19654400000001,0</coordinates>
                </Point>
              </Placemark>
              <Placemark>
                <name>Telemetry 53</name>
                <styleUrl>#modifiedtelemetry</styleUrl>
                <TimeSpan>
                  <begin>2026-10-03T18:39:15.671560+00:00</begin>
                  <end>2026-10-03T18:39:16.671560+00:00</end>
                </TimeSpan>
                <Point>
                  <coordinates>-80.5768834,37.19654500000001,0</coordinates>
                </Point>
              </Placemark>
              <Placemark>
                <name>Telemetry 54</name>
                <styleUrl>#modifiedtelemetry</styleUrl>
                <TimeSpan>
                  <begin>2026-10-03T18:39:16.671560+00:00</begin>
                  <end>2026-10-03T18:39:17.671560+00:00</end>
                </TimeSpan>
                <Point>
                  <coordinates>-80.5767869,37.1964831,0</coordinates>
                </Point>
              </Placemark>
              <Placemark>
                <name>Telemetry 55</name>
                <styleUrl>#modifiedtelemetry</styleUrl>
                <TimeSpan>
                  <begin>2026-10-03T18:39:17.671560+00:00</begin>
                  <end>2026-10-03T18:39:18.671560+00:00</end>
                </TimeSpan>
                <Point>
                  <coordinates>-80.5767547,37.1964083,0</coordinates>
                </Point>
              </Placemark>
              <Placemark>
                <name>Telemetry 56</name>
                <styleUrl>#modifiedtelemetry</styleUrl>
                <TimeSpan>
                  <begin>2026-10-03T18:39:18.671560+00:00</begin>
                  <end>2026-10-03T18:39:19.671560+00:00</end>
                </TimeSpan>
                <Point>
                  <coordinates>-80.5767587,37.1963228,0</coordinates>
                </Point>
              </Placemark>
              <Placemark>
                <name>Telemetry 57</name>
                <styleUrl>#modifiedtelemetry</styleUrl>
                <TimeSpan>
                  <begin>2026-10-03T18:39:19.671560+00:00</begin>
                  <end>2026-10-03T18:39:20.671560+00:00</end>
                </TimeSpan>
                <Point>
                  <coordinates>-80.5767587,37.1961893,0</coordinates>
                </Point>
              </Placemark>
              <Placemark>
                <name>Telemetry 58</name>
                <styleUrl>#modifiedtelemetry</styleUrl>
                <TimeSpan>
                  <begin>2026-10-03T18:39:20.671560+00:00</begin>
                  <end>2026-10-03T18:39:21.671560+00:00</end>
                </TimeSpan>
                <Point>
                  <coordinates>-80.5766836,37.1961348,0</coordinates>
                </Point>
              </Placemark>
              <Placemark>
                <name>Telemetry 59</name>
                <styleUrl>#modifiedtelemetry</styleUrl>
                <TimeSpan>
                  <begin>2026-10-03T18:39:21.671560+00:00</begin>
                  <end>2026-10-03T18:39:22.671560+00:00</end>
                </TimeSpan>
                <Point>
                  <coordinates>-80.5766836,37.1960205,0</coordinates>
                </Point>
              </Placemark>
              <Placemark>
                <name>Telemetry 60</name>
                <styleUrl>#modifiedtelemetry</styleUrl>
                <TimeSpan>
                  <begin>2026-10-03T18:39:22.671560+00:00</begin>
                  <end>2026-10-03T18:39:23.671560+00:00</end>
                </TimeSpan>
                <Point>
                  <coordinates>-80.5767896,37.1960077,0</coordinates>
                </Point>
              </Placemark>
              <Placemark>
                <name>Telemetry 61</name>
                <styleUrl>#modifiedtelemetry</styleUrl>
                <TimeSpan>
                  <begin>2026-10-03T18:39:23.671560+00:00</begin>
                  <end>2026-10-03T18:39:24.671560+00:00</end>
                </TimeSpan>
                <Point>
                  <coordinates>-80.5769277,37.1959671,0</coordinates>
                </Point>
              </Placemark>
              <Placemark>
                <name>Telemetry 62</name>
                <styleUrl>#modifiedtelemetry</styleUrl>
                <TimeSpan>
                  <begin>2026-10-03T18:39:24.671560+00:00</begin>
                  <end>2026-10-03T18:39:25.671560+00:00</end>
                </TimeSpan>
                <Point>
                  <coordinates>-80.5770806,37.1959051,0</coordinates>
                </Point>
              </Placemark>
              <Placemark>
                <name>Telemetry 63</name>
                <styleUrl>#modifiedtelemetry</styleUrl>
                <TimeSpan>
                  <begin>2026-10-03T18:39:25.671560+00:00</begin>
                  <end>2026-10-03T18:39:26.671560+00:00</end>
                </TimeSpan>
                <Point>
                  <coordinates>-80.5771999,37.195896600000005,0</coordinates>
                </Point>
              </Placemark>
            </Folder>
          </Folder>
        </Folder>
        <Folder>
          <name>Service Provider polling</name>
        </Folder>
        <Folder>
          <name>Service Provider polling</name>
        </Folder>
        <Folder>
          <name>Service Provider polling</name>
        </Folder>
        <Folder>
          <name>Service Provider polling</name>
        </Folder>
        <Folder>
          <name>Service Provider polling</name>
        </Folder>
        <Folder>
          <name>Verify operator notification</name>
        </Folder>
        <Folder>
          <name>Intermediate cleanup</name>
        </Folder>
      </Folder>
      <Folder>
        <name/>
        <Folder>
          <name>Cleanup</name>
        </Folder>
      </Folder>
    </Folder>
  </Document>
</kml>
